{
  "backtraceGraph" : 
  {
    "commands" : 
    [
      "add_test",
      "include"
    ],
    "files" : 
    [
      "J:/Code/Kernel_v2/CMakeLists.txt",
      "J:/Code/Kernel_v2/build/b4-release/D0.03Tests.cmake",
      "J:/Code/Kernel_v2/build/b4-release/G0Tests.cmake",
      "J:/Code/Kernel_v2/tests/conformance/executor/CMakeLists.txt",
      "J:/Code/Kernel_v2/tests/contract/executor/CMakeLists.txt",
      "J:/Code/Kernel_v2/tests/unit/scheduler/CMakeLists.txt",
      "J:/Code/Kernel_v2/tests/contract/resources/CMakeLists.txt",
      "J:/Code/Kernel_v2/tests/integration/windows_ipc/CMakeLists.txt",
      "J:/Code/Kernel_v2/tests/integration/cli/CMakeLists.txt",
      "J:/Code/Kernel_v2/tests/unit/data/CMakeLists.txt"
    ],
    "nodes" : 
    [
      {
        "file" : 0
      },
      {
        "command" : 0,
        "file" : 0,
        "line" : 86,
        "parent" : 0
      },
      {
        "file" : 0
      },
      {
        "command" : 0,
        "file" : 0,
        "line" : 119,
        "parent" : 2
      },
      {
        "file" : 0
      },
      {
        "command" : 0,
        "file" : 0,
        "line" : 122,
        "parent" : 4
      },
      {
        "file" : 0
      },
      {
        "command" : 0,
        "file" : 0,
        "line" : 125,
        "parent" : 6
      },
      {
        "file" : 0
      },
      {
        "command" : 1,
        "file" : 0,
        "line" : 135,
        "parent" : 8
      },
      {
        "file" : 1,
        "parent" : 9
      },
      {
        "command" : 0,
        "file" : 1,
        "line" : 21,
        "parent" : 10
      },
      {
        "file" : 0
      },
      {
        "command" : 1,
        "file" : 0,
        "line" : 135,
        "parent" : 12
      },
      {
        "file" : 1,
        "parent" : 13
      },
      {
        "command" : 0,
        "file" : 1,
        "line" : 23,
        "parent" : 14
      },
      {
        "file" : 0
      },
      {
        "command" : 1,
        "file" : 0,
        "line" : 135,
        "parent" : 16
      },
      {
        "file" : 1,
        "parent" : 17
      },
      {
        "command" : 0,
        "file" : 1,
        "line" : 27,
        "parent" : 18
      },
      {
        "file" : 0
      },
      {
        "command" : 1,
        "file" : 0,
        "line" : 135,
        "parent" : 20
      },
      {
        "file" : 1,
        "parent" : 21
      },
      {
        "command" : 0,
        "file" : 1,
        "line" : 29,
        "parent" : 22
      },
      {
        "file" : 0
      },
      {
        "command" : 1,
        "file" : 0,
        "line" : 135,
        "parent" : 24
      },
      {
        "file" : 1,
        "parent" : 25
      },
      {
        "command" : 0,
        "file" : 1,
        "line" : 31,
        "parent" : 26
      },
      {
        "file" : 0
      },
      {
        "command" : 1,
        "file" : 0,
        "line" : 135,
        "parent" : 28
      },
      {
        "file" : 1,
        "parent" : 29
      },
      {
        "command" : 0,
        "file" : 1,
        "line" : 33,
        "parent" : 30
      },
      {
        "file" : 0
      },
      {
        "command" : 1,
        "file" : 0,
        "line" : 135,
        "parent" : 32
      },
      {
        "file" : 1,
        "parent" : 33
      },
      {
        "command" : 0,
        "file" : 1,
        "line" : 37,
        "parent" : 34
      },
      {
        "file" : 0
      },
      {
        "command" : 1,
        "file" : 0,
        "line" : 135,
        "parent" : 36
      },
      {
        "file" : 1,
        "parent" : 37
      },
      {
        "command" : 0,
        "file" : 1,
        "line" : 41,
        "parent" : 38
      },
      {
        "file" : 0
      },
      {
        "command" : 1,
        "file" : 0,
        "line" : 135,
        "parent" : 40
      },
      {
        "file" : 1,
        "parent" : 41
      },
      {
        "command" : 0,
        "file" : 1,
        "line" : 45,
        "parent" : 42
      },
      {
        "file" : 0
      },
      {
        "command" : 1,
        "file" : 0,
        "line" : 135,
        "parent" : 44
      },
      {
        "file" : 1,
        "parent" : 45
      },
      {
        "command" : 0,
        "file" : 1,
        "line" : 53,
        "parent" : 46
      },
      {
        "file" : 0
      },
      {
        "command" : 1,
        "file" : 0,
        "line" : 135,
        "parent" : 48
      },
      {
        "file" : 1,
        "parent" : 49
      },
      {
        "command" : 0,
        "file" : 1,
        "line" : 63,
        "parent" : 50
      },
      {
        "file" : 0
      },
      {
        "command" : 1,
        "file" : 0,
        "line" : 135,
        "parent" : 52
      },
      {
        "file" : 1,
        "parent" : 53
      },
      {
        "command" : 0,
        "file" : 1,
        "line" : 77,
        "parent" : 54
      },
      {
        "file" : 0
      },
      {
        "command" : 1,
        "file" : 0,
        "line" : 135,
        "parent" : 56
      },
      {
        "file" : 1,
        "parent" : 57
      },
      {
        "command" : 0,
        "file" : 1,
        "line" : 79,
        "parent" : 58
      },
      {
        "file" : 0
      },
      {
        "command" : 1,
        "file" : 0,
        "line" : 155,
        "parent" : 60
      },
      {
        "file" : 2,
        "parent" : 61
      },
      {
        "command" : 0,
        "file" : 2,
        "line" : 1,
        "parent" : 62
      },
      {
        "file" : 0
      },
      {
        "command" : 1,
        "file" : 0,
        "line" : 155,
        "parent" : 64
      },
      {
        "file" : 2,
        "parent" : 65
      },
      {
        "command" : 0,
        "file" : 2,
        "line" : 3,
        "parent" : 66
      },
      {
        "file" : 0
      },
      {
        "command" : 1,
        "file" : 0,
        "line" : 155,
        "parent" : 68
      },
      {
        "file" : 2,
        "parent" : 69
      },
      {
        "command" : 0,
        "file" : 2,
        "line" : 5,
        "parent" : 70
      },
      {
        "file" : 0
      },
      {
        "command" : 1,
        "file" : 0,
        "line" : 155,
        "parent" : 72
      },
      {
        "file" : 2,
        "parent" : 73
      },
      {
        "command" : 0,
        "file" : 2,
        "line" : 7,
        "parent" : 74
      },
      {
        "file" : 0
      },
      {
        "command" : 1,
        "file" : 0,
        "line" : 155,
        "parent" : 76
      },
      {
        "file" : 2,
        "parent" : 77
      },
      {
        "command" : 0,
        "file" : 2,
        "line" : 37,
        "parent" : 78
      },
      {
        "file" : 0
      },
      {
        "command" : 1,
        "file" : 0,
        "line" : 155,
        "parent" : 80
      },
      {
        "file" : 2,
        "parent" : 81
      },
      {
        "command" : 0,
        "file" : 2,
        "line" : 53,
        "parent" : 82
      },
      {
        "file" : 3
      },
      {
        "command" : 0,
        "file" : 3,
        "line" : 7,
        "parent" : 84
      },
      {
        "file" : 3
      },
      {
        "command" : 0,
        "file" : 3,
        "line" : 11,
        "parent" : 86
      },
      {
        "file" : 3
      },
      {
        "command" : 0,
        "file" : 3,
        "line" : 11,
        "parent" : 88
      },
      {
        "file" : 3
      },
      {
        "command" : 0,
        "file" : 3,
        "line" : 11,
        "parent" : 90
      },
      {
        "file" : 3
      },
      {
        "command" : 0,
        "file" : 3,
        "line" : 11,
        "parent" : 92
      },
      {
        "file" : 3
      },
      {
        "command" : 0,
        "file" : 3,
        "line" : 11,
        "parent" : 94
      },
      {
        "file" : 3
      },
      {
        "command" : 0,
        "file" : 3,
        "line" : 11,
        "parent" : 96
      },
      {
        "file" : 3
      },
      {
        "command" : 0,
        "file" : 3,
        "line" : 11,
        "parent" : 98
      },
      {
        "file" : 3
      },
      {
        "command" : 0,
        "file" : 3,
        "line" : 11,
        "parent" : 100
      },
      {
        "file" : 3
      },
      {
        "command" : 0,
        "file" : 3,
        "line" : 11,
        "parent" : 102
      },
      {
        "file" : 3
      },
      {
        "command" : 0,
        "file" : 3,
        "line" : 11,
        "parent" : 104
      },
      {
        "file" : 3
      },
      {
        "command" : 0,
        "file" : 3,
        "line" : 11,
        "parent" : 106
      },
      {
        "file" : 3
      },
      {
        "command" : 0,
        "file" : 3,
        "line" : 11,
        "parent" : 108
      },
      {
        "file" : 3
      },
      {
        "command" : 0,
        "file" : 3,
        "line" : 11,
        "parent" : 110
      },
      {
        "file" : 3
      },
      {
        "command" : 0,
        "file" : 3,
        "line" : 11,
        "parent" : 112
      },
      {
        "file" : 3
      },
      {
        "command" : 0,
        "file" : 3,
        "line" : 11,
        "parent" : 114
      },
      {
        "file" : 3
      },
      {
        "command" : 0,
        "file" : 3,
        "line" : 11,
        "parent" : 116
      },
      {
        "file" : 3
      },
      {
        "command" : 0,
        "file" : 3,
        "line" : 11,
        "parent" : 118
      },
      {
        "file" : 3
      },
      {
        "command" : 0,
        "file" : 3,
        "line" : 11,
        "parent" : 120
      },
      {
        "file" : 3
      },
      {
        "command" : 0,
        "file" : 3,
        "line" : 11,
        "parent" : 122
      },
      {
        "file" : 3
      },
      {
        "command" : 0,
        "file" : 3,
        "line" : 11,
        "parent" : 124
      },
      {
        "file" : 3
      },
      {
        "command" : 0,
        "file" : 3,
        "line" : 11,
        "parent" : 126
      },
      {
        "file" : 3
      },
      {
        "command" : 0,
        "file" : 3,
        "line" : 16,
        "parent" : 128
      },
      {
        "file" : 3
      },
      {
        "command" : 0,
        "file" : 3,
        "line" : 16,
        "parent" : 130
      },
      {
        "file" : 3
      },
      {
        "command" : 0,
        "file" : 3,
        "line" : 16,
        "parent" : 132
      },
      {
        "file" : 3
      },
      {
        "command" : 0,
        "file" : 3,
        "line" : 16,
        "parent" : 134
      },
      {
        "file" : 4
      },
      {
        "command" : 0,
        "file" : 4,
        "line" : 5,
        "parent" : 136
      },
      {
        "file" : 4
      },
      {
        "command" : 0,
        "file" : 4,
        "line" : 5,
        "parent" : 138
      },
      {
        "file" : 4
      },
      {
        "command" : 0,
        "file" : 4,
        "line" : 5,
        "parent" : 140
      },
      {
        "file" : 4
      },
      {
        "command" : 0,
        "file" : 4,
        "line" : 10,
        "parent" : 142
      },
      {
        "file" : 5
      },
      {
        "command" : 0,
        "file" : 5,
        "line" : 5,
        "parent" : 144
      },
      {
        "file" : 5
      },
      {
        "command" : 0,
        "file" : 5,
        "line" : 5,
        "parent" : 146
      },
      {
        "file" : 5
      },
      {
        "command" : 0,
        "file" : 5,
        "line" : 5,
        "parent" : 148
      },
      {
        "file" : 5
      },
      {
        "command" : 0,
        "file" : 5,
        "line" : 5,
        "parent" : 150
      },
      {
        "file" : 5
      },
      {
        "command" : 0,
        "file" : 5,
        "line" : 5,
        "parent" : 152
      },
      {
        "file" : 5
      },
      {
        "command" : 0,
        "file" : 5,
        "line" : 5,
        "parent" : 154
      },
      {
        "file" : 6
      },
      {
        "command" : 0,
        "file" : 6,
        "line" : 5,
        "parent" : 156
      },
      {
        "file" : 6
      },
      {
        "command" : 0,
        "file" : 6,
        "line" : 5,
        "parent" : 158
      },
      {
        "file" : 6
      },
      {
        "command" : 0,
        "file" : 6,
        "line" : 5,
        "parent" : 160
      },
      {
        "file" : 6
      },
      {
        "command" : 0,
        "file" : 6,
        "line" : 5,
        "parent" : 162
      },
      {
        "file" : 6
      },
      {
        "command" : 0,
        "file" : 6,
        "line" : 5,
        "parent" : 164
      },
      {
        "file" : 6
      },
      {
        "command" : 0,
        "file" : 6,
        "line" : 5,
        "parent" : 166
      },
      {
        "file" : 6
      },
      {
        "command" : 0,
        "file" : 6,
        "line" : 5,
        "parent" : 168
      },
      {
        "file" : 6
      },
      {
        "command" : 0,
        "file" : 6,
        "line" : 5,
        "parent" : 170
      },
      {
        "file" : 6
      },
      {
        "command" : 0,
        "file" : 6,
        "line" : 5,
        "parent" : 172
      },
      {
        "file" : 6
      },
      {
        "command" : 0,
        "file" : 6,
        "line" : 5,
        "parent" : 174
      },
      {
        "file" : 6
      },
      {
        "command" : 0,
        "file" : 6,
        "line" : 5,
        "parent" : 176
      },
      {
        "file" : 6
      },
      {
        "command" : 0,
        "file" : 6,
        "line" : 5,
        "parent" : 178
      },
      {
        "file" : 6
      },
      {
        "command" : 0,
        "file" : 6,
        "line" : 5,
        "parent" : 180
      },
      {
        "file" : 6
      },
      {
        "command" : 0,
        "file" : 6,
        "line" : 5,
        "parent" : 182
      },
      {
        "file" : 6
      },
      {
        "command" : 0,
        "file" : 6,
        "line" : 5,
        "parent" : 184
      },
      {
        "file" : 6
      },
      {
        "command" : 0,
        "file" : 6,
        "line" : 5,
        "parent" : 186
      },
      {
        "file" : 6
      },
      {
        "command" : 0,
        "file" : 6,
        "line" : 5,
        "parent" : 188
      },
      {
        "file" : 6
      },
      {
        "command" : 0,
        "file" : 6,
        "line" : 8,
        "parent" : 190
      },
      {
        "file" : 7
      },
      {
        "command" : 0,
        "file" : 7,
        "line" : 3,
        "parent" : 192
      },
      {
        "file" : 7
      },
      {
        "command" : 0,
        "file" : 7,
        "line" : 8,
        "parent" : 194
      },
      {
        "file" : 7
      },
      {
        "command" : 0,
        "file" : 7,
        "line" : 12,
        "parent" : 196
      },
      {
        "file" : 8
      },
      {
        "command" : 0,
        "file" : 8,
        "line" : 3,
        "parent" : 198
      },
      {
        "file" : 8
      },
      {
        "command" : 0,
        "file" : 8,
        "line" : 5,
        "parent" : 200
      },
      {
        "file" : 8
      },
      {
        "command" : 0,
        "file" : 8,
        "line" : 7,
        "parent" : 202
      },
      {
        "file" : 8
      },
      {
        "command" : 0,
        "file" : 8,
        "line" : 9,
        "parent" : 204
      },
      {
        "file" : 8
      },
      {
        "command" : 0,
        "file" : 8,
        "line" : 11,
        "parent" : 206
      },
      {
        "file" : 8
      },
      {
        "command" : 0,
        "file" : 8,
        "line" : 22,
        "parent" : 208
      },
      {
        "file" : 8
      },
      {
        "command" : 0,
        "file" : 8,
        "line" : 22,
        "parent" : 210
      },
      {
        "file" : 8
      },
      {
        "command" : 0,
        "file" : 8,
        "line" : 22,
        "parent" : 212
      },
      {
        "file" : 9
      },
      {
        "command" : 0,
        "file" : 9,
        "line" : 75,
        "parent" : 214
      },
      {
        "file" : 9
      },
      {
        "command" : 0,
        "file" : 9,
        "line" : 78,
        "parent" : 216
      },
      {
        "file" : 9
      },
      {
        "command" : 0,
        "file" : 9,
        "line" : 82,
        "parent" : 218
      },
      {
        "file" : 9
      },
      {
        "command" : 0,
        "file" : 9,
        "line" : 85,
        "parent" : 220
      },
      {
        "file" : 9
      },
      {
        "command" : 0,
        "file" : 9,
        "line" : 89,
        "parent" : 222
      },
      {
        "file" : 9
      },
      {
        "command" : 0,
        "file" : 9,
        "line" : 93,
        "parent" : 224
      },
      {
        "file" : 9
      },
      {
        "command" : 0,
        "file" : 9,
        "line" : 102,
        "parent" : 226
      },
      {
        "file" : 9
      },
      {
        "command" : 0,
        "file" : 9,
        "line" : 108,
        "parent" : 228
      }
    ]
  },
  "kind" : "ctestInfo",
  "tests" : 
  [
    {
      "backtrace" : 1,
      "command" : 
      [
        "J:/Code/Kernel_v2/build/runtime/python311/python.exe",
        "-X",
        "utf8",
        "-m",
        "unittest",
        "tests.architecture.test_architecture",
        "tests.architecture.test_b2_sdk",
        "tests.architecture.test_native_sdk",
        "tests.architecture.test_b4_sdk",
        "-v"
      ],
      "config" : "Release",
      "name" : "T01.b4.architecture_guards",
      "properties" : 
      [
        {
          "name" : "ENVIRONMENT",
          "value" : 
          [
            "MSBUILDDISABLENODEREUSE=1"
          ]
        },
        {
          "name" : "LABELS",
          "value" : 
          [
            "B4"
          ]
        },
        {
          "name" : "TIMEOUT",
          "value" : 90.0
        },
        {
          "name" : "WORKING_DIRECTORY",
          "value" : "J:/Code/Kernel_v2"
        }
      ]
    },
    {
      "backtrace" : 3,
      "command" : 
      [
        "J:/Code/Kernel_v2/build/b4-release/Release/ock_sdk_metadata_probe.exe"
      ],
      "config" : "Release",
      "name" : "T24.sdk.version_header",
      "properties" : 
      [
        {
          "name" : "ENVIRONMENT",
          "value" : 
          [
            "MSBUILDDISABLENODEREUSE=1"
          ]
        },
        {
          "name" : "ENVIRONMENT_MODIFICATION",
          "value" : 
          [
            "PATH=path_list_prepend:J:/Code/Kernel_v2/build/msvc-validation/e8697b7e3597a578/bin"
          ]
        },
        {
          "name" : "LABELS",
          "value" : 
          [
            "D0.02"
          ]
        },
        {
          "name" : "WORKING_DIRECTORY",
          "value" : "J:/Code/Kernel_v2/build/b4-release"
        }
      ]
    },
    {
      "backtrace" : 5,
      "command" : 
      [
        "J:/Code/Kernel_v2/build/runtime/python311/python.exe",
        "-X",
        "utf8",
        "J:/Code/Kernel_v2/tools/architecture/check.py",
        "--graph",
        "J:/Code/Kernel_v2/build/b4-release/ock-target-graph.json"
      ],
      "config" : "Release",
      "name" : "T01.architecture.dependency_dag",
      "properties" : 
      [
        {
          "name" : "ENVIRONMENT",
          "value" : 
          [
            "MSBUILDDISABLENODEREUSE=1"
          ]
        },
        {
          "name" : "LABELS",
          "value" : 
          [
            "D0.02"
          ]
        },
        {
          "name" : "WORKING_DIRECTORY",
          "value" : "J:/Code/Kernel_v2/build/b4-release"
        }
      ]
    },
    {
      "backtrace" : 7,
      "command" : 
      [
        "J:/Code/Kernel_v2/build/runtime/python311/python.exe",
        "-X",
        "utf8",
        "J:/Code/Kernel_v2/tests/install_consumer/verify_baseline.py",
        "--build",
        "J:/Code/Kernel_v2/build/b4-release",
        "--config",
        "Release"
      ],
      "config" : "Release",
      "name" : "T24.sdk.install_and_missing_components",
      "properties" : 
      [
        {
          "name" : "ENVIRONMENT",
          "value" : 
          [
            "MSBUILDDISABLENODEREUSE=1"
          ]
        },
        {
          "name" : "LABELS",
          "value" : 
          [
            "D0.02"
          ]
        },
        {
          "name" : "TIMEOUT",
          "value" : 180.0
        },
        {
          "name" : "WORKING_DIRECTORY",
          "value" : "J:/Code/Kernel_v2/build/b4-release"
        }
      ]
    },
    {
      "backtrace" : 11,
      "command" : 
      [
        "J:/Code/Kernel_v2/build/runtime/python311/python.exe",
        "-X",
        "utf8",
        "J:/Code/Kernel_v2/tools/testing/model_cases.py",
        "--case",
        "test_execution_model.ExecutionContracts.test_T06_execution_executor_rejection"
      ],
      "config" : "Release",
      "name" : "T06.execution.executor_rejection",
      "properties" : 
      [
        {
          "name" : "ENVIRONMENT",
          "value" : 
          [
            "MSBUILDDISABLENODEREUSE=1"
          ]
        },
        {
          "name" : "LABELS",
          "value" : 
          [
            "D0.03"
          ]
        },
        {
          "name" : "TIMEOUT",
          "value" : 30.0
        },
        {
          "name" : "WORKING_DIRECTORY",
          "value" : "J:/Code/Kernel_v2/build/b4-release"
        }
      ]
    },
    {
      "backtrace" : 15,
      "command" : 
      [
        "J:/Code/Kernel_v2/build/runtime/python311/python.exe",
        "-X",
        "utf8",
        "J:/Code/Kernel_v2/tools/testing/model_cases.py",
        "--case",
        "test_execution_model.ExecutionContracts.test_T06_execution_duplicate_callback"
      ],
      "config" : "Release",
      "name" : "T06.execution.duplicate_callback",
      "properties" : 
      [
        {
          "name" : "ENVIRONMENT",
          "value" : 
          [
            "MSBUILDDISABLENODEREUSE=1"
          ]
        },
        {
          "name" : "LABELS",
          "value" : 
          [
            "D0.03"
          ]
        },
        {
          "name" : "TIMEOUT",
          "value" : 30.0
        },
        {
          "name" : "WORKING_DIRECTORY",
          "value" : "J:/Code/Kernel_v2/build/b4-release"
        }
      ]
    },
    {
      "backtrace" : 19,
      "command" : 
      [
        "J:/Code/Kernel_v2/build/runtime/python311/python.exe",
        "-X",
        "utf8",
        "J:/Code/Kernel_v2/tools/testing/model_cases.py",
        "--case",
        "test_execution_model.ExecutionContracts.test_T06_execution_suspended_owner"
      ],
      "config" : "Release",
      "name" : "T06.execution.suspended_owner",
      "properties" : 
      [
        {
          "name" : "ENVIRONMENT",
          "value" : 
          [
            "MSBUILDDISABLENODEREUSE=1"
          ]
        },
        {
          "name" : "LABELS",
          "value" : 
          [
            "D0.03"
          ]
        },
        {
          "name" : "TIMEOUT",
          "value" : 30.0
        },
        {
          "name" : "WORKING_DIRECTORY",
          "value" : "J:/Code/Kernel_v2/build/b4-release"
        }
      ]
    },
    {
      "backtrace" : 23,
      "command" : 
      [
        "J:/Code/Kernel_v2/build/runtime/python311/python.exe",
        "-X",
        "utf8",
        "J:/Code/Kernel_v2/tools/testing/model_cases.py",
        "--case",
        "test_execution_model.ExecutionContracts.test_T12_execution_required_record_failure"
      ],
      "config" : "Release",
      "name" : "T12.execution.required_record_failure",
      "properties" : 
      [
        {
          "name" : "ENVIRONMENT",
          "value" : 
          [
            "MSBUILDDISABLENODEREUSE=1"
          ]
        },
        {
          "name" : "LABELS",
          "value" : 
          [
            "D0.03"
          ]
        },
        {
          "name" : "TIMEOUT",
          "value" : 30.0
        },
        {
          "name" : "WORKING_DIRECTORY",
          "value" : "J:/Code/Kernel_v2/build/b4-release"
        }
      ]
    },
    {
      "backtrace" : 27,
      "command" : 
      [
        "J:/Code/Kernel_v2/build/runtime/python311/python.exe",
        "-X",
        "utf8",
        "J:/Code/Kernel_v2/tools/testing/model_cases.py",
        "--case",
        "test_execution_model.ExecutionContracts.test_T12_execution_isolation_lifetime"
      ],
      "config" : "Release",
      "name" : "T12.execution.isolation_lifetime",
      "properties" : 
      [
        {
          "name" : "ENVIRONMENT",
          "value" : 
          [
            "MSBUILDDISABLENODEREUSE=1"
          ]
        },
        {
          "name" : "LABELS",
          "value" : 
          [
            "D0.03"
          ]
        },
        {
          "name" : "TIMEOUT",
          "value" : 30.0
        },
        {
          "name" : "WORKING_DIRECTORY",
          "value" : "J:/Code/Kernel_v2/build/b4-release"
        }
      ]
    },
    {
      "backtrace" : 31,
      "command" : 
      [
        "J:/Code/Kernel_v2/build/runtime/python311/python.exe",
        "-X",
        "utf8",
        "J:/Code/Kernel_v2/tools/testing/model_cases.py",
        "--case",
        "test_execution_model.ExecutionContracts.test_T06_execution_necessary_children"
      ],
      "config" : "Release",
      "name" : "T06.execution.necessary_children",
      "properties" : 
      [
        {
          "name" : "ENVIRONMENT",
          "value" : 
          [
            "MSBUILDDISABLENODEREUSE=1"
          ]
        },
        {
          "name" : "LABELS",
          "value" : 
          [
            "D0.03"
          ]
        },
        {
          "name" : "TIMEOUT",
          "value" : 30.0
        },
        {
          "name" : "WORKING_DIRECTORY",
          "value" : "J:/Code/Kernel_v2/build/b4-release"
        }
      ]
    },
    {
      "backtrace" : 35,
      "command" : 
      [
        "J:/Code/Kernel_v2/build/runtime/python311/python.exe",
        "-X",
        "utf8",
        "J:/Code/Kernel_v2/tools/testing/model_cases.py",
        "--case",
        "test_execution_model.ExecutionContracts.test_T06_execution_cancel_keeps_facts"
      ],
      "config" : "Release",
      "name" : "T06.execution.cancel_keeps_facts",
      "properties" : 
      [
        {
          "name" : "ENVIRONMENT",
          "value" : 
          [
            "MSBUILDDISABLENODEREUSE=1"
          ]
        },
        {
          "name" : "LABELS",
          "value" : 
          [
            "D0.03"
          ]
        },
        {
          "name" : "TIMEOUT",
          "value" : 30.0
        },
        {
          "name" : "WORKING_DIRECTORY",
          "value" : "J:/Code/Kernel_v2/build/b4-release"
        }
      ]
    },
    {
      "backtrace" : 39,
      "command" : 
      [
        "J:/Code/Kernel_v2/build/runtime/python311/python.exe",
        "-X",
        "utf8",
        "J:/Code/Kernel_v2/tools/testing/model_cases.py",
        "--case",
        "test_execution_model.ExecutionContracts.test_T12_execution_commit_publication_gate"
      ],
      "config" : "Release",
      "name" : "T12.execution.commit_publication_gate",
      "properties" : 
      [
        {
          "name" : "ENVIRONMENT",
          "value" : 
          [
            "MSBUILDDISABLENODEREUSE=1"
          ]
        },
        {
          "name" : "LABELS",
          "value" : 
          [
            "D0.03"
          ]
        },
        {
          "name" : "TIMEOUT",
          "value" : 30.0
        },
        {
          "name" : "WORKING_DIRECTORY",
          "value" : "J:/Code/Kernel_v2/build/b4-release"
        }
      ]
    },
    {
      "backtrace" : 43,
      "command" : 
      [
        "J:/Code/Kernel_v2/build/runtime/python311/python.exe",
        "-X",
        "utf8",
        "J:/Code/Kernel_v2/tools/testing/model_cases.py",
        "--case",
        "test_execution_model.ExecutionContracts.test_T20_execution_snapshot_consistency"
      ],
      "config" : "Release",
      "name" : "T20.execution.snapshot_consistency",
      "properties" : 
      [
        {
          "name" : "ENVIRONMENT",
          "value" : 
          [
            "MSBUILDDISABLENODEREUSE=1"
          ]
        },
        {
          "name" : "LABELS",
          "value" : 
          [
            "D0.03"
          ]
        },
        {
          "name" : "TIMEOUT",
          "value" : 30.0
        },
        {
          "name" : "WORKING_DIRECTORY",
          "value" : "J:/Code/Kernel_v2/build/b4-release"
        }
      ]
    },
    {
      "backtrace" : 47,
      "command" : 
      [
        "J:/Code/Kernel_v2/build/runtime/python311/python.exe",
        "-X",
        "utf8",
        "J:/Code/Kernel_v2/tools/testing/model_cases.py",
        "--case",
        "test_execution_model.ExecutionContracts.test_T20_observer_lost_terminal_notification"
      ],
      "config" : "Release",
      "name" : "T20.observer.lost_terminal_notification",
      "properties" : 
      [
        {
          "name" : "ENVIRONMENT",
          "value" : 
          [
            "MSBUILDDISABLENODEREUSE=1"
          ]
        },
        {
          "name" : "LABELS",
          "value" : 
          [
            "D0.03"
          ]
        },
        {
          "name" : "TIMEOUT",
          "value" : 30.0
        },
        {
          "name" : "WORKING_DIRECTORY",
          "value" : "J:/Code/Kernel_v2/build/b4-release"
        }
      ]
    },
    {
      "backtrace" : 51,
      "command" : 
      [
        "J:/Code/Kernel_v2/build/runtime/python311/python.exe",
        "-X",
        "utf8",
        "J:/Code/Kernel_v2/tools/testing/model_cases.py",
        "--case",
        "test_execution_model.ExecutionContracts.test_T06_execution_queued_cancel"
      ],
      "config" : "Release",
      "name" : "T06.execution.queued_cancel",
      "properties" : 
      [
        {
          "name" : "ENVIRONMENT",
          "value" : 
          [
            "MSBUILDDISABLENODEREUSE=1"
          ]
        },
        {
          "name" : "LABELS",
          "value" : 
          [
            "D0.03"
          ]
        },
        {
          "name" : "TIMEOUT",
          "value" : 30.0
        },
        {
          "name" : "WORKING_DIRECTORY",
          "value" : "J:/Code/Kernel_v2/build/b4-release"
        }
      ]
    },
    {
      "backtrace" : 55,
      "command" : 
      [
        "J:/Code/Kernel_v2/build/runtime/python311/python.exe",
        "-X",
        "utf8",
        "J:/Code/Kernel_v2/tools/testing/model_cases.py",
        "--case",
        "test_execution_model.ExecutionContracts.test_T06_execution_owner_acyclic"
      ],
      "config" : "Release",
      "name" : "T06.execution.owner_acyclic",
      "properties" : 
      [
        {
          "name" : "ENVIRONMENT",
          "value" : 
          [
            "MSBUILDDISABLENODEREUSE=1"
          ]
        },
        {
          "name" : "LABELS",
          "value" : 
          [
            "D0.03"
          ]
        },
        {
          "name" : "TIMEOUT",
          "value" : 30.0
        },
        {
          "name" : "WORKING_DIRECTORY",
          "value" : "J:/Code/Kernel_v2/build/b4-release"
        }
      ]
    },
    {
      "backtrace" : 59,
      "command" : 
      [
        "J:/Code/Kernel_v2/build/runtime/python311/python.exe",
        "-X",
        "utf8",
        "J:/Code/Kernel_v2/tools/testing/model_cases.py",
        "--case",
        "test_execution_model.ExecutionContracts.test_T06_execution_cancel_propagates_owned_children"
      ],
      "config" : "Release",
      "name" : "T06.execution.cancel_propagates_owned_children",
      "properties" : 
      [
        {
          "name" : "ENVIRONMENT",
          "value" : 
          [
            "MSBUILDDISABLENODEREUSE=1"
          ]
        },
        {
          "name" : "LABELS",
          "value" : 
          [
            "D0.03"
          ]
        },
        {
          "name" : "TIMEOUT",
          "value" : 30.0
        },
        {
          "name" : "WORKING_DIRECTORY",
          "value" : "J:/Code/Kernel_v2/build/b4-release"
        }
      ]
    },
    {
      "backtrace" : 63,
      "command" : 
      [
        "J:/Code/Kernel_v2/build/runtime/python311/python.exe",
        "-X",
        "utf8",
        "J:/Code/Kernel_v2/tools/testing/g0_cases.py",
        "--case",
        "commit_model.test_commit_model.CommitContracts.test_T07_permit_cancel_claim_orders"
      ],
      "config" : "Release",
      "name" : "T07.permit.cancel_claim_orders",
      "properties" : 
      [
        {
          "name" : "ENVIRONMENT",
          "value" : 
          [
            "MSBUILDDISABLENODEREUSE=1"
          ]
        },
        {
          "name" : "LABELS",
          "value" : 
          [
            "D0.05"
          ]
        },
        {
          "name" : "TIMEOUT",
          "value" : 240.0
        },
        {
          "name" : "WORKING_DIRECTORY",
          "value" : "J:/Code/Kernel_v2"
        }
      ]
    },
    {
      "backtrace" : 67,
      "command" : 
      [
        "J:/Code/Kernel_v2/build/runtime/python311/python.exe",
        "-X",
        "utf8",
        "J:/Code/Kernel_v2/tools/testing/g0_cases.py",
        "--case",
        "commit_model.test_commit_model.CommitContracts.test_T07_permit_revoke_claim_orders"
      ],
      "config" : "Release",
      "name" : "T07.permit.revoke_claim_orders",
      "properties" : 
      [
        {
          "name" : "ENVIRONMENT",
          "value" : 
          [
            "MSBUILDDISABLENODEREUSE=1"
          ]
        },
        {
          "name" : "LABELS",
          "value" : 
          [
            "D0.05"
          ]
        },
        {
          "name" : "TIMEOUT",
          "value" : 240.0
        },
        {
          "name" : "WORKING_DIRECTORY",
          "value" : "J:/Code/Kernel_v2"
        }
      ]
    },
    {
      "backtrace" : 71,
      "command" : 
      [
        "J:/Code/Kernel_v2/build/runtime/python311/python.exe",
        "-X",
        "utf8",
        "J:/Code/Kernel_v2/tools/testing/g0_cases.py",
        "--case",
        "commit_model.test_commit_model.CommitContracts.test_T07_permit_binding_expiry_single_use"
      ],
      "config" : "Release",
      "name" : "T07.permit.binding_expiry_single_use",
      "properties" : 
      [
        {
          "name" : "ENVIRONMENT",
          "value" : 
          [
            "MSBUILDDISABLENODEREUSE=1"
          ]
        },
        {
          "name" : "LABELS",
          "value" : 
          [
            "D0.05"
          ]
        },
        {
          "name" : "TIMEOUT",
          "value" : 240.0
        },
        {
          "name" : "WORKING_DIRECTORY",
          "value" : "J:/Code/Kernel_v2"
        }
      ]
    },
    {
      "backtrace" : 75,
      "command" : 
      [
        "J:/Code/Kernel_v2/build/runtime/python311/python.exe",
        "-X",
        "utf8",
        "J:/Code/Kernel_v2/tools/testing/g0_cases.py",
        "--case",
        "commit_model.test_commit_model.CommitContracts.test_T07_permit_leases_do_not_authorize"
      ],
      "config" : "Release",
      "name" : "T07.permit.leases_do_not_authorize",
      "properties" : 
      [
        {
          "name" : "ENVIRONMENT",
          "value" : 
          [
            "MSBUILDDISABLENODEREUSE=1"
          ]
        },
        {
          "name" : "LABELS",
          "value" : 
          [
            "D0.05"
          ]
        },
        {
          "name" : "TIMEOUT",
          "value" : 240.0
        },
        {
          "name" : "WORKING_DIRECTORY",
          "value" : "J:/Code/Kernel_v2"
        }
      ]
    },
    {
      "backtrace" : 79,
      "command" : 
      [
        "J:/Code/Kernel_v2/build/runtime/python311/python.exe",
        "-X",
        "utf8",
        "J:/Code/Kernel_v2/tools/testing/g0_cases.py",
        "--case",
        "commit_model.test_commit_model.CommitContracts.test_T07_effect_cancel_revoke_send_orders"
      ],
      "config" : "Release",
      "name" : "T07.effect.cancel_revoke_send_orders",
      "properties" : 
      [
        {
          "name" : "ENVIRONMENT",
          "value" : 
          [
            "MSBUILDDISABLENODEREUSE=1"
          ]
        },
        {
          "name" : "LABELS",
          "value" : 
          [
            "D0.05"
          ]
        },
        {
          "name" : "TIMEOUT",
          "value" : 240.0
        },
        {
          "name" : "WORKING_DIRECTORY",
          "value" : "J:/Code/Kernel_v2"
        }
      ]
    },
    {
      "backtrace" : 83,
      "command" : 
      [
        "J:/Code/Kernel_v2/build/runtime/python311/python.exe",
        "-X",
        "utf8",
        "J:/Code/Kernel_v2/tools/testing/g0_cases.py",
        "--case",
        "commit_model.test_commit_model.CommitContracts.test_T07_effect_cancel_before_permit_records_no_apply"
      ],
      "config" : "Release",
      "name" : "T07.effect.cancel_before_permit_records_no_apply",
      "properties" : 
      [
        {
          "name" : "ENVIRONMENT",
          "value" : 
          [
            "MSBUILDDISABLENODEREUSE=1"
          ]
        },
        {
          "name" : "LABELS",
          "value" : 
          [
            "D0.05"
          ]
        },
        {
          "name" : "TIMEOUT",
          "value" : 240.0
        },
        {
          "name" : "WORKING_DIRECTORY",
          "value" : "J:/Code/Kernel_v2"
        }
      ]
    },
    {
      "backtrace" : 85,
      "command" : 
      [
        "J:/Code/Kernel_v2/build/runtime/python311/python.exe",
        "-X",
        "utf8",
        "J:/Code/Kernel_v2/tests/conformance/executor/verify_manifest.py",
        "J:/Code/Kernel_v2/build/b4-release/tests/conformance/executor/Release/ock_executor_contract.exe"
      ],
      "config" : "Release",
      "name" : "T12.executor.conformance_manifest",
      "properties" : 
      [
        {
          "name" : "ENVIRONMENT_MODIFICATION",
          "value" : 
          [
            "PATH=path_list_prepend:J:/Code/Kernel_v2/build/msvc-validation/e8697b7e3597a578/bin"
          ]
        },
        {
          "name" : "LABELS",
          "value" : 
          [
            "B4",
            "D3.01"
          ]
        },
        {
          "name" : "TIMEOUT",
          "value" : 30.0
        },
        {
          "name" : "WORKING_DIRECTORY",
          "value" : "J:/Code/Kernel_v2/build/b4-release/tests/conformance/executor"
        }
      ]
    },
    {
      "backtrace" : 87,
      "command" : 
      [
        "J:/Code/Kernel_v2/build/b4-release/tests/conformance/executor/Release/ock_executor_contract.exe",
        "cpu_pool",
        "ownership_transfer"
      ],
      "config" : "Release",
      "name" : "T12.executor.cpu_pool.ownership_transfer",
      "properties" : 
      [
        {
          "name" : "ENVIRONMENT_MODIFICATION",
          "value" : 
          [
            "PATH=path_list_prepend:J:/Code/Kernel_v2/build/msvc-validation/e8697b7e3597a578/bin"
          ]
        },
        {
          "name" : "LABELS",
          "value" : 
          [
            "B4",
            "D3.01",
            "ExecutorConformance"
          ]
        },
        {
          "name" : "TIMEOUT",
          "value" : 20.0
        },
        {
          "name" : "WORKING_DIRECTORY",
          "value" : "J:/Code/Kernel_v2/build/b4-release/tests/conformance/executor"
        }
      ]
    },
    {
      "backtrace" : 89,
      "command" : 
      [
        "J:/Code/Kernel_v2/build/b4-release/tests/conformance/executor/Release/ock_executor_contract.exe",
        "cpu_pool",
        "exactly_once"
      ],
      "config" : "Release",
      "name" : "T12.executor.cpu_pool.exactly_once",
      "properties" : 
      [
        {
          "name" : "ENVIRONMENT_MODIFICATION",
          "value" : 
          [
            "PATH=path_list_prepend:J:/Code/Kernel_v2/build/msvc-validation/e8697b7e3597a578/bin"
          ]
        },
        {
          "name" : "LABELS",
          "value" : 
          [
            "B4",
            "D3.01",
            "ExecutorConformance"
          ]
        },
        {
          "name" : "TIMEOUT",
          "value" : 20.0
        },
        {
          "name" : "WORKING_DIRECTORY",
          "value" : "J:/Code/Kernel_v2/build/b4-release/tests/conformance/executor"
        }
      ]
    },
    {
      "backtrace" : 91,
      "command" : 
      [
        "J:/Code/Kernel_v2/build/b4-release/tests/conformance/executor/Release/ock_executor_contract.exe",
        "cpu_pool",
        "rejection_cleanup"
      ],
      "config" : "Release",
      "name" : "T12.executor.cpu_pool.rejection_cleanup",
      "properties" : 
      [
        {
          "name" : "ENVIRONMENT_MODIFICATION",
          "value" : 
          [
            "PATH=path_list_prepend:J:/Code/Kernel_v2/build/msvc-validation/e8697b7e3597a578/bin"
          ]
        },
        {
          "name" : "LABELS",
          "value" : 
          [
            "B4",
            "D3.01",
            "ExecutorConformance"
          ]
        },
        {
          "name" : "TIMEOUT",
          "value" : 20.0
        },
        {
          "name" : "WORKING_DIRECTORY",
          "value" : "J:/Code/Kernel_v2/build/b4-release/tests/conformance/executor"
        }
      ]
    },
    {
      "backtrace" : 93,
      "command" : 
      [
        "J:/Code/Kernel_v2/build/b4-release/tests/conformance/executor/Release/ock_executor_contract.exe",
        "cpu_pool",
        "exception_boundary"
      ],
      "config" : "Release",
      "name" : "T12.executor.cpu_pool.exception_boundary",
      "properties" : 
      [
        {
          "name" : "ENVIRONMENT_MODIFICATION",
          "value" : 
          [
            "PATH=path_list_prepend:J:/Code/Kernel_v2/build/msvc-validation/e8697b7e3597a578/bin"
          ]
        },
        {
          "name" : "LABELS",
          "value" : 
          [
            "B4",
            "D3.01",
            "ExecutorConformance"
          ]
        },
        {
          "name" : "TIMEOUT",
          "value" : 20.0
        },
        {
          "name" : "WORKING_DIRECTORY",
          "value" : "J:/Code/Kernel_v2/build/b4-release/tests/conformance/executor"
        }
      ]
    },
    {
      "backtrace" : 95,
      "command" : 
      [
        "J:/Code/Kernel_v2/build/b4-release/tests/conformance/executor/Release/ock_executor_contract.exe",
        "cpu_pool",
        "drain_shutdown"
      ],
      "config" : "Release",
      "name" : "T12.executor.cpu_pool.drain_shutdown",
      "properties" : 
      [
        {
          "name" : "ENVIRONMENT_MODIFICATION",
          "value" : 
          [
            "PATH=path_list_prepend:J:/Code/Kernel_v2/build/msvc-validation/e8697b7e3597a578/bin"
          ]
        },
        {
          "name" : "LABELS",
          "value" : 
          [
            "B4",
            "D3.01",
            "ExecutorConformance"
          ]
        },
        {
          "name" : "TIMEOUT",
          "value" : 20.0
        },
        {
          "name" : "WORKING_DIRECTORY",
          "value" : "J:/Code/Kernel_v2/build/b4-release/tests/conformance/executor"
        }
      ]
    },
    {
      "backtrace" : 97,
      "command" : 
      [
        "J:/Code/Kernel_v2/build/b4-release/tests/conformance/executor/Release/ock_executor_contract.exe",
        "cpu_pool",
        "worker_rejection"
      ],
      "config" : "Release",
      "name" : "T12.executor.cpu_pool.worker_rejection",
      "properties" : 
      [
        {
          "name" : "ENVIRONMENT_MODIFICATION",
          "value" : 
          [
            "PATH=path_list_prepend:J:/Code/Kernel_v2/build/msvc-validation/e8697b7e3597a578/bin"
          ]
        },
        {
          "name" : "LABELS",
          "value" : 
          [
            "B4",
            "D3.01",
            "ExecutorConformance"
          ]
        },
        {
          "name" : "TIMEOUT",
          "value" : 20.0
        },
        {
          "name" : "WORKING_DIRECTORY",
          "value" : "J:/Code/Kernel_v2/build/b4-release/tests/conformance/executor"
        }
      ]
    },
    {
      "backtrace" : 99,
      "command" : 
      [
        "J:/Code/Kernel_v2/build/b4-release/tests/conformance/executor/Release/ock_executor_contract.exe",
        "cpu_pool",
        "queue_full"
      ],
      "config" : "Release",
      "name" : "T12.executor.cpu_pool.queue_full",
      "properties" : 
      [
        {
          "name" : "ENVIRONMENT_MODIFICATION",
          "value" : 
          [
            "PATH=path_list_prepend:J:/Code/Kernel_v2/build/msvc-validation/e8697b7e3597a578/bin"
          ]
        },
        {
          "name" : "LABELS",
          "value" : 
          [
            "B4",
            "D3.01",
            "ExecutorConformance"
          ]
        },
        {
          "name" : "TIMEOUT",
          "value" : 20.0
        },
        {
          "name" : "WORKING_DIRECTORY",
          "value" : "J:/Code/Kernel_v2/build/b4-release/tests/conformance/executor"
        }
      ]
    },
    {
      "backtrace" : 101,
      "command" : 
      [
        "J:/Code/Kernel_v2/build/b4-release/tests/conformance/executor/Release/ock_executor_contract.exe",
        "controlled",
        "ownership_transfer"
      ],
      "config" : "Release",
      "name" : "T12.executor.controlled.ownership_transfer",
      "properties" : 
      [
        {
          "name" : "ENVIRONMENT_MODIFICATION",
          "value" : 
          [
            "PATH=path_list_prepend:J:/Code/Kernel_v2/build/msvc-validation/e8697b7e3597a578/bin"
          ]
        },
        {
          "name" : "LABELS",
          "value" : 
          [
            "B4",
            "D3.01",
            "ExecutorConformance"
          ]
        },
        {
          "name" : "TIMEOUT",
          "value" : 20.0
        },
        {
          "name" : "WORKING_DIRECTORY",
          "value" : "J:/Code/Kernel_v2/build/b4-release/tests/conformance/executor"
        }
      ]
    },
    {
      "backtrace" : 103,
      "command" : 
      [
        "J:/Code/Kernel_v2/build/b4-release/tests/conformance/executor/Release/ock_executor_contract.exe",
        "controlled",
        "exactly_once"
      ],
      "config" : "Release",
      "name" : "T12.executor.controlled.exactly_once",
      "properties" : 
      [
        {
          "name" : "ENVIRONMENT_MODIFICATION",
          "value" : 
          [
            "PATH=path_list_prepend:J:/Code/Kernel_v2/build/msvc-validation/e8697b7e3597a578/bin"
          ]
        },
        {
          "name" : "LABELS",
          "value" : 
          [
            "B4",
            "D3.01",
            "ExecutorConformance"
          ]
        },
        {
          "name" : "TIMEOUT",
          "value" : 20.0
        },
        {
          "name" : "WORKING_DIRECTORY",
          "value" : "J:/Code/Kernel_v2/build/b4-release/tests/conformance/executor"
        }
      ]
    },
    {
      "backtrace" : 105,
      "command" : 
      [
        "J:/Code/Kernel_v2/build/b4-release/tests/conformance/executor/Release/ock_executor_contract.exe",
        "controlled",
        "rejection_cleanup"
      ],
      "config" : "Release",
      "name" : "T12.executor.controlled.rejection_cleanup",
      "properties" : 
      [
        {
          "name" : "ENVIRONMENT_MODIFICATION",
          "value" : 
          [
            "PATH=path_list_prepend:J:/Code/Kernel_v2/build/msvc-validation/e8697b7e3597a578/bin"
          ]
        },
        {
          "name" : "LABELS",
          "value" : 
          [
            "B4",
            "D3.01",
            "ExecutorConformance"
          ]
        },
        {
          "name" : "TIMEOUT",
          "value" : 20.0
        },
        {
          "name" : "WORKING_DIRECTORY",
          "value" : "J:/Code/Kernel_v2/build/b4-release/tests/conformance/executor"
        }
      ]
    },
    {
      "backtrace" : 107,
      "command" : 
      [
        "J:/Code/Kernel_v2/build/b4-release/tests/conformance/executor/Release/ock_executor_contract.exe",
        "controlled",
        "exception_boundary"
      ],
      "config" : "Release",
      "name" : "T12.executor.controlled.exception_boundary",
      "properties" : 
      [
        {
          "name" : "ENVIRONMENT_MODIFICATION",
          "value" : 
          [
            "PATH=path_list_prepend:J:/Code/Kernel_v2/build/msvc-validation/e8697b7e3597a578/bin"
          ]
        },
        {
          "name" : "LABELS",
          "value" : 
          [
            "B4",
            "D3.01",
            "ExecutorConformance"
          ]
        },
        {
          "name" : "TIMEOUT",
          "value" : 20.0
        },
        {
          "name" : "WORKING_DIRECTORY",
          "value" : "J:/Code/Kernel_v2/build/b4-release/tests/conformance/executor"
        }
      ]
    },
    {
      "backtrace" : 109,
      "command" : 
      [
        "J:/Code/Kernel_v2/build/b4-release/tests/conformance/executor/Release/ock_executor_contract.exe",
        "controlled",
        "drain_shutdown"
      ],
      "config" : "Release",
      "name" : "T12.executor.controlled.drain_shutdown",
      "properties" : 
      [
        {
          "name" : "ENVIRONMENT_MODIFICATION",
          "value" : 
          [
            "PATH=path_list_prepend:J:/Code/Kernel_v2/build/msvc-validation/e8697b7e3597a578/bin"
          ]
        },
        {
          "name" : "LABELS",
          "value" : 
          [
            "B4",
            "D3.01",
            "ExecutorConformance"
          ]
        },
        {
          "name" : "TIMEOUT",
          "value" : 20.0
        },
        {
          "name" : "WORKING_DIRECTORY",
          "value" : "J:/Code/Kernel_v2/build/b4-release/tests/conformance/executor"
        }
      ]
    },
    {
      "backtrace" : 111,
      "command" : 
      [
        "J:/Code/Kernel_v2/build/b4-release/tests/conformance/executor/Release/ock_executor_contract.exe",
        "controlled",
        "worker_rejection"
      ],
      "config" : "Release",
      "name" : "T12.executor.controlled.worker_rejection",
      "properties" : 
      [
        {
          "name" : "ENVIRONMENT_MODIFICATION",
          "value" : 
          [
            "PATH=path_list_prepend:J:/Code/Kernel_v2/build/msvc-validation/e8697b7e3597a578/bin"
          ]
        },
        {
          "name" : "LABELS",
          "value" : 
          [
            "B4",
            "D3.01",
            "ExecutorConformance"
          ]
        },
        {
          "name" : "TIMEOUT",
          "value" : 20.0
        },
        {
          "name" : "WORKING_DIRECTORY",
          "value" : "J:/Code/Kernel_v2/build/b4-release/tests/conformance/executor"
        }
      ]
    },
    {
      "backtrace" : 113,
      "command" : 
      [
        "J:/Code/Kernel_v2/build/b4-release/tests/conformance/executor/Release/ock_executor_contract.exe",
        "controlled",
        "queue_full"
      ],
      "config" : "Release",
      "name" : "T12.executor.controlled.queue_full",
      "properties" : 
      [
        {
          "name" : "ENVIRONMENT_MODIFICATION",
          "value" : 
          [
            "PATH=path_list_prepend:J:/Code/Kernel_v2/build/msvc-validation/e8697b7e3597a578/bin"
          ]
        },
        {
          "name" : "LABELS",
          "value" : 
          [
            "B4",
            "D3.01",
            "ExecutorConformance"
          ]
        },
        {
          "name" : "TIMEOUT",
          "value" : 20.0
        },
        {
          "name" : "WORKING_DIRECTORY",
          "value" : "J:/Code/Kernel_v2/build/b4-release/tests/conformance/executor"
        }
      ]
    },
    {
      "backtrace" : 115,
      "command" : 
      [
        "J:/Code/Kernel_v2/build/b4-release/tests/conformance/executor/Release/ock_executor_contract.exe",
        "inline",
        "ownership_transfer"
      ],
      "config" : "Release",
      "name" : "T12.executor.inline.ownership_transfer",
      "properties" : 
      [
        {
          "name" : "ENVIRONMENT_MODIFICATION",
          "value" : 
          [
            "PATH=path_list_prepend:J:/Code/Kernel_v2/build/msvc-validation/e8697b7e3597a578/bin"
          ]
        },
        {
          "name" : "LABELS",
          "value" : 
          [
            "B4",
            "D3.01",
            "ExecutorConformance"
          ]
        },
        {
          "name" : "TIMEOUT",
          "value" : 20.0
        },
        {
          "name" : "WORKING_DIRECTORY",
          "value" : "J:/Code/Kernel_v2/build/b4-release/tests/conformance/executor"
        }
      ]
    },
    {
      "backtrace" : 117,
      "command" : 
      [
        "J:/Code/Kernel_v2/build/b4-release/tests/conformance/executor/Release/ock_executor_contract.exe",
        "inline",
        "exactly_once"
      ],
      "config" : "Release",
      "name" : "T12.executor.inline.exactly_once",
      "properties" : 
      [
        {
          "name" : "ENVIRONMENT_MODIFICATION",
          "value" : 
          [
            "PATH=path_list_prepend:J:/Code/Kernel_v2/build/msvc-validation/e8697b7e3597a578/bin"
          ]
        },
        {
          "name" : "LABELS",
          "value" : 
          [
            "B4",
            "D3.01",
            "ExecutorConformance"
          ]
        },
        {
          "name" : "TIMEOUT",
          "value" : 20.0
        },
        {
          "name" : "WORKING_DIRECTORY",
          "value" : "J:/Code/Kernel_v2/build/b4-release/tests/conformance/executor"
        }
      ]
    },
    {
      "backtrace" : 119,
      "command" : 
      [
        "J:/Code/Kernel_v2/build/b4-release/tests/conformance/executor/Release/ock_executor_contract.exe",
        "inline",
        "rejection_cleanup"
      ],
      "config" : "Release",
      "name" : "T12.executor.inline.rejection_cleanup",
      "properties" : 
      [
        {
          "name" : "ENVIRONMENT_MODIFICATION",
          "value" : 
          [
            "PATH=path_list_prepend:J:/Code/Kernel_v2/build/msvc-validation/e8697b7e3597a578/bin"
          ]
        },
        {
          "name" : "LABELS",
          "value" : 
          [
            "B4",
            "D3.01",
            "ExecutorConformance"
          ]
        },
        {
          "name" : "TIMEOUT",
          "value" : 20.0
        },
        {
          "name" : "WORKING_DIRECTORY",
          "value" : "J:/Code/Kernel_v2/build/b4-release/tests/conformance/executor"
        }
      ]
    },
    {
      "backtrace" : 121,
      "command" : 
      [
        "J:/Code/Kernel_v2/build/b4-release/tests/conformance/executor/Release/ock_executor_contract.exe",
        "inline",
        "exception_boundary"
      ],
      "config" : "Release",
      "name" : "T12.executor.inline.exception_boundary",
      "properties" : 
      [
        {
          "name" : "ENVIRONMENT_MODIFICATION",
          "value" : 
          [
            "PATH=path_list_prepend:J:/Code/Kernel_v2/build/msvc-validation/e8697b7e3597a578/bin"
          ]
        },
        {
          "name" : "LABELS",
          "value" : 
          [
            "B4",
            "D3.01",
            "ExecutorConformance"
          ]
        },
        {
          "name" : "TIMEOUT",
          "value" : 20.0
        },
        {
          "name" : "WORKING_DIRECTORY",
          "value" : "J:/Code/Kernel_v2/build/b4-release/tests/conformance/executor"
        }
      ]
    },
    {
      "backtrace" : 123,
      "command" : 
      [
        "J:/Code/Kernel_v2/build/b4-release/tests/conformance/executor/Release/ock_executor_contract.exe",
        "inline",
        "drain_shutdown"
      ],
      "config" : "Release",
      "name" : "T12.executor.inline.drain_shutdown",
      "properties" : 
      [
        {
          "name" : "ENVIRONMENT_MODIFICATION",
          "value" : 
          [
            "PATH=path_list_prepend:J:/Code/Kernel_v2/build/msvc-validation/e8697b7e3597a578/bin"
          ]
        },
        {
          "name" : "LABELS",
          "value" : 
          [
            "B4",
            "D3.01",
            "ExecutorConformance"
          ]
        },
        {
          "name" : "TIMEOUT",
          "value" : 20.0
        },
        {
          "name" : "WORKING_DIRECTORY",
          "value" : "J:/Code/Kernel_v2/build/b4-release/tests/conformance/executor"
        }
      ]
    },
    {
      "backtrace" : 125,
      "command" : 
      [
        "J:/Code/Kernel_v2/build/b4-release/tests/conformance/executor/Release/ock_executor_contract.exe",
        "inline",
        "worker_rejection"
      ],
      "config" : "Release",
      "name" : "T12.executor.inline.worker_rejection",
      "properties" : 
      [
        {
          "name" : "ENVIRONMENT_MODIFICATION",
          "value" : 
          [
            "PATH=path_list_prepend:J:/Code/Kernel_v2/build/msvc-validation/e8697b7e3597a578/bin"
          ]
        },
        {
          "name" : "LABELS",
          "value" : 
          [
            "B4",
            "D3.01",
            "ExecutorConformance"
          ]
        },
        {
          "name" : "TIMEOUT",
          "value" : 20.0
        },
        {
          "name" : "WORKING_DIRECTORY",
          "value" : "J:/Code/Kernel_v2/build/b4-release/tests/conformance/executor"
        }
      ]
    },
    {
      "backtrace" : 127,
      "command" : 
      [
        "J:/Code/Kernel_v2/build/b4-release/tests/conformance/executor/Release/ock_executor_contract.exe",
        "inline",
        "queue_full"
      ],
      "config" : "Release",
      "name" : "T12.executor.inline.queue_full",
      "properties" : 
      [
        {
          "name" : "ENVIRONMENT_MODIFICATION",
          "value" : 
          [
            "PATH=path_list_prepend:J:/Code/Kernel_v2/build/msvc-validation/e8697b7e3597a578/bin"
          ]
        },
        {
          "name" : "LABELS",
          "value" : 
          [
            "B4",
            "D3.01",
            "ExecutorConformance"
          ]
        },
        {
          "name" : "TIMEOUT",
          "value" : 20.0
        },
        {
          "name" : "WORKING_DIRECTORY",
          "value" : "J:/Code/Kernel_v2/build/b4-release/tests/conformance/executor"
        }
      ]
    },
    {
      "backtrace" : 129,
      "command" : 
      [
        "J:/Code/Kernel_v2/build/b4-release/tests/conformance/executor/Release/ock_executor_contract.exe",
        "supplemental",
        "real_parallel"
      ],
      "config" : "Release",
      "name" : "T22.executor.real_parallel",
      "properties" : 
      [
        {
          "name" : "ENVIRONMENT_MODIFICATION",
          "value" : 
          [
            "PATH=path_list_prepend:J:/Code/Kernel_v2/build/msvc-validation/e8697b7e3597a578/bin"
          ]
        },
        {
          "name" : "LABELS",
          "value" : 
          [
            "B4",
            "D3.01"
          ]
        },
        {
          "name" : "TIMEOUT",
          "value" : 20.0
        },
        {
          "name" : "WORKING_DIRECTORY",
          "value" : "J:/Code/Kernel_v2/build/b4-release/tests/conformance/executor"
        }
      ]
    },
    {
      "backtrace" : 131,
      "command" : 
      [
        "J:/Code/Kernel_v2/build/b4-release/tests/conformance/executor/Release/ock_executor_contract.exe",
        "supplemental",
        "stop_timeout"
      ],
      "config" : "Release",
      "name" : "T22.executor.stop_timeout",
      "properties" : 
      [
        {
          "name" : "ENVIRONMENT_MODIFICATION",
          "value" : 
          [
            "PATH=path_list_prepend:J:/Code/Kernel_v2/build/msvc-validation/e8697b7e3597a578/bin"
          ]
        },
        {
          "name" : "LABELS",
          "value" : 
          [
            "B4",
            "D3.01"
          ]
        },
        {
          "name" : "TIMEOUT",
          "value" : 20.0
        },
        {
          "name" : "WORKING_DIRECTORY",
          "value" : "J:/Code/Kernel_v2/build/b4-release/tests/conformance/executor"
        }
      ]
    },
    {
      "backtrace" : 133,
      "command" : 
      [
        "J:/Code/Kernel_v2/build/b4-release/tests/conformance/executor/Release/ock_executor_contract.exe",
        "supplemental",
        "inline_reentrancy"
      ],
      "config" : "Release",
      "name" : "T22.executor.inline_reentrancy",
      "properties" : 
      [
        {
          "name" : "ENVIRONMENT_MODIFICATION",
          "value" : 
          [
            "PATH=path_list_prepend:J:/Code/Kernel_v2/build/msvc-validation/e8697b7e3597a578/bin"
          ]
        },
        {
          "name" : "LABELS",
          "value" : 
          [
            "B4",
            "D3.01"
          ]
        },
        {
          "name" : "TIMEOUT",
          "value" : 20.0
        },
        {
          "name" : "WORKING_DIRECTORY",
          "value" : "J:/Code/Kernel_v2/build/b4-release/tests/conformance/executor"
        }
      ]
    },
    {
      "backtrace" : 135,
      "command" : 
      [
        "J:/Code/Kernel_v2/build/b4-release/tests/conformance/executor/Release/ock_executor_contract.exe",
        "supplemental",
        "controlled_order"
      ],
      "config" : "Release",
      "name" : "T22.executor.controlled_order",
      "properties" : 
      [
        {
          "name" : "ENVIRONMENT_MODIFICATION",
          "value" : 
          [
            "PATH=path_list_prepend:J:/Code/Kernel_v2/build/msvc-validation/e8697b7e3597a578/bin"
          ]
        },
        {
          "name" : "LABELS",
          "value" : 
          [
            "B4",
            "D3.01"
          ]
        },
        {
          "name" : "TIMEOUT",
          "value" : 20.0
        },
        {
          "name" : "WORKING_DIRECTORY",
          "value" : "J:/Code/Kernel_v2/build/b4-release/tests/conformance/executor"
        }
      ]
    },
    {
      "backtrace" : 137,
      "command" : 
      [
        "J:/Code/Kernel_v2/build/runtime/python311/python.exe",
        "-X",
        "utf8",
        "J:/Code/Kernel_v2/tests/contract/executor/verify_fatal.py",
        "J:/Code/Kernel_v2/build/b4-release/tests/contract/executor/Release/ock_executor_lifecycle.exe",
        "cpu_pool"
      ],
      "config" : "Release",
      "name" : "T22.executor.cpu_pool.worker_destruction",
      "properties" : 
      [
        {
          "name" : "ENVIRONMENT_MODIFICATION",
          "value" : 
          [
            "PATH=path_list_prepend:J:/Code/Kernel_v2/build/msvc-validation/e8697b7e3597a578/bin"
          ]
        },
        {
          "name" : "LABELS",
          "value" : 
          [
            "B4",
            "D3.01"
          ]
        },
        {
          "name" : "TIMEOUT",
          "value" : 25.0
        },
        {
          "name" : "WORKING_DIRECTORY",
          "value" : "J:/Code/Kernel_v2/build/b4-release/tests/contract/executor"
        }
      ]
    },
    {
      "backtrace" : 139,
      "command" : 
      [
        "J:/Code/Kernel_v2/build/runtime/python311/python.exe",
        "-X",
        "utf8",
        "J:/Code/Kernel_v2/tests/contract/executor/verify_fatal.py",
        "J:/Code/Kernel_v2/build/b4-release/tests/contract/executor/Release/ock_executor_lifecycle.exe",
        "controlled"
      ],
      "config" : "Release",
      "name" : "T22.executor.controlled.worker_destruction",
      "properties" : 
      [
        {
          "name" : "ENVIRONMENT_MODIFICATION",
          "value" : 
          [
            "PATH=path_list_prepend:J:/Code/Kernel_v2/build/msvc-validation/e8697b7e3597a578/bin"
          ]
        },
        {
          "name" : "LABELS",
          "value" : 
          [
            "B4",
            "D3.01"
          ]
        },
        {
          "name" : "TIMEOUT",
          "value" : 25.0
        },
        {
          "name" : "WORKING_DIRECTORY",
          "value" : "J:/Code/Kernel_v2/build/b4-release/tests/contract/executor"
        }
      ]
    },
    {
      "backtrace" : 141,
      "command" : 
      [
        "J:/Code/Kernel_v2/build/runtime/python311/python.exe",
        "-X",
        "utf8",
        "J:/Code/Kernel_v2/tests/contract/executor/verify_fatal.py",
        "J:/Code/Kernel_v2/build/b4-release/tests/contract/executor/Release/ock_executor_lifecycle.exe",
        "inline"
      ],
      "config" : "Release",
      "name" : "T22.executor.inline.worker_destruction",
      "properties" : 
      [
        {
          "name" : "ENVIRONMENT_MODIFICATION",
          "value" : 
          [
            "PATH=path_list_prepend:J:/Code/Kernel_v2/build/msvc-validation/e8697b7e3597a578/bin"
          ]
        },
        {
          "name" : "LABELS",
          "value" : 
          [
            "B4",
            "D3.01"
          ]
        },
        {
          "name" : "TIMEOUT",
          "value" : 25.0
        },
        {
          "name" : "WORKING_DIRECTORY",
          "value" : "J:/Code/Kernel_v2/build/b4-release/tests/contract/executor"
        }
      ]
    },
    {
      "backtrace" : 143,
      "command" : 
      [
        "J:/Code/Kernel_v2/build/b4-release/tests/contract/executor/Release/ock_executor_consumer.exe"
      ],
      "config" : "Release",
      "name" : "T12.executor.concurrent_duplicate",
      "properties" : 
      [
        {
          "name" : "ENVIRONMENT_MODIFICATION",
          "value" : 
          [
            "PATH=path_list_prepend:J:/Code/Kernel_v2/build/msvc-validation/e8697b7e3597a578/bin"
          ]
        },
        {
          "name" : "LABELS",
          "value" : 
          [
            "B4",
            "D3.01"
          ]
        },
        {
          "name" : "TIMEOUT",
          "value" : 20.0
        },
        {
          "name" : "WORKING_DIRECTORY",
          "value" : "J:/Code/Kernel_v2/build/b4-release/tests/contract/executor"
        }
      ]
    },
    {
      "backtrace" : 145,
      "command" : 
      [
        "J:/Code/Kernel_v2/build/b4-release/tests/unit/scheduler/Release/ock_scheduler_contract.exe",
        "quota_control"
      ],
      "config" : "Release",
      "name" : "T13.scheduler.quota_control",
      "properties" : 
      [
        {
          "name" : "ENVIRONMENT_MODIFICATION",
          "value" : 
          [
            "PATH=path_list_prepend:J:/Code/Kernel_v2/build/msvc-validation/e8697b7e3597a578/bin"
          ]
        },
        {
          "name" : "LABELS",
          "value" : 
          [
            "B4",
            "D3.02"
          ]
        },
        {
          "name" : "TIMEOUT",
          "value" : 30.0
        },
        {
          "name" : "WORKING_DIRECTORY",
          "value" : "J:/Code/Kernel_v2/build/b4-release/tests/unit/scheduler"
        }
      ]
    },
    {
      "backtrace" : 147,
      "command" : 
      [
        "J:/Code/Kernel_v2/build/b4-release/tests/unit/scheduler/Release/ock_scheduler_contract.exe",
        "close_and_callbacks"
      ],
      "config" : "Release",
      "name" : "T13.scheduler.close_and_callbacks",
      "properties" : 
      [
        {
          "name" : "ENVIRONMENT_MODIFICATION",
          "value" : 
          [
            "PATH=path_list_prepend:J:/Code/Kernel_v2/build/msvc-validation/e8697b7e3597a578/bin"
          ]
        },
        {
          "name" : "LABELS",
          "value" : 
          [
            "B4",
            "D3.02"
          ]
        },
        {
          "name" : "TIMEOUT",
          "value" : 30.0
        },
        {
          "name" : "WORKING_DIRECTORY",
          "value" : "J:/Code/Kernel_v2/build/b4-release/tests/unit/scheduler"
        }
      ]
    },
    {
      "backtrace" : 149,
      "command" : 
      [
        "J:/Code/Kernel_v2/build/b4-release/tests/unit/scheduler/Release/ock_scheduler_contract.exe",
        "started_deadline"
      ],
      "config" : "Release",
      "name" : "T13.scheduler.started_deadline",
      "properties" : 
      [
        {
          "name" : "ENVIRONMENT_MODIFICATION",
          "value" : 
          [
            "PATH=path_list_prepend:J:/Code/Kernel_v2/build/msvc-validation/e8697b7e3597a578/bin"
          ]
        },
        {
          "name" : "LABELS",
          "value" : 
          [
            "B4",
            "D3.02"
          ]
        },
        {
          "name" : "TIMEOUT",
          "value" : 30.0
        },
        {
          "name" : "WORKING_DIRECTORY",
          "value" : "J:/Code/Kernel_v2/build/b4-release/tests/unit/scheduler"
        }
      ]
    },
    {
      "backtrace" : 151,
      "command" : 
      [
        "J:/Code/Kernel_v2/build/b4-release/tests/unit/scheduler/Release/ock_scheduler_contract.exe",
        "real_concurrent_completion"
      ],
      "config" : "Release",
      "name" : "T13.scheduler.real_concurrent_completion",
      "properties" : 
      [
        {
          "name" : "ENVIRONMENT_MODIFICATION",
          "value" : 
          [
            "PATH=path_list_prepend:J:/Code/Kernel_v2/build/msvc-validation/e8697b7e3597a578/bin"
          ]
        },
        {
          "name" : "LABELS",
          "value" : 
          [
            "B4",
            "D3.02"
          ]
        },
        {
          "name" : "TIMEOUT",
          "value" : 30.0
        },
        {
          "name" : "WORKING_DIRECTORY",
          "value" : "J:/Code/Kernel_v2/build/b4-release/tests/unit/scheduler"
        }
      ]
    },
    {
      "backtrace" : 153,
      "command" : 
      [
        "J:/Code/Kernel_v2/build/b4-release/tests/unit/scheduler/Release/ock_scheduler_contract.exe",
        "start_deadline_race"
      ],
      "config" : "Release",
      "name" : "T13.scheduler.start_deadline_race",
      "properties" : 
      [
        {
          "name" : "ENVIRONMENT_MODIFICATION",
          "value" : 
          [
            "PATH=path_list_prepend:J:/Code/Kernel_v2/build/msvc-validation/e8697b7e3597a578/bin"
          ]
        },
        {
          "name" : "LABELS",
          "value" : 
          [
            "B4",
            "D3.02"
          ]
        },
        {
          "name" : "TIMEOUT",
          "value" : 30.0
        },
        {
          "name" : "WORKING_DIRECTORY",
          "value" : "J:/Code/Kernel_v2/build/b4-release/tests/unit/scheduler"
        }
      ]
    },
    {
      "backtrace" : 155,
      "command" : 
      [
        "J:/Code/Kernel_v2/build/b4-release/tests/unit/scheduler/Release/ock_scheduler_contract.exe",
        "completion_backpressure"
      ],
      "config" : "Release",
      "name" : "T13.scheduler.completion_backpressure",
      "properties" : 
      [
        {
          "name" : "ENVIRONMENT_MODIFICATION",
          "value" : 
          [
            "PATH=path_list_prepend:J:/Code/Kernel_v2/build/msvc-validation/e8697b7e3597a578/bin"
          ]
        },
        {
          "name" : "LABELS",
          "value" : 
          [
            "B4",
            "D3.02"
          ]
        },
        {
          "name" : "TIMEOUT",
          "value" : 30.0
        },
        {
          "name" : "WORKING_DIRECTORY",
          "value" : "J:/Code/Kernel_v2/build/b4-release/tests/unit/scheduler"
        }
      ]
    },
    {
      "backtrace" : 157,
      "command" : 
      [
        "J:/Code/Kernel_v2/build/b4-release/tests/contract/resources/Release/ock_resources_contract.exe",
        "alias_read_write_same_slot"
      ],
      "config" : "Release",
      "name" : "T13.resources.alias_read_write_same_slot",
      "properties" : 
      [
        {
          "name" : "ENVIRONMENT_MODIFICATION",
          "value" : 
          [
            "PATH=path_list_prepend:J:/Code/Kernel_v2/build/msvc-validation/e8697b7e3597a578/bin"
          ]
        },
        {
          "name" : "LABELS",
          "value" : 
          [
            "B4",
            "D3.03"
          ]
        },
        {
          "name" : "TIMEOUT",
          "value" : 30.0
        },
        {
          "name" : "WORKING_DIRECTORY",
          "value" : "J:/Code/Kernel_v2/build/b4-release/tests/contract/resources"
        }
      ]
    },
    {
      "backtrace" : 159,
      "command" : 
      [
        "J:/Code/Kernel_v2/build/b4-release/tests/contract/resources/Release/ock_resources_contract.exe",
        "multi_claim_partial_failure_zero_occupancy"
      ],
      "config" : "Release",
      "name" : "T13.resources.multi_claim_partial_failure_zero_occupancy",
      "properties" : 
      [
        {
          "name" : "ENVIRONMENT_MODIFICATION",
          "value" : 
          [
            "PATH=path_list_prepend:J:/Code/Kernel_v2/build/msvc-validation/e8697b7e3597a578/bin"
          ]
        },
        {
          "name" : "LABELS",
          "value" : 
          [
            "B4",
            "D3.03"
          ]
        },
        {
          "name" : "TIMEOUT",
          "value" : 30.0
        },
        {
          "name" : "WORKING_DIRECTORY",
          "value" : "J:/Code/Kernel_v2/build/b4-release/tests/contract/resources"
        }
      ]
    },
    {
      "backtrace" : 161,
      "command" : 
      [
        "J:/Code/Kernel_v2/build/b4-release/tests/contract/resources/Release/ock_resources_contract.exe",
        "aggregate_overflow"
      ],
      "config" : "Release",
      "name" : "T13.resources.aggregate_overflow",
      "properties" : 
      [
        {
          "name" : "ENVIRONMENT_MODIFICATION",
          "value" : 
          [
            "PATH=path_list_prepend:J:/Code/Kernel_v2/build/msvc-validation/e8697b7e3597a578/bin"
          ]
        },
        {
          "name" : "LABELS",
          "value" : 
          [
            "B4",
            "D3.03"
          ]
        },
        {
          "name" : "TIMEOUT",
          "value" : 30.0
        },
        {
          "name" : "WORKING_DIRECTORY",
          "value" : "J:/Code/Kernel_v2/build/b4-release/tests/contract/resources"
        }
      ]
    },
    {
      "backtrace" : 163,
      "command" : 
      [
        "J:/Code/Kernel_v2/build/b4-release/tests/contract/resources/Release/ock_resources_contract.exe",
        "exclusive_shared_units"
      ],
      "config" : "Release",
      "name" : "T13.resources.exclusive_shared_units",
      "properties" : 
      [
        {
          "name" : "ENVIRONMENT_MODIFICATION",
          "value" : 
          [
            "PATH=path_list_prepend:J:/Code/Kernel_v2/build/msvc-validation/e8697b7e3597a578/bin"
          ]
        },
        {
          "name" : "LABELS",
          "value" : 
          [
            "B4",
            "D3.03"
          ]
        },
        {
          "name" : "TIMEOUT",
          "value" : 30.0
        },
        {
          "name" : "WORKING_DIRECTORY",
          "value" : "J:/Code/Kernel_v2/build/b4-release/tests/contract/resources"
        }
      ]
    },
    {
      "backtrace" : 165,
      "command" : 
      [
        "J:/Code/Kernel_v2/build/b4-release/tests/contract/resources/Release/ock_resources_contract.exe",
        "lease_only_own_release"
      ],
      "config" : "Release",
      "name" : "T13.resources.lease_only_own_release",
      "properties" : 
      [
        {
          "name" : "ENVIRONMENT_MODIFICATION",
          "value" : 
          [
            "PATH=path_list_prepend:J:/Code/Kernel_v2/build/msvc-validation/e8697b7e3597a578/bin"
          ]
        },
        {
          "name" : "LABELS",
          "value" : 
          [
            "B4",
            "D3.03"
          ]
        },
        {
          "name" : "TIMEOUT",
          "value" : 30.0
        },
        {
          "name" : "WORKING_DIRECTORY",
          "value" : "J:/Code/Kernel_v2/build/b4-release/tests/contract/resources"
        }
      ]
    },
    {
      "backtrace" : 167,
      "command" : 
      [
        "J:/Code/Kernel_v2/build/b4-release/tests/contract/resources/Release/ock_resources_contract.exe",
        "unknown_key_bounded"
      ],
      "config" : "Release",
      "name" : "T13.resources.unknown_key_bounded",
      "properties" : 
      [
        {
          "name" : "ENVIRONMENT_MODIFICATION",
          "value" : 
          [
            "PATH=path_list_prepend:J:/Code/Kernel_v2/build/msvc-validation/e8697b7e3597a578/bin"
          ]
        },
        {
          "name" : "LABELS",
          "value" : 
          [
            "B4",
            "D3.03"
          ]
        },
        {
          "name" : "TIMEOUT",
          "value" : 30.0
        },
        {
          "name" : "WORKING_DIRECTORY",
          "value" : "J:/Code/Kernel_v2/build/b4-release/tests/contract/resources"
        }
      ]
    },
    {
      "backtrace" : 169,
      "command" : 
      [
        "J:/Code/Kernel_v2/build/b4-release/tests/contract/resources/Release/ock_resources_contract.exe",
        "waiter_release_race"
      ],
      "config" : "Release",
      "name" : "T13.resources.waiter_release_race",
      "properties" : 
      [
        {
          "name" : "ENVIRONMENT_MODIFICATION",
          "value" : 
          [
            "PATH=path_list_prepend:J:/Code/Kernel_v2/build/msvc-validation/e8697b7e3597a578/bin"
          ]
        },
        {
          "name" : "LABELS",
          "value" : 
          [
            "B4",
            "D3.03"
          ]
        },
        {
          "name" : "TIMEOUT",
          "value" : 30.0
        },
        {
          "name" : "WORKING_DIRECTORY",
          "value" : "J:/Code/Kernel_v2/build/b4-release/tests/contract/resources"
        }
      ]
    },
    {
      "backtrace" : 171,
      "command" : 
      [
        "J:/Code/Kernel_v2/build/b4-release/tests/contract/resources/Release/ock_resources_contract.exe",
        "waiter_cancel"
      ],
      "config" : "Release",
      "name" : "T13.resources.waiter_cancel",
      "properties" : 
      [
        {
          "name" : "ENVIRONMENT_MODIFICATION",
          "value" : 
          [
            "PATH=path_list_prepend:J:/Code/Kernel_v2/build/msvc-validation/e8697b7e3597a578/bin"
          ]
        },
        {
          "name" : "LABELS",
          "value" : 
          [
            "B4",
            "D3.03"
          ]
        },
        {
          "name" : "TIMEOUT",
          "value" : 30.0
        },
        {
          "name" : "WORKING_DIRECTORY",
          "value" : "J:/Code/Kernel_v2/build/b4-release/tests/contract/resources"
        }
      ]
    },
    {
      "backtrace" : 173,
      "command" : 
      [
        "J:/Code/Kernel_v2/build/b4-release/tests/contract/resources/Release/ock_resources_contract.exe",
        "callback_outside_lock"
      ],
      "config" : "Release",
      "name" : "T13.resources.callback_outside_lock",
      "properties" : 
      [
        {
          "name" : "ENVIRONMENT_MODIFICATION",
          "value" : 
          [
            "PATH=path_list_prepend:J:/Code/Kernel_v2/build/msvc-validation/e8697b7e3597a578/bin"
          ]
        },
        {
          "name" : "LABELS",
          "value" : 
          [
            "B4",
            "D3.03"
          ]
        },
        {
          "name" : "TIMEOUT",
          "value" : 30.0
        },
        {
          "name" : "WORKING_DIRECTORY",
          "value" : "J:/Code/Kernel_v2/build/b4-release/tests/contract/resources"
        }
      ]
    },
    {
      "backtrace" : 175,
      "command" : 
      [
        "J:/Code/Kernel_v2/build/b4-release/tests/contract/resources/Release/ock_resources_contract.exe",
        "compute_commit_separation"
      ],
      "config" : "Release",
      "name" : "T13.resources.compute_commit_separation",
      "properties" : 
      [
        {
          "name" : "ENVIRONMENT_MODIFICATION",
          "value" : 
          [
            "PATH=path_list_prepend:J:/Code/Kernel_v2/build/msvc-validation/e8697b7e3597a578/bin"
          ]
        },
        {
          "name" : "LABELS",
          "value" : 
          [
            "B4",
            "D3.03"
          ]
        },
        {
          "name" : "TIMEOUT",
          "value" : 30.0
        },
        {
          "name" : "WORKING_DIRECTORY",
          "value" : "J:/Code/Kernel_v2/build/b4-release/tests/contract/resources"
        }
      ]
    },
    {
      "backtrace" : 177,
      "command" : 
      [
        "J:/Code/Kernel_v2/build/b4-release/tests/contract/resources/Release/ock_resources_contract.exe",
        "parent_wait_rejects_held_child_resources"
      ],
      "config" : "Release",
      "name" : "T13.resources.parent_wait_rejects_held_child_resources",
      "properties" : 
      [
        {
          "name" : "ENVIRONMENT_MODIFICATION",
          "value" : 
          [
            "PATH=path_list_prepend:J:/Code/Kernel_v2/build/msvc-validation/e8697b7e3597a578/bin"
          ]
        },
        {
          "name" : "LABELS",
          "value" : 
          [
            "B4",
            "D3.03"
          ]
        },
        {
          "name" : "TIMEOUT",
          "value" : 30.0
        },
        {
          "name" : "WORKING_DIRECTORY",
          "value" : "J:/Code/Kernel_v2/build/b4-release/tests/contract/resources"
        }
      ]
    },
    {
      "backtrace" : 179,
      "command" : 
      [
        "J:/Code/Kernel_v2/build/b4-release/tests/contract/resources/Release/ock_resources_contract.exe",
        "scheduler_resource_wakeup"
      ],
      "config" : "Release",
      "name" : "T13.resources.scheduler_resource_wakeup",
      "properties" : 
      [
        {
          "name" : "ENVIRONMENT_MODIFICATION",
          "value" : 
          [
            "PATH=path_list_prepend:J:/Code/Kernel_v2/build/msvc-validation/e8697b7e3597a578/bin"
          ]
        },
        {
          "name" : "LABELS",
          "value" : 
          [
            "B4",
            "D3.03"
          ]
        },
        {
          "name" : "TIMEOUT",
          "value" : 30.0
        },
        {
          "name" : "WORKING_DIRECTORY",
          "value" : "J:/Code/Kernel_v2/build/b4-release/tests/contract/resources"
        }
      ]
    },
    {
      "backtrace" : 181,
      "command" : 
      [
        "J:/Code/Kernel_v2/build/b4-release/tests/contract/resources/Release/ock_resources_contract.exe",
        "lease_reentrant_destruction"
      ],
      "config" : "Release",
      "name" : "T13.resources.lease_reentrant_destruction",
      "properties" : 
      [
        {
          "name" : "ENVIRONMENT_MODIFICATION",
          "value" : 
          [
            "PATH=path_list_prepend:J:/Code/Kernel_v2/build/msvc-validation/e8697b7e3597a578/bin"
          ]
        },
        {
          "name" : "LABELS",
          "value" : 
          [
            "B4",
            "D3.03"
          ]
        },
        {
          "name" : "TIMEOUT",
          "value" : 30.0
        },
        {
          "name" : "WORKING_DIRECTORY",
          "value" : "J:/Code/Kernel_v2/build/b4-release/tests/contract/resources"
        }
      ]
    },
    {
      "backtrace" : 183,
      "command" : 
      [
        "J:/Code/Kernel_v2/build/b4-release/tests/contract/resources/Release/ock_resources_contract.exe",
        "waiter_reentrant_destruction"
      ],
      "config" : "Release",
      "name" : "T13.resources.waiter_reentrant_destruction",
      "properties" : 
      [
        {
          "name" : "ENVIRONMENT_MODIFICATION",
          "value" : 
          [
            "PATH=path_list_prepend:J:/Code/Kernel_v2/build/msvc-validation/e8697b7e3597a578/bin"
          ]
        },
        {
          "name" : "LABELS",
          "value" : 
          [
            "B4",
            "D3.03"
          ]
        },
        {
          "name" : "TIMEOUT",
          "value" : 30.0
        },
        {
          "name" : "WORKING_DIRECTORY",
          "value" : "J:/Code/Kernel_v2/build/b4-release/tests/contract/resources"
        }
      ]
    },
    {
      "backtrace" : 185,
      "command" : 
      [
        "J:/Code/Kernel_v2/build/b4-release/tests/contract/resources/Release/ock_resources_contract.exe",
        "resource_key_boundaries"
      ],
      "config" : "Release",
      "name" : "T13.resources.resource_key_boundaries",
      "properties" : 
      [
        {
          "name" : "ENVIRONMENT_MODIFICATION",
          "value" : 
          [
            "PATH=path_list_prepend:J:/Code/Kernel_v2/build/msvc-validation/e8697b7e3597a578/bin"
          ]
        },
        {
          "name" : "LABELS",
          "value" : 
          [
            "B4",
            "D3.03"
          ]
        },
        {
          "name" : "TIMEOUT",
          "value" : 30.0
        },
        {
          "name" : "WORKING_DIRECTORY",
          "value" : "J:/Code/Kernel_v2/build/b4-release/tests/contract/resources"
        }
      ]
    },
    {
      "backtrace" : 187,
      "command" : 
      [
        "J:/Code/Kernel_v2/build/b4-release/tests/contract/resources/Release/ock_resources_contract.exe",
        "execution_binding"
      ],
      "config" : "Release",
      "name" : "T13.resources.execution_binding",
      "properties" : 
      [
        {
          "name" : "ENVIRONMENT_MODIFICATION",
          "value" : 
          [
            "PATH=path_list_prepend:J:/Code/Kernel_v2/build/msvc-validation/e8697b7e3597a578/bin"
          ]
        },
        {
          "name" : "LABELS",
          "value" : 
          [
            "B5",
            "D3.04",
            "D3.05"
          ]
        },
        {
          "name" : "TIMEOUT",
          "value" : 30.0
        },
        {
          "name" : "WORKING_DIRECTORY",
          "value" : "J:/Code/Kernel_v2/build/b4-release/tests/contract/resources"
        }
      ]
    },
    {
      "backtrace" : 189,
      "command" : 
      [
        "J:/Code/Kernel_v2/build/b4-release/tests/contract/resources/Release/ock_resources_contract.exe",
        "execution_running_cancel"
      ],
      "config" : "Release",
      "name" : "T13.resources.execution_running_cancel",
      "properties" : 
      [
        {
          "name" : "ENVIRONMENT_MODIFICATION",
          "value" : 
          [
            "PATH=path_list_prepend:J:/Code/Kernel_v2/build/msvc-validation/e8697b7e3597a578/bin"
          ]
        },
        {
          "name" : "LABELS",
          "value" : 
          [
            "B5",
            "D3.04",
            "D3.05"
          ]
        },
        {
          "name" : "TIMEOUT",
          "value" : 30.0
        },
        {
          "name" : "WORKING_DIRECTORY",
          "value" : "J:/Code/Kernel_v2/build/b4-release/tests/contract/resources"
        }
      ]
    },
    {
      "backtrace" : 191,
      "command" : 
      [
        "J:/Code/Kernel_v2/build/b4-release/tests/contract/resources/Release/ock_resources_contract.exe",
        "execution_binding_interleavings"
      ],
      "config" : "Release",
      "name" : "T13.resources.execution_binding_interleavings",
      "properties" : 
      [
        {
          "name" : "ENVIRONMENT_MODIFICATION",
          "value" : 
          [
            "PATH=path_list_prepend:J:/Code/Kernel_v2/build/msvc-validation/e8697b7e3597a578/bin"
          ]
        },
        {
          "name" : "LABELS",
          "value" : 
          [
            "B5",
            "D3.04",
            "D3.05"
          ]
        },
        {
          "name" : "TIMEOUT",
          "value" : 30.0
        },
        {
          "name" : "WORKING_DIRECTORY",
          "value" : "J:/Code/Kernel_v2/build/b4-release/tests/contract/resources"
        }
      ]
    },
    {
      "backtrace" : 193,
      "command" : 
      [
        "J:/Code/Kernel_v2/build/runtime/python311/python.exe",
        "-X",
        "utf8",
        "J:/Code/Kernel_v2/tests/integration/windows_ipc/two_process.py",
        "J:/Code/Kernel_v2/build/b4-release/tests/integration/windows_ipc/Release/ock_ipc_peer.exe"
      ],
      "config" : "Release",
      "name" : "T20.ipc.two_process",
      "properties" : 
      [
        {
          "name" : "ENVIRONMENT_MODIFICATION",
          "value" : 
          [
            "PATH=path_list_prepend:J:/Code/Kernel_v2/build/msvc-validation/e8697b7e3597a578/bin"
          ]
        },
        {
          "name" : "LABELS",
          "value" : 
          [
            "B3",
            "D2.05"
          ]
        },
        {
          "name" : "TIMEOUT",
          "value" : 45.0
        },
        {
          "name" : "WORKING_DIRECTORY",
          "value" : "J:/Code/Kernel_v2/build/b4-release/tests/integration/windows_ipc"
        }
      ]
    },
    {
      "backtrace" : 195,
      "command" : 
      [
        "J:/Code/Kernel_v2/build/runtime/python311/python.exe",
        "-X",
        "utf8",
        "J:/Code/Kernel_v2/tests/integration/windows_ipc/observation.py",
        "J:/Code/Kernel_v2/build/b4-release/tests/integration/windows_ipc/Release/ock_ipc_observation_peer.exe"
      ],
      "config" : "Release",
      "name" : "T19.ipc.authorization_start",
      "properties" : 
      [
        {
          "name" : "ENVIRONMENT_MODIFICATION",
          "value" : 
          [
            "PATH=path_list_prepend:J:/Code/Kernel_v2/build/msvc-validation/e8697b7e3597a578/bin"
          ]
        },
        {
          "name" : "LABELS",
          "value" : 
          [
            "B3",
            "D2.05"
          ]
        },
        {
          "name" : "TIMEOUT",
          "value" : 45.0
        },
        {
          "name" : "WORKING_DIRECTORY",
          "value" : "J:/Code/Kernel_v2/build/b4-release/tests/integration/windows_ipc"
        }
      ]
    },
    {
      "backtrace" : 197,
      "command" : 
      [
        "J:/Code/Kernel_v2/build/runtime/python311/python.exe",
        "-X",
        "utf8",
        "J:/Code/Kernel_v2/tests/integration/windows_ipc/pressure.py",
        "J:/Code/Kernel_v2/build/b4-release/tests/integration/windows_ipc/Release/ock_ipc_pressure_peer.exe"
      ],
      "config" : "Release",
      "name" : "T22.ipc.backpressure",
      "properties" : 
      [
        {
          "name" : "ENVIRONMENT_MODIFICATION",
          "value" : 
          [
            "PATH=path_list_prepend:J:/Code/Kernel_v2/build/msvc-validation/e8697b7e3597a578/bin"
          ]
        },
        {
          "name" : "LABELS",
          "value" : 
          [
            "B3",
            "D2.05"
          ]
        },
        {
          "name" : "TIMEOUT",
          "value" : 45.0
        },
        {
          "name" : "WORKING_DIRECTORY",
          "value" : "J:/Code/Kernel_v2/build/b4-release/tests/integration/windows_ipc"
        }
      ]
    },
    {
      "backtrace" : 199,
      "command" : 
      [
        "J:/Code/Kernel_v2/build/runtime/python311/python.exe",
        "-X",
        "utf8",
        "J:/Code/Kernel_v2/tests/integration/cli/managed.py",
        "J:/Code/Kernel_v2/build/b4-release/examples/managed_service/Release/ock_managed_service.exe",
        "J:/Code/Kernel_v2/build/b4-release/apps/ock/Release/ock.exe"
      ],
      "config" : "Release",
      "name" : "T20.cli.managed_roundtrip",
      "properties" : 
      [
        {
          "name" : "ENVIRONMENT_MODIFICATION",
          "value" : 
          [
            "PATH=path_list_prepend:J:/Code/Kernel_v2/build/msvc-validation/e8697b7e3597a578/bin"
          ]
        },
        {
          "name" : "LABELS",
          "value" : 
          [
            "B5",
            "D3.07"
          ]
        },
        {
          "name" : "TIMEOUT",
          "value" : 90.0
        },
        {
          "name" : "WORKING_DIRECTORY",
          "value" : "J:/Code/Kernel_v2/build/b4-release/tests/integration/cli"
        }
      ]
    },
    {
      "backtrace" : 201,
      "command" : 
      [
        "J:/Code/Kernel_v2/build/runtime/python311/python.exe",
        "-X",
        "utf8",
        "J:/Code/Kernel_v2/tests/integration/cli/managed_wire.py",
        "J:/Code/Kernel_v2/build/b4-release/examples/managed_service/Release/ock_managed_service.exe"
      ],
      "config" : "Release",
      "name" : "T20.cli.managed_wire",
      "properties" : 
      [
        {
          "name" : "ENVIRONMENT_MODIFICATION",
          "value" : 
          [
            "PATH=path_list_prepend:J:/Code/Kernel_v2/build/msvc-validation/e8697b7e3597a578/bin"
          ]
        },
        {
          "name" : "LABELS",
          "value" : 
          [
            "B5",
            "D3.07"
          ]
        },
        {
          "name" : "TIMEOUT",
          "value" : 180.0
        },
        {
          "name" : "WORKING_DIRECTORY",
          "value" : "J:/Code/Kernel_v2/build/b4-release/tests/integration/cli"
        }
      ]
    },
    {
      "backtrace" : 203,
      "command" : 
      [
        "J:/Code/Kernel_v2/build/runtime/python311/python.exe",
        "-X",
        "utf8",
        "J:/Code/Kernel_v2/tests/integration/cli/managed_interrupt.py",
        "J:/Code/Kernel_v2/build/b4-release/examples/managed_service/Release/ock_managed_service.exe",
        "J:/Code/Kernel_v2/build/b4-release/apps/ock/Release/ock.exe"
      ],
      "config" : "Release",
      "name" : "T20.cli.managed_interrupt",
      "properties" : 
      [
        {
          "name" : "ENVIRONMENT_MODIFICATION",
          "value" : 
          [
            "PATH=path_list_prepend:J:/Code/Kernel_v2/build/msvc-validation/e8697b7e3597a578/bin"
          ]
        },
        {
          "name" : "LABELS",
          "value" : 
          [
            "B5",
            "D3.07"
          ]
        },
        {
          "name" : "TIMEOUT",
          "value" : 90.0
        },
        {
          "name" : "WORKING_DIRECTORY",
          "value" : "J:/Code/Kernel_v2/build/b4-release/tests/integration/cli"
        }
      ]
    },
    {
      "backtrace" : 205,
      "command" : 
      [
        "J:/Code/Kernel_v2/build/runtime/python311/python.exe",
        "-X",
        "utf8",
        "J:/Code/Kernel_v2/tests/integration/cli/managed_slow.py",
        "J:/Code/Kernel_v2/build/b4-release/examples/managed_service/Release/ock_managed_service.exe",
        "J:/Code/Kernel_v2/build/b4-release/apps/ock/Release/ock.exe"
      ],
      "config" : "Release",
      "name" : "T20.cli.managed_slow",
      "properties" : 
      [
        {
          "name" : "ENVIRONMENT_MODIFICATION",
          "value" : 
          [
            "PATH=path_list_prepend:J:/Code/Kernel_v2/build/msvc-validation/e8697b7e3597a578/bin"
          ]
        },
        {
          "name" : "LABELS",
          "value" : 
          [
            "B5",
            "D3.07"
          ]
        },
        {
          "name" : "TIMEOUT",
          "value" : 120.0
        },
        {
          "name" : "WORKING_DIRECTORY",
          "value" : "J:/Code/Kernel_v2/build/b4-release/tests/integration/cli"
        }
      ]
    },
    {
      "backtrace" : 207,
      "command" : 
      [
        "J:/Code/Kernel_v2/build/runtime/python311/python.exe",
        "-X",
        "utf8",
        "J:/Code/Kernel_v2/tests/integration/cli/managed_slow_timeout.py",
        "J:/Code/Kernel_v2/build/b4-release/examples/managed_service/Release/ock_managed_service.exe"
      ],
      "config" : "Release",
      "name" : "T20.cli.managed_slow_timeout",
      "properties" : 
      [
        {
          "name" : "ENVIRONMENT_MODIFICATION",
          "value" : 
          [
            "PATH=path_list_prepend:J:/Code/Kernel_v2/build/msvc-validation/e8697b7e3597a578/bin"
          ]
        },
        {
          "name" : "LABELS",
          "value" : 
          [
            "B5",
            "D3.07"
          ]
        },
        {
          "name" : "TIMEOUT",
          "value" : 60.0
        },
        {
          "name" : "WORKING_DIRECTORY",
          "value" : "J:/Code/Kernel_v2/build/b4-release/tests/integration/cli"
        }
      ]
    },
    {
      "backtrace" : 209,
      "command" : 
      [
        "J:/Code/Kernel_v2/build/b4-release/tests/integration/cli/Release/ock_client_contract.exe",
        "protocol"
      ],
      "config" : "Release",
      "name" : "T20.client.protocol",
      "properties" : 
      [
        {
          "name" : "ENVIRONMENT_MODIFICATION",
          "value" : 
          [
            "PATH=path_list_prepend:J:/Code/Kernel_v2/build/msvc-validation/e8697b7e3597a578/bin"
          ]
        },
        {
          "name" : "LABELS",
          "value" : 
          [
            "B3",
            "D2.06"
          ]
        },
        {
          "name" : "TIMEOUT",
          "value" : 15.0
        },
        {
          "name" : "WORKING_DIRECTORY",
          "value" : "J:/Code/Kernel_v2/build/b4-release/tests/integration/cli"
        }
      ]
    },
    {
      "backtrace" : 211,
      "command" : 
      [
        "J:/Code/Kernel_v2/build/b4-release/tests/integration/cli/Release/ock_client_contract.exe",
        "watch"
      ],
      "config" : "Release",
      "name" : "T20.client.watch",
      "properties" : 
      [
        {
          "name" : "ENVIRONMENT_MODIFICATION",
          "value" : 
          [
            "PATH=path_list_prepend:J:/Code/Kernel_v2/build/msvc-validation/e8697b7e3597a578/bin"
          ]
        },
        {
          "name" : "LABELS",
          "value" : 
          [
            "B3",
            "D2.06"
          ]
        },
        {
          "name" : "TIMEOUT",
          "value" : 15.0
        },
        {
          "name" : "WORKING_DIRECTORY",
          "value" : "J:/Code/Kernel_v2/build/b4-release/tests/integration/cli"
        }
      ]
    },
    {
      "backtrace" : 213,
      "command" : 
      [
        "J:/Code/Kernel_v2/build/b4-release/tests/integration/cli/Release/ock_client_contract.exe",
        "exit_codes"
      ],
      "config" : "Release",
      "name" : "T20.client.exit_codes",
      "properties" : 
      [
        {
          "name" : "ENVIRONMENT_MODIFICATION",
          "value" : 
          [
            "PATH=path_list_prepend:J:/Code/Kernel_v2/build/msvc-validation/e8697b7e3597a578/bin"
          ]
        },
        {
          "name" : "LABELS",
          "value" : 
          [
            "B3",
            "D2.06"
          ]
        },
        {
          "name" : "TIMEOUT",
          "value" : 15.0
        },
        {
          "name" : "WORKING_DIRECTORY",
          "value" : "J:/Code/Kernel_v2/build/b4-release/tests/integration/cli"
        }
      ]
    },
    {
      "backtrace" : 215,
      "command" : 
      [
        "J:/Code/Kernel_v2/build/b4-release/tests/unit/data/Release/protocol_contract.exe"
      ],
      "config" : "Release",
      "name" : "T06.protocol.frames",
      "properties" : 
      [
        {
          "name" : "ENVIRONMENT_MODIFICATION",
          "value" : 
          [
            "PATH=path_list_prepend:J:/Code/Kernel_v2/build/msvc-validation/e8697b7e3597a578/bin"
          ]
        },
        {
          "name" : "TIMEOUT",
          "value" : 20.0
        },
        {
          "name" : "WORKING_DIRECTORY",
          "value" : "J:/Code/Kernel_v2/build/b4-release/tests/unit/data"
        }
      ]
    },
    {
      "backtrace" : 217,
      "command" : 
      [
        "J:/Code/Kernel_v2/build/b4-release/tests/unit/data/Release/cursor_contract.exe",
        "J:/Code/Kernel_v2/tests/control/golden/cursor.json"
      ],
      "config" : "Release",
      "name" : "T20.protocol.cursor",
      "properties" : 
      [
        {
          "name" : "ENVIRONMENT_MODIFICATION",
          "value" : 
          [
            "PATH=path_list_prepend:J:/Code/Kernel_v2/build/msvc-validation/e8697b7e3597a578/bin"
          ]
        },
        {
          "name" : "TIMEOUT",
          "value" : 20.0
        },
        {
          "name" : "WORKING_DIRECTORY",
          "value" : "J:/Code/Kernel_v2/build/b4-release/tests/unit/data"
        }
      ]
    },
    {
      "backtrace" : 219,
      "command" : 
      [
        "J:/Code/Kernel_v2/build/b4-release/tests/unit/data/Release/router_contract.exe"
      ],
      "config" : "Release",
      "name" : "T06.protocol.router",
      "properties" : 
      [
        {
          "name" : "ENVIRONMENT_MODIFICATION",
          "value" : 
          [
            "PATH=path_list_prepend:J:/Code/Kernel_v2/build/msvc-validation/e8697b7e3597a578/bin"
          ]
        },
        {
          "name" : "TIMEOUT",
          "value" : 20.0
        },
        {
          "name" : "WORKING_DIRECTORY",
          "value" : "J:/Code/Kernel_v2/build/b4-release/tests/unit/data"
        }
      ]
    },
    {
      "backtrace" : 221,
      "command" : 
      [
        "J:/Code/Kernel_v2/build/b4-release/tests/unit/data/Release/observation_wire_contract.exe"
      ],
      "config" : "Release",
      "name" : "T19.protocol.observation_wire",
      "properties" : 
      [
        {
          "name" : "ENVIRONMENT_MODIFICATION",
          "value" : 
          [
            "PATH=path_list_prepend:J:/Code/Kernel_v2/build/msvc-validation/e8697b7e3597a578/bin"
          ]
        },
        {
          "name" : "TIMEOUT",
          "value" : 20.0
        },
        {
          "name" : "WORKING_DIRECTORY",
          "value" : "J:/Code/Kernel_v2/build/b4-release/tests/unit/data"
        }
      ]
    },
    {
      "backtrace" : 223,
      "command" : 
      [
        "J:/Code/Kernel_v2/build/b4-release/tests/unit/data/Release/subscription_contract.exe",
        "J:/Code/Kernel_v2/schemas/rpc-v1/notifications.schema.json",
        "J:/Code/Kernel_v2/schemas/rpc-v1/common.schema.json"
      ],
      "config" : "Release",
      "name" : "T19.protocol.subscription",
      "properties" : 
      [
        {
          "name" : "ENVIRONMENT_MODIFICATION",
          "value" : 
          [
            "PATH=path_list_prepend:J:/Code/Kernel_v2/build/msvc-validation/e8697b7e3597a578/bin"
          ]
        },
        {
          "name" : "TIMEOUT",
          "value" : 20.0
        },
        {
          "name" : "WORKING_DIRECTORY",
          "value" : "J:/Code/Kernel_v2/build/b4-release/tests/unit/data"
        }
      ]
    },
    {
      "backtrace" : 225,
      "command" : 
      [
        "J:/Code/Kernel_v2/build/b4-release/tests/unit/data/Release/list_contract.exe",
        "J:/Code/Kernel_v2/schemas/rpc-v1/execution-list.schema.json",
        "J:/Code/Kernel_v2/schemas/rpc-v1/common.schema.json"
      ],
      "config" : "Release",
      "name" : "T20.protocol.list",
      "properties" : 
      [
        {
          "name" : "ENVIRONMENT_MODIFICATION",
          "value" : 
          [
            "PATH=path_list_prepend:J:/Code/Kernel_v2/build/msvc-validation/e8697b7e3597a578/bin"
          ]
        },
        {
          "name" : "TIMEOUT",
          "value" : 30.0
        },
        {
          "name" : "WORKING_DIRECTORY",
          "value" : "J:/Code/Kernel_v2/build/b4-release/tests/unit/data"
        }
      ]
    },
    {
      "backtrace" : 227,
      "command" : 
      [
        "J:/Code/Kernel_v2/build/b4-release/tests/unit/data/Release/dynamic_submit_contract.exe"
      ],
      "config" : "Release",
      "name" : "T03.binding.submit",
      "properties" : 
      [
        {
          "name" : "ENVIRONMENT_MODIFICATION",
          "value" : 
          [
            "PATH=path_list_prepend:J:/Code/Kernel_v2/build/msvc-validation/e8697b7e3597a578/bin"
          ]
        },
        {
          "name" : "LABELS",
          "value" : 
          [
            "B5",
            "D3.07"
          ]
        },
        {
          "name" : "TIMEOUT",
          "value" : 30.0
        },
        {
          "name" : "WORKING_DIRECTORY",
          "value" : "J:/Code/Kernel_v2/build/b4-release/tests/unit/data"
        }
      ]
    },
    {
      "backtrace" : 229,
      "command" : 
      [
        "J:/Code/Kernel_v2/build/b4-release/tests/unit/data/Release/outcome_wire_contract.exe",
        "J:/Code/Kernel_v2/schemas/rpc-v1/outcome.schema.json"
      ],
      "config" : "Release",
      "name" : "T06.protocol.outcome",
      "properties" : 
      [
        {
          "name" : "ENVIRONMENT_MODIFICATION",
          "value" : 
          [
            "PATH=path_list_prepend:J:/Code/Kernel_v2/build/msvc-validation/e8697b7e3597a578/bin"
          ]
        },
        {
          "name" : "TIMEOUT",
          "value" : 30.0
        },
        {
          "name" : "WORKING_DIRECTORY",
          "value" : "J:/Code/Kernel_v2/build/b4-release/tests/unit/data"
        }
      ]
    },
    {
      "command" : 
      [
        "J:/Code/Kernel_v2/build/b4-release/tests/contract/native/Release/ock_native_tests.exe",
        "T03.native.cancel_and_budget"
      ],
      "config" : "Release",
      "name" : "T03.native.cancel_and_budget",
      "properties" : 
      [
        {
          "name" : "ENVIRONMENT",
          "value" : 
          [
            "MSBUILDDISABLENODEREUSE=1"
          ]
        },
        {
          "name" : "ENVIRONMENT_MODIFICATION",
          "value" : 
          [
            "PATH=path_list_prepend:J:/Code/Kernel_v2/build/msvc-validation/e8697b7e3597a578/bin"
          ]
        },
        {
          "name" : "LABELS",
          "value" : 
          [
            "D1.05"
          ]
        },
        {
          "name" : "TIMEOUT",
          "value" : 600.0
        },
        {
          "name" : "WORKING_DIRECTORY",
          "value" : "J:/Code/Kernel_v2/build/b4-release/tests/contract/native"
        }
      ]
    },
    {
      "command" : 
      [
        "J:/Code/Kernel_v2/build/b4-release/tests/contract/native/Release/ock_native_tests.exe",
        "T03.native.execution_service_control"
      ],
      "config" : "Release",
      "name" : "T03.native.execution_service_control",
      "properties" : 
      [
        {
          "name" : "ENVIRONMENT",
          "value" : 
          [
            "MSBUILDDISABLENODEREUSE=1"
          ]
        },
        {
          "name" : "ENVIRONMENT_MODIFICATION",
          "value" : 
          [
            "PATH=path_list_prepend:J:/Code/Kernel_v2/build/msvc-validation/e8697b7e3597a578/bin"
          ]
        },
        {
          "name" : "LABELS",
          "value" : 
          [
            "B5",
            "D3.04"
          ]
        },
        {
          "name" : "TIMEOUT",
          "value" : 600.0
        },
        {
          "name" : "WORKING_DIRECTORY",
          "value" : "J:/Code/Kernel_v2/build/b4-release/tests/contract/native"
        }
      ]
    },
    {
      "command" : 
      [
        "J:/Code/Kernel_v2/build/b4-release/tests/contract/native/Release/ock_native_tests.exe",
        "T03.native.execution_table_ownership"
      ],
      "config" : "Release",
      "name" : "T03.native.execution_table_ownership",
      "properties" : 
      [
        {
          "name" : "ENVIRONMENT",
          "value" : 
          [
            "MSBUILDDISABLENODEREUSE=1"
          ]
        },
        {
          "name" : "ENVIRONMENT_MODIFICATION",
          "value" : 
          [
            "PATH=path_list_prepend:J:/Code/Kernel_v2/build/msvc-validation/e8697b7e3597a578/bin"
          ]
        },
        {
          "name" : "LABELS",
          "value" : 
          [
            "B5",
            "D3.04"
          ]
        },
        {
          "name" : "TIMEOUT",
          "value" : 600.0
        },
        {
          "name" : "WORKING_DIRECTORY",
          "value" : "J:/Code/Kernel_v2/build/b4-release/tests/contract/native"
        }
      ]
    },
    {
      "command" : 
      [
        "J:/Code/Kernel_v2/build/b4-release/tests/contract/native/Release/ock_native_tests.exe",
        "T03.native.host_async_completion"
      ],
      "config" : "Release",
      "name" : "T03.native.host_async_completion",
      "properties" : 
      [
        {
          "name" : "ENVIRONMENT",
          "value" : 
          [
            "MSBUILDDISABLENODEREUSE=1"
          ]
        },
        {
          "name" : "ENVIRONMENT_MODIFICATION",
          "value" : 
          [
            "PATH=path_list_prepend:J:/Code/Kernel_v2/build/msvc-validation/e8697b7e3597a578/bin"
          ]
        },
        {
          "name" : "LABELS",
          "value" : 
          [
            "B5",
            "D3.04"
          ]
        },
        {
          "name" : "TIMEOUT",
          "value" : 600.0
        },
        {
          "name" : "WORKING_DIRECTORY",
          "value" : "J:/Code/Kernel_v2/build/b4-release/tests/contract/native"
        }
      ]
    },
    {
      "command" : 
      [
        "J:/Code/Kernel_v2/build/b4-release/tests/contract/native/Release/ock_native_tests.exe",
        "T03.native.host_async_deadline"
      ],
      "config" : "Release",
      "name" : "T03.native.host_async_deadline",
      "properties" : 
      [
        {
          "name" : "ENVIRONMENT",
          "value" : 
          [
            "MSBUILDDISABLENODEREUSE=1"
          ]
        },
        {
          "name" : "ENVIRONMENT_MODIFICATION",
          "value" : 
          [
            "PATH=path_list_prepend:J:/Code/Kernel_v2/build/msvc-validation/e8697b7e3597a578/bin"
          ]
        },
        {
          "name" : "LABELS",
          "value" : 
          [
            "B5",
            "D3.04"
          ]
        },
        {
          "name" : "TIMEOUT",
          "value" : 600.0
        },
        {
          "name" : "WORKING_DIRECTORY",
          "value" : "J:/Code/Kernel_v2/build/b4-release/tests/contract/native"
        }
      ]
    },
    {
      "command" : 
      [
        "J:/Code/Kernel_v2/build/b4-release/tests/contract/native/Release/ock_native_tests.exe",
        "T03.native.host_async_drain"
      ],
      "config" : "Release",
      "name" : "T03.native.host_async_drain",
      "properties" : 
      [
        {
          "name" : "ENVIRONMENT",
          "value" : 
          [
            "MSBUILDDISABLENODEREUSE=1"
          ]
        },
        {
          "name" : "ENVIRONMENT_MODIFICATION",
          "value" : 
          [
            "PATH=path_list_prepend:J:/Code/Kernel_v2/build/msvc-validation/e8697b7e3597a578/bin"
          ]
        },
        {
          "name" : "LABELS",
          "value" : 
          [
            "B5",
            "D3.04"
          ]
        },
        {
          "name" : "TIMEOUT",
          "value" : 600.0
        },
        {
          "name" : "WORKING_DIRECTORY",
          "value" : "J:/Code/Kernel_v2/build/b4-release/tests/contract/native"
        }
      ]
    },
    {
      "command" : 
      [
        "J:/Code/Kernel_v2/build/b4-release/tests/contract/native/Release/ock_native_tests.exe",
        "T03.native.host_cached_result_sessions"
      ],
      "config" : "Release",
      "name" : "T03.native.host_cached_result_sessions",
      "properties" : 
      [
        {
          "name" : "ENVIRONMENT",
          "value" : 
          [
            "MSBUILDDISABLENODEREUSE=1"
          ]
        },
        {
          "name" : "ENVIRONMENT_MODIFICATION",
          "value" : 
          [
            "PATH=path_list_prepend:J:/Code/Kernel_v2/build/msvc-validation/e8697b7e3597a578/bin"
          ]
        },
        {
          "name" : "LABELS",
          "value" : 
          [
            "B5",
            "D3.04"
          ]
        },
        {
          "name" : "TIMEOUT",
          "value" : 600.0
        },
        {
          "name" : "WORKING_DIRECTORY",
          "value" : "J:/Code/Kernel_v2/build/b4-release/tests/contract/native"
        }
      ]
    },
    {
      "command" : 
      [
        "J:/Code/Kernel_v2/build/b4-release/tests/contract/native/Release/ock_native_tests.exe",
        "T03.native.host_combined_drain"
      ],
      "config" : "Release",
      "name" : "T03.native.host_combined_drain",
      "properties" : 
      [
        {
          "name" : "ENVIRONMENT",
          "value" : 
          [
            "MSBUILDDISABLENODEREUSE=1"
          ]
        },
        {
          "name" : "ENVIRONMENT_MODIFICATION",
          "value" : 
          [
            "PATH=path_list_prepend:J:/Code/Kernel_v2/build/msvc-validation/e8697b7e3597a578/bin"
          ]
        },
        {
          "name" : "LABELS",
          "value" : 
          [
            "B5",
            "D3.07"
          ]
        },
        {
          "name" : "TIMEOUT",
          "value" : 60.0
        },
        {
          "name" : "WORKING_DIRECTORY",
          "value" : "J:/Code/Kernel_v2/build/b4-release/tests/contract/native"
        }
      ]
    },
    {
      "command" : 
      [
        "J:/Code/Kernel_v2/build/b4-release/tests/contract/native/Release/ock_native_tests.exe",
        "T03.native.host_execution_lifecycle"
      ],
      "config" : "Release",
      "name" : "T03.native.host_execution_lifecycle",
      "properties" : 
      [
        {
          "name" : "ENVIRONMENT",
          "value" : 
          [
            "MSBUILDDISABLENODEREUSE=1"
          ]
        },
        {
          "name" : "ENVIRONMENT_MODIFICATION",
          "value" : 
          [
            "PATH=path_list_prepend:J:/Code/Kernel_v2/build/msvc-validation/e8697b7e3597a578/bin"
          ]
        },
        {
          "name" : "LABELS",
          "value" : 
          [
            "B5",
            "D3.04"
          ]
        },
        {
          "name" : "TIMEOUT",
          "value" : 600.0
        },
        {
          "name" : "WORKING_DIRECTORY",
          "value" : "J:/Code/Kernel_v2/build/b4-release/tests/contract/native"
        }
      ]
    },
    {
      "command" : 
      [
        "J:/Code/Kernel_v2/build/b4-release/tests/contract/native/Release/ock_native_tests.exe",
        "T03.native.host_execution_resources"
      ],
      "config" : "Release",
      "name" : "T03.native.host_execution_resources",
      "properties" : 
      [
        {
          "name" : "ENVIRONMENT",
          "value" : 
          [
            "MSBUILDDISABLENODEREUSE=1"
          ]
        },
        {
          "name" : "ENVIRONMENT_MODIFICATION",
          "value" : 
          [
            "PATH=path_list_prepend:J:/Code/Kernel_v2/build/msvc-validation/e8697b7e3597a578/bin"
          ]
        },
        {
          "name" : "LABELS",
          "value" : 
          [
            "B5",
            "D3.04"
          ]
        },
        {
          "name" : "TIMEOUT",
          "value" : 600.0
        },
        {
          "name" : "WORKING_DIRECTORY",
          "value" : "J:/Code/Kernel_v2/build/b4-release/tests/contract/native"
        }
      ]
    },
    {
      "command" : 
      [
        "J:/Code/Kernel_v2/build/b4-release/tests/contract/native/Release/ock_native_tests.exe",
        "T03.native.host_observation_drain"
      ],
      "config" : "Release",
      "name" : "T03.native.host_observation_drain",
      "properties" : 
      [
        {
          "name" : "ENVIRONMENT",
          "value" : 
          [
            "MSBUILDDISABLENODEREUSE=1"
          ]
        },
        {
          "name" : "ENVIRONMENT_MODIFICATION",
          "value" : 
          [
            "PATH=path_list_prepend:J:/Code/Kernel_v2/build/msvc-validation/e8697b7e3597a578/bin"
          ]
        },
        {
          "name" : "LABELS",
          "value" : 
          [
            "B5",
            "D3.04"
          ]
        },
        {
          "name" : "TIMEOUT",
          "value" : 600.0
        },
        {
          "name" : "WORKING_DIRECTORY",
          "value" : "J:/Code/Kernel_v2/build/b4-release/tests/contract/native"
        }
      ]
    },
    {
      "command" : 
      [
        "J:/Code/Kernel_v2/build/b4-release/tests/contract/native/Release/ock_native_tests.exe",
        "T03.native.host_required_record"
      ],
      "config" : "Release",
      "name" : "T03.native.host_required_record",
      "properties" : 
      [
        {
          "name" : "ENVIRONMENT",
          "value" : 
          [
            "MSBUILDDISABLENODEREUSE=1"
          ]
        },
        {
          "name" : "ENVIRONMENT_MODIFICATION",
          "value" : 
          [
            "PATH=path_list_prepend:J:/Code/Kernel_v2/build/msvc-validation/e8697b7e3597a578/bin"
          ]
        },
        {
          "name" : "LABELS",
          "value" : 
          [
            "B5",
            "D3.04"
          ]
        },
        {
          "name" : "TIMEOUT",
          "value" : 600.0
        },
        {
          "name" : "WORKING_DIRECTORY",
          "value" : "J:/Code/Kernel_v2/build/b4-release/tests/contract/native"
        }
      ]
    },
    {
      "command" : 
      [
        "J:/Code/Kernel_v2/build/b4-release/tests/contract/native/Release/ock_native_tests.exe",
        "T03.native.host_required_record_drain"
      ],
      "config" : "Release",
      "name" : "T03.native.host_required_record_drain",
      "properties" : 
      [
        {
          "name" : "ENVIRONMENT",
          "value" : 
          [
            "MSBUILDDISABLENODEREUSE=1"
          ]
        },
        {
          "name" : "ENVIRONMENT_MODIFICATION",
          "value" : 
          [
            "PATH=path_list_prepend:J:/Code/Kernel_v2/build/msvc-validation/e8697b7e3597a578/bin"
          ]
        },
        {
          "name" : "LABELS",
          "value" : 
          [
            "B5",
            "D3.04"
          ]
        },
        {
          "name" : "TIMEOUT",
          "value" : 600.0
        },
        {
          "name" : "WORKING_DIRECTORY",
          "value" : "J:/Code/Kernel_v2/build/b4-release/tests/contract/native"
        }
      ]
    },
    {
      "command" : 
      [
        "J:/Code/Kernel_v2/build/b4-release/tests/contract/native/Release/ock_native_tests.exe",
        "T03.native.host_structured_lifetime"
      ],
      "config" : "Release",
      "name" : "T03.native.host_structured_lifetime",
      "properties" : 
      [
        {
          "name" : "ENVIRONMENT",
          "value" : 
          [
            "MSBUILDDISABLENODEREUSE=1"
          ]
        },
        {
          "name" : "ENVIRONMENT_MODIFICATION",
          "value" : 
          [
            "PATH=path_list_prepend:J:/Code/Kernel_v2/build/msvc-validation/e8697b7e3597a578/bin"
          ]
        },
        {
          "name" : "LABELS",
          "value" : 
          [
            "B5",
            "D3.04"
          ]
        },
        {
          "name" : "TIMEOUT",
          "value" : 600.0
        },
        {
          "name" : "WORKING_DIRECTORY",
          "value" : "J:/Code/Kernel_v2/build/b4-release/tests/contract/native"
        }
      ]
    },
    {
      "command" : 
      [
        "J:/Code/Kernel_v2/build/b4-release/tests/contract/native/Release/ock_native_tests.exe",
        "T03.native.managed_execution_path"
      ],
      "config" : "Release",
      "name" : "T03.native.managed_execution_path",
      "properties" : 
      [
        {
          "name" : "ENVIRONMENT",
          "value" : 
          [
            "MSBUILDDISABLENODEREUSE=1"
          ]
        },
        {
          "name" : "ENVIRONMENT_MODIFICATION",
          "value" : 
          [
            "PATH=path_list_prepend:J:/Code/Kernel_v2/build/msvc-validation/e8697b7e3597a578/bin"
          ]
        },
        {
          "name" : "LABELS",
          "value" : 
          [
            "B5",
            "D3.04"
          ]
        },
        {
          "name" : "TIMEOUT",
          "value" : 600.0
        },
        {
          "name" : "WORKING_DIRECTORY",
          "value" : "J:/Code/Kernel_v2/build/b4-release/tests/contract/native"
        }
      ]
    },
    {
      "command" : 
      [
        "J:/Code/Kernel_v2/build/b4-release/tests/contract/native/Release/ock_native_tests.exe",
        "T03.native.managed_execution_resource_wait"
      ],
      "config" : "Release",
      "name" : "T03.native.managed_execution_resource_wait",
      "properties" : 
      [
        {
          "name" : "ENVIRONMENT",
          "value" : 
          [
            "MSBUILDDISABLENODEREUSE=1"
          ]
        },
        {
          "name" : "ENVIRONMENT_MODIFICATION",
          "value" : 
          [
            "PATH=path_list_prepend:J:/Code/Kernel_v2/build/msvc-validation/e8697b7e3597a578/bin"
          ]
        },
        {
          "name" : "LABELS",
          "value" : 
          [
            "B5",
            "D3.04"
          ]
        },
        {
          "name" : "TIMEOUT",
          "value" : 600.0
        },
        {
          "name" : "WORKING_DIRECTORY",
          "value" : "J:/Code/Kernel_v2/build/b4-release/tests/contract/native"
        }
      ]
    },
    {
      "command" : 
      [
        "J:/Code/Kernel_v2/build/b4-release/tests/contract/native/Release/ock_native_tests.exe",
        "T03.native.managed_record"
      ],
      "config" : "Release",
      "name" : "T03.native.managed_record",
      "properties" : 
      [
        {
          "name" : "ENVIRONMENT",
          "value" : 
          [
            "MSBUILDDISABLENODEREUSE=1"
          ]
        },
        {
          "name" : "ENVIRONMENT_MODIFICATION",
          "value" : 
          [
            "PATH=path_list_prepend:J:/Code/Kernel_v2/build/msvc-validation/e8697b7e3597a578/bin"
          ]
        },
        {
          "name" : "LABELS",
          "value" : 
          [
            "B5",
            "D3.04"
          ]
        },
        {
          "name" : "TIMEOUT",
          "value" : 600.0
        },
        {
          "name" : "WORKING_DIRECTORY",
          "value" : "J:/Code/Kernel_v2/build/b4-release/tests/contract/native"
        }
      ]
    },
    {
      "command" : 
      [
        "J:/Code/Kernel_v2/build/b4-release/tests/contract/native/Release/ock_native_tests.exe",
        "T03.native.managed_record_ownership"
      ],
      "config" : "Release",
      "name" : "T03.native.managed_record_ownership",
      "properties" : 
      [
        {
          "name" : "ENVIRONMENT",
          "value" : 
          [
            "MSBUILDDISABLENODEREUSE=1"
          ]
        },
        {
          "name" : "ENVIRONMENT_MODIFICATION",
          "value" : 
          [
            "PATH=path_list_prepend:J:/Code/Kernel_v2/build/msvc-validation/e8697b7e3597a578/bin"
          ]
        },
        {
          "name" : "LABELS",
          "value" : 
          [
            "B5",
            "D3.04"
          ]
        },
        {
          "name" : "TIMEOUT",
          "value" : 600.0
        },
        {
          "name" : "WORKING_DIRECTORY",
          "value" : "J:/Code/Kernel_v2/build/b4-release/tests/contract/native"
        }
      ]
    },
    {
      "command" : 
      [
        "J:/Code/Kernel_v2/build/b4-release/tests/contract/native/Release/ock_native_tests.exe",
        "T03.native.managed_resources"
      ],
      "config" : "Release",
      "name" : "T03.native.managed_resources",
      "properties" : 
      [
        {
          "name" : "ENVIRONMENT",
          "value" : 
          [
            "MSBUILDDISABLENODEREUSE=1"
          ]
        },
        {
          "name" : "ENVIRONMENT_MODIFICATION",
          "value" : 
          [
            "PATH=path_list_prepend:J:/Code/Kernel_v2/build/msvc-validation/e8697b7e3597a578/bin"
          ]
        },
        {
          "name" : "LABELS",
          "value" : 
          [
            "B5",
            "D3.04"
          ]
        },
        {
          "name" : "TIMEOUT",
          "value" : 600.0
        },
        {
          "name" : "WORKING_DIRECTORY",
          "value" : "J:/Code/Kernel_v2/build/b4-release/tests/contract/native"
        }
      ]
    },
    {
      "command" : 
      [
        "J:/Code/Kernel_v2/build/b4-release/tests/contract/native/Release/ock_native_tests.exe",
        "T03.native.no_task_path"
      ],
      "config" : "Release",
      "name" : "T03.native.no_task_path",
      "properties" : 
      [
        {
          "name" : "ENVIRONMENT",
          "value" : 
          [
            "MSBUILDDISABLENODEREUSE=1"
          ]
        },
        {
          "name" : "ENVIRONMENT_MODIFICATION",
          "value" : 
          [
            "PATH=path_list_prepend:J:/Code/Kernel_v2/build/msvc-validation/e8697b7e3597a578/bin"
          ]
        },
        {
          "name" : "LABELS",
          "value" : 
          [
            "D1.05"
          ]
        },
        {
          "name" : "TIMEOUT",
          "value" : 600.0
        },
        {
          "name" : "WORKING_DIRECTORY",
          "value" : "J:/Code/Kernel_v2/build/b4-release/tests/contract/native"
        }
      ]
    },
    {
      "command" : 
      [
        "J:/Code/Kernel_v2/build/b4-release/tests/contract/native/Release/ock_native_tests.exe",
        "T03.native.observation_lease_drain"
      ],
      "config" : "Release",
      "name" : "T03.native.observation_lease_drain",
      "properties" : 
      [
        {
          "name" : "ENVIRONMENT",
          "value" : 
          [
            "MSBUILDDISABLENODEREUSE=1"
          ]
        },
        {
          "name" : "ENVIRONMENT_MODIFICATION",
          "value" : 
          [
            "PATH=path_list_prepend:J:/Code/Kernel_v2/build/msvc-validation/e8697b7e3597a578/bin"
          ]
        },
        {
          "name" : "LABELS",
          "value" : 
          [
            "B5",
            "D3.04"
          ]
        },
        {
          "name" : "TIMEOUT",
          "value" : 600.0
        },
        {
          "name" : "WORKING_DIRECTORY",
          "value" : "J:/Code/Kernel_v2/build/b4-release/tests/contract/native"
        }
      ]
    },
    {
      "command" : 
      [
        "J:/Code/Kernel_v2/build/b4-release/tests/contract/native/Release/ock_native_tests.exe",
        "T03.native.reentrant_and_concurrent"
      ],
      "config" : "Release",
      "name" : "T03.native.reentrant_and_concurrent",
      "properties" : 
      [
        {
          "name" : "ENVIRONMENT",
          "value" : 
          [
            "MSBUILDDISABLENODEREUSE=1"
          ]
        },
        {
          "name" : "ENVIRONMENT_MODIFICATION",
          "value" : 
          [
            "PATH=path_list_prepend:J:/Code/Kernel_v2/build/msvc-validation/e8697b7e3597a578/bin"
          ]
        },
        {
          "name" : "LABELS",
          "value" : 
          [
            "D1.05"
          ]
        },
        {
          "name" : "TIMEOUT",
          "value" : 600.0
        },
        {
          "name" : "WORKING_DIRECTORY",
          "value" : "J:/Code/Kernel_v2/build/b4-release/tests/contract/native"
        }
      ]
    },
    {
      "command" : 
      [
        "J:/Code/Kernel_v2/build/b4-release/tests/contract/native/Release/ock_native_tests.exe",
        "T06.native.execution_source_observation"
      ],
      "config" : "Release",
      "name" : "T06.native.execution_source_observation",
      "properties" : 
      [
        {
          "name" : "ENVIRONMENT",
          "value" : 
          [
            "MSBUILDDISABLENODEREUSE=1"
          ]
        },
        {
          "name" : "ENVIRONMENT_MODIFICATION",
          "value" : 
          [
            "PATH=path_list_prepend:J:/Code/Kernel_v2/build/msvc-validation/e8697b7e3597a578/bin"
          ]
        },
        {
          "name" : "LABELS",
          "value" : 
          [
            "B5",
            "D3.04"
          ]
        },
        {
          "name" : "TIMEOUT",
          "value" : 600.0
        },
        {
          "name" : "WORKING_DIRECTORY",
          "value" : "J:/Code/Kernel_v2/build/b4-release/tests/contract/native"
        }
      ]
    },
    {
      "command" : 
      [
        "J:/Code/Kernel_v2/build/b4-release/tests/contract/native/Release/ock_native_tests.exe",
        "T06.native.host_structured_admission"
      ],
      "config" : "Release",
      "name" : "T06.native.host_structured_admission",
      "properties" : 
      [
        {
          "name" : "ENVIRONMENT",
          "value" : 
          [
            "MSBUILDDISABLENODEREUSE=1"
          ]
        },
        {
          "name" : "ENVIRONMENT_MODIFICATION",
          "value" : 
          [
            "PATH=path_list_prepend:J:/Code/Kernel_v2/build/msvc-validation/e8697b7e3597a578/bin"
          ]
        },
        {
          "name" : "LABELS",
          "value" : 
          [
            "B5",
            "D3.04"
          ]
        },
        {
          "name" : "TIMEOUT",
          "value" : 600.0
        },
        {
          "name" : "WORKING_DIRECTORY",
          "value" : "J:/Code/Kernel_v2/build/b4-release/tests/contract/native"
        }
      ]
    },
    {
      "command" : 
      [
        "J:/Code/Kernel_v2/build/b4-release/tests/contract/native/Release/ock_native_tests.exe",
        "T06.native.managed_admission"
      ],
      "config" : "Release",
      "name" : "T06.native.managed_admission",
      "properties" : 
      [
        {
          "name" : "ENVIRONMENT",
          "value" : 
          [
            "MSBUILDDISABLENODEREUSE=1"
          ]
        },
        {
          "name" : "ENVIRONMENT_MODIFICATION",
          "value" : 
          [
            "PATH=path_list_prepend:J:/Code/Kernel_v2/build/msvc-validation/e8697b7e3597a578/bin"
          ]
        },
        {
          "name" : "LABELS",
          "value" : 
          [
            "B5",
            "D3.04"
          ]
        },
        {
          "name" : "TIMEOUT",
          "value" : 600.0
        },
        {
          "name" : "WORKING_DIRECTORY",
          "value" : "J:/Code/Kernel_v2/build/b4-release/tests/contract/native"
        }
      ]
    },
    {
      "command" : 
      [
        "J:/Code/Kernel_v2/build/b4-release/tests/contract/native/Release/ock_native_tests.exe",
        "T06.native.observation_journal"
      ],
      "config" : "Release",
      "name" : "T06.native.observation_journal",
      "properties" : 
      [
        {
          "name" : "ENVIRONMENT",
          "value" : 
          [
            "MSBUILDDISABLENODEREUSE=1"
          ]
        },
        {
          "name" : "ENVIRONMENT_MODIFICATION",
          "value" : 
          [
            "PATH=path_list_prepend:J:/Code/Kernel_v2/build/msvc-validation/e8697b7e3597a578/bin"
          ]
        },
        {
          "name" : "LABELS",
          "value" : 
          [
            "B5",
            "D3.04"
          ]
        },
        {
          "name" : "TIMEOUT",
          "value" : 600.0
        },
        {
          "name" : "WORKING_DIRECTORY",
          "value" : "J:/Code/Kernel_v2/build/b4-release/tests/contract/native"
        }
      ]
    },
    {
      "command" : 
      [
        "J:/Code/Kernel_v2/build/b4-release/tests/contract/native/Release/ock_native_tests.exe",
        "T06.native.outcome_consistency"
      ],
      "config" : "Release",
      "name" : "T06.native.outcome_consistency",
      "properties" : 
      [
        {
          "name" : "ENVIRONMENT",
          "value" : 
          [
            "MSBUILDDISABLENODEREUSE=1"
          ]
        },
        {
          "name" : "ENVIRONMENT_MODIFICATION",
          "value" : 
          [
            "PATH=path_list_prepend:J:/Code/Kernel_v2/build/msvc-validation/e8697b7e3597a578/bin"
          ]
        },
        {
          "name" : "LABELS",
          "value" : 
          [
            "D1.05"
          ]
        },
        {
          "name" : "TIMEOUT",
          "value" : 600.0
        },
        {
          "name" : "WORKING_DIRECTORY",
          "value" : "J:/Code/Kernel_v2/build/b4-release/tests/contract/native"
        }
      ]
    },
    {
      "command" : 
      [
        "J:/Code/Kernel_v2/build/b4-release/tests/contract/native/Release/ock_native_tests.exe",
        "T06.native.revoke_and_regrant"
      ],
      "config" : "Release",
      "name" : "T06.native.revoke_and_regrant",
      "properties" : 
      [
        {
          "name" : "ENVIRONMENT",
          "value" : 
          [
            "MSBUILDDISABLENODEREUSE=1"
          ]
        },
        {
          "name" : "ENVIRONMENT_MODIFICATION",
          "value" : 
          [
            "PATH=path_list_prepend:J:/Code/Kernel_v2/build/msvc-validation/e8697b7e3597a578/bin"
          ]
        },
        {
          "name" : "LABELS",
          "value" : 
          [
            "D1.05"
          ]
        },
        {
          "name" : "TIMEOUT",
          "value" : 600.0
        },
        {
          "name" : "WORKING_DIRECTORY",
          "value" : "J:/Code/Kernel_v2/build/b4-release/tests/contract/native"
        }
      ]
    },
    {
      "command" : 
      [
        "J:/Code/Kernel_v2/build/b4-release/tests/contract/native/Release/ock_native_tests.exe",
        "T06.native.session_and_deadline"
      ],
      "config" : "Release",
      "name" : "T06.native.session_and_deadline",
      "properties" : 
      [
        {
          "name" : "ENVIRONMENT",
          "value" : 
          [
            "MSBUILDDISABLENODEREUSE=1"
          ]
        },
        {
          "name" : "ENVIRONMENT_MODIFICATION",
          "value" : 
          [
            "PATH=path_list_prepend:J:/Code/Kernel_v2/build/msvc-validation/e8697b7e3597a578/bin"
          ]
        },
        {
          "name" : "LABELS",
          "value" : 
          [
            "D1.05"
          ]
        },
        {
          "name" : "TIMEOUT",
          "value" : 600.0
        },
        {
          "name" : "WORKING_DIRECTORY",
          "value" : "J:/Code/Kernel_v2/build/b4-release/tests/contract/native"
        }
      ]
    },
    {
      "command" : 
      [
        "J:/Code/Kernel_v2/build/b4-release/tests/contract/native/Release/ock_native_tests.exe",
        "T06.native.target_binding"
      ],
      "config" : "Release",
      "name" : "T06.native.target_binding",
      "properties" : 
      [
        {
          "name" : "ENVIRONMENT",
          "value" : 
          [
            "MSBUILDDISABLENODEREUSE=1"
          ]
        },
        {
          "name" : "ENVIRONMENT_MODIFICATION",
          "value" : 
          [
            "PATH=path_list_prepend:J:/Code/Kernel_v2/build/msvc-validation/e8697b7e3597a578/bin"
          ]
        },
        {
          "name" : "LABELS",
          "value" : 
          [
            "D1.05"
          ]
        },
        {
          "name" : "TIMEOUT",
          "value" : 600.0
        },
        {
          "name" : "WORKING_DIRECTORY",
          "value" : "J:/Code/Kernel_v2/build/b4-release/tests/contract/native"
        }
      ]
    }
  ],
  "version" : 
  {
    "major" : 1,
    "minor" : 0
  }
}