适用于 .NET Framework MSBuild 版本 17.14.23+b0019275e

__________________________________________________
项目“J:\Code\Kernel_v2\build\b4-asan\tests\unit\data\dynamic_submit_contract.vcxproj”(默认目标):

__________________________________________________
项目“J:\Code\Kernel_v2\build\b4-asan\tests\unit\data\dynamic_submit_contract.vcxproj”正在生成“J:\Code\Kernel_v2\build\b4-asan\ZERO_CHECK.vcxproj”(默认目标):

__________________________________________________
项目“J:\Code\Kernel_v2\build\b4-asan\ZERO_CHECK.vcxproj”正在生成“J:\Code\Kernel_v2\build\b4-asan\ock_Adapter_CpuPool.vcxproj”(默认目标):

__________________________________________________
项目“J:\Code\Kernel_v2\build\b4-asan\ock_Adapter_CpuPool.vcxproj”正在生成“J:\Code\Kernel_v2\build\b4-asan\ZERO_CHECK.vcxproj”(默认目标):

__________________________________________________
项目“J:\Code\Kernel_v2\build\b4-asan\ZERO_CHECK.vcxproj”正在生成“J:\Code\Kernel_v2\build\b4-asan\ZERO_CHECK.vcxproj”(GetNativeManifest 目标):

__________________________________________________
项目“J:\Code\Kernel_v2\build\b4-asan\ZERO_CHECK.vcxproj”正在生成“J:\Code\Kernel_v2\build\b4-asan\ZERO_CHECK.vcxproj”(GetProjectInfoForReference 目标):

ock_Adapter_CpuPool.vcxproj -> J:\Code\Kernel_v2\build\b4-asan\RelWithDebInfo\ock_Adapter_CpuPool.lib
__________________________________________________
项目“J:\Code\Kernel_v2\build\b4-asan\ZERO_CHECK.vcxproj”正在生成“J:\Code\Kernel_v2\build\b4-asan\ZERO_CHECK.vcxproj”(GetCopyToOutputDirectoryItems 目标):

__________________________________________________
项目“J:\Code\Kernel_v2\build\b4-asan\ZERO_CHECK.vcxproj”正在生成“J:\Code\Kernel_v2\build\b4-asan\ock_Control.vcxproj”(默认目标):

__________________________________________________
项目“J:\Code\Kernel_v2\build\b4-asan\ock_Control.vcxproj”正在生成“J:\Code\Kernel_v2\build\b4-asan\ZERO_CHECK.vcxproj”(默认目标):

__________________________________________________
项目“J:\Code\Kernel_v2\build\b4-asan\ZERO_CHECK.vcxproj”正在生成“J:\Code\Kernel_v2\build\b4-asan\ock_ControlProtocol.vcxproj”(默认目标):

__________________________________________________
项目“J:\Code\Kernel_v2\build\b4-asan\ock_ControlProtocol.vcxproj”正在生成“J:\Code\Kernel_v2\build\b4-asan\ZERO_CHECK.vcxproj”(默认目标):

__________________________________________________
项目“J:\Code\Kernel_v2\build\b4-asan\ZERO_CHECK.vcxproj”正在生成“J:\Code\Kernel_v2\build\b4-asan\ock_Data.vcxproj”(默认目标):

__________________________________________________
项目“J:\Code\Kernel_v2\build\b4-asan\ock_Data.vcxproj”正在生成“J:\Code\Kernel_v2\build\b4-asan\ZERO_CHECK.vcxproj”(默认目标):

__________________________________________________
项目“J:\Code\Kernel_v2\build\b4-asan\ZERO_CHECK.vcxproj”正在生成“J:\Code\Kernel_v2\build\b4-asan\ZERO_CHECK.vcxproj”(GetNativeManifest 目标):

__________________________________________________
项目“J:\Code\Kernel_v2\build\b4-asan\ZERO_CHECK.vcxproj”正在生成“J:\Code\Kernel_v2\build\b4-asan\ZERO_CHECK.vcxproj”(GetProjectInfoForReference 目标):

ock_Data.vcxproj -> J:\Code\Kernel_v2\build\b4-asan\RelWithDebInfo\ock_Data.lib
__________________________________________________
项目“J:\Code\Kernel_v2\build\b4-asan\ZERO_CHECK.vcxproj”正在生成“J:\Code\Kernel_v2\build\b4-asan\ZERO_CHECK.vcxproj”(GetCopyToOutputDirectoryItems 目标):

__________________________________________________
项目“J:\Code\Kernel_v2\build\b4-asan\ZERO_CHECK.vcxproj”正在生成“J:\Code\Kernel_v2\build\b4-asan\ock_Data.vcxproj”(默认目标):

__________________________________________________
项目“J:\Code\Kernel_v2\build\b4-asan\ock_Data.vcxproj”正在生成“J:\Code\Kernel_v2\build\b4-asan\ock_Data.vcxproj”(默认目标):

__________________________________________________
项目“J:\Code\Kernel_v2\build\b4-asan\ock_Data.vcxproj”正在生成“J:\Code\Kernel_v2\build\b4-asan\ZERO_CHECK.vcxproj”(GetNativeManifest 目标):

__________________________________________________
项目“J:\Code\Kernel_v2\build\b4-asan\ZERO_CHECK.vcxproj”正在生成“J:\Code\Kernel_v2\build\b4-asan\ock_Data.vcxproj”(GetNativeManifest 目标):

__________________________________________________
项目“J:\Code\Kernel_v2\build\b4-asan\ock_Data.vcxproj”正在生成“J:\Code\Kernel_v2\build\b4-asan\ZERO_CHECK.vcxproj”(GetProjectInfoForReference 目标):

__________________________________________________
项目“J:\Code\Kernel_v2\build\b4-asan\ZERO_CHECK.vcxproj”正在生成“J:\Code\Kernel_v2\build\b4-asan\ock_Data.vcxproj”(GetProjectInfoForReference 目标):

ock_ControlProtocol.vcxproj -> J:\Code\Kernel_v2\build\b4-asan\RelWithDebInfo\ock_ControlProtocol.lib
__________________________________________________
项目“J:\Code\Kernel_v2\build\b4-asan\ock_Data.vcxproj”正在生成“J:\Code\Kernel_v2\build\b4-asan\ZERO_CHECK.vcxproj”(GetCopyToOutputDirectoryItems 目标):

__________________________________________________
项目“J:\Code\Kernel_v2\build\b4-asan\ZERO_CHECK.vcxproj”正在生成“J:\Code\Kernel_v2\build\b4-asan\ock_Data.vcxproj”(GetCopyToOutputDirectoryItems 目标):

__________________________________________________
项目“J:\Code\Kernel_v2\build\b4-asan\ock_Data.vcxproj”正在生成“J:\Code\Kernel_v2\build\b4-asan\ock_ControlProtocol.vcxproj”(默认目标):

__________________________________________________
项目“J:\Code\Kernel_v2\build\b4-asan\ock_ControlProtocol.vcxproj”正在生成“J:\Code\Kernel_v2\build\b4-asan\ock_Dynamic.vcxproj”(默认目标):

__________________________________________________
项目“J:\Code\Kernel_v2\build\b4-asan\ock_Dynamic.vcxproj”正在生成“J:\Code\Kernel_v2\build\b4-asan\ZERO_CHECK.vcxproj”(默认目标):

__________________________________________________
项目“J:\Code\Kernel_v2\build\b4-asan\ZERO_CHECK.vcxproj”正在生成“J:\Code\Kernel_v2\build\b4-asan\ock_Data.vcxproj”(默认目标):

__________________________________________________
项目“J:\Code\Kernel_v2\build\b4-asan\ock_Data.vcxproj”正在生成“J:\Code\Kernel_v2\build\b4-asan\ock_Runtime.vcxproj”(默认目标):

__________________________________________________
项目“J:\Code\Kernel_v2\build\b4-asan\ock_Runtime.vcxproj”正在生成“J:\Code\Kernel_v2\build\b4-asan\ZERO_CHECK.vcxproj”(默认目标):

__________________________________________________
项目“J:\Code\Kernel_v2\build\b4-asan\ZERO_CHECK.vcxproj”正在生成“J:\Code\Kernel_v2\build\b4-asan\ZERO_CHECK.vcxproj”(GetNativeManifest 目标):

__________________________________________________
项目“J:\Code\Kernel_v2\build\b4-asan\ZERO_CHECK.vcxproj”正在生成“J:\Code\Kernel_v2\build\b4-asan\ZERO_CHECK.vcxproj”(GetProjectInfoForReference 目标):

ock_Runtime.vcxproj -> J:\Code\Kernel_v2\build\b4-asan\RelWithDebInfo\ock_Runtime.lib
__________________________________________________
项目“J:\Code\Kernel_v2\build\b4-asan\ZERO_CHECK.vcxproj”正在生成“J:\Code\Kernel_v2\build\b4-asan\ZERO_CHECK.vcxproj”(GetCopyToOutputDirectoryItems 目标):

__________________________________________________
项目“J:\Code\Kernel_v2\build\b4-asan\ZERO_CHECK.vcxproj”正在生成“J:\Code\Kernel_v2\build\b4-asan\ock_Runtime.vcxproj”(默认目标):

__________________________________________________
项目“J:\Code\Kernel_v2\build\b4-asan\ock_Runtime.vcxproj”正在生成“J:\Code\Kernel_v2\build\b4-asan\ock_Runtime.vcxproj”(默认目标):

__________________________________________________
项目“J:\Code\Kernel_v2\build\b4-asan\ock_Runtime.vcxproj”正在生成“J:\Code\Kernel_v2\build\b4-asan\ZERO_CHECK.vcxproj”(GetNativeManifest 目标):

__________________________________________________
项目“J:\Code\Kernel_v2\build\b4-asan\ZERO_CHECK.vcxproj”正在生成“J:\Code\Kernel_v2\build\b4-asan\ock_Data.vcxproj”(GetNativeManifest 目标):

__________________________________________________
项目“J:\Code\Kernel_v2\build\b4-asan\ock_Data.vcxproj”正在生成“J:\Code\Kernel_v2\build\b4-asan\ock_Runtime.vcxproj”(GetNativeManifest 目标):

__________________________________________________
项目“J:\Code\Kernel_v2\build\b4-asan\ock_Runtime.vcxproj”正在生成“J:\Code\Kernel_v2\build\b4-asan\ZERO_CHECK.vcxproj”(GetProjectInfoForReference 目标):

__________________________________________________
项目“J:\Code\Kernel_v2\build\b4-asan\ZERO_CHECK.vcxproj”正在生成“J:\Code\Kernel_v2\build\b4-asan\ock_Data.vcxproj”(GetProjectInfoForReference 目标):

__________________________________________________
项目“J:\Code\Kernel_v2\build\b4-asan\ock_Data.vcxproj”正在生成“J:\Code\Kernel_v2\build\b4-asan\ock_Runtime.vcxproj”(GetProjectInfoForReference 目标):

ock_Dynamic.vcxproj -> J:\Code\Kernel_v2\build\b4-asan\RelWithDebInfo\ock_Dynamic.lib
__________________________________________________
项目“J:\Code\Kernel_v2\build\b4-asan\ock_Runtime.vcxproj”正在生成“J:\Code\Kernel_v2\build\b4-asan\ZERO_CHECK.vcxproj”(GetCopyToOutputDirectoryItems 目标):

__________________________________________________
项目“J:\Code\Kernel_v2\build\b4-asan\ZERO_CHECK.vcxproj”正在生成“J:\Code\Kernel_v2\build\b4-asan\ock_Data.vcxproj”(GetCopyToOutputDirectoryItems 目标):

__________________________________________________
项目“J:\Code\Kernel_v2\build\b4-asan\ock_Data.vcxproj”正在生成“J:\Code\Kernel_v2\build\b4-asan\ock_Runtime.vcxproj”(GetCopyToOutputDirectoryItems 目标):

__________________________________________________
项目“J:\Code\Kernel_v2\build\b4-asan\ock_Runtime.vcxproj”正在生成“J:\Code\Kernel_v2\build\b4-asan\ock_Dynamic.vcxproj”(默认目标):

__________________________________________________
项目“J:\Code\Kernel_v2\build\b4-asan\ock_Dynamic.vcxproj”正在生成“J:\Code\Kernel_v2\build\b4-asan\ZERO_CHECK.vcxproj”(GetNativeManifest 目标):

__________________________________________________
项目“J:\Code\Kernel_v2\build\b4-asan\ZERO_CHECK.vcxproj”正在生成“J:\Code\Kernel_v2\build\b4-asan\ock_Data.vcxproj”(GetNativeManifest 目标):

__________________________________________________
项目“J:\Code\Kernel_v2\build\b4-asan\ock_Data.vcxproj”正在生成“J:\Code\Kernel_v2\build\b4-asan\ock_Runtime.vcxproj”(GetNativeManifest 目标):

__________________________________________________
项目“J:\Code\Kernel_v2\build\b4-asan\ock_Runtime.vcxproj”正在生成“J:\Code\Kernel_v2\build\b4-asan\ock_ControlProtocol.vcxproj”(GetNativeManifest 目标):

__________________________________________________
项目“J:\Code\Kernel_v2\build\b4-asan\ock_ControlProtocol.vcxproj”正在生成“J:\Code\Kernel_v2\build\b4-asan\ock_Dynamic.vcxproj”(GetNativeManifest 目标):

__________________________________________________
项目“J:\Code\Kernel_v2\build\b4-asan\ock_Dynamic.vcxproj”正在生成“J:\Code\Kernel_v2\build\b4-asan\ZERO_CHECK.vcxproj”(GetProjectInfoForReference 目标):

__________________________________________________
项目“J:\Code\Kernel_v2\build\b4-asan\ZERO_CHECK.vcxproj”正在生成“J:\Code\Kernel_v2\build\b4-asan\ock_Data.vcxproj”(GetProjectInfoForReference 目标):

__________________________________________________
项目“J:\Code\Kernel_v2\build\b4-asan\ock_Data.vcxproj”正在生成“J:\Code\Kernel_v2\build\b4-asan\ock_Runtime.vcxproj”(GetProjectInfoForReference 目标):

__________________________________________________
项目“J:\Code\Kernel_v2\build\b4-asan\ock_Runtime.vcxproj”正在生成“J:\Code\Kernel_v2\build\b4-asan\ock_ControlProtocol.vcxproj”(GetProjectInfoForReference 目标):

__________________________________________________
项目“J:\Code\Kernel_v2\build\b4-asan\ock_ControlProtocol.vcxproj”正在生成“J:\Code\Kernel_v2\build\b4-asan\ock_Dynamic.vcxproj”(GetProjectInfoForReference 目标):

J:/Code/Kernel_v2/build/msvc-validation/e8697b7e3597a578/bin/CL.exe /c /IJ:\Code\Kernel_v2\packages\control\server\include /IJ:\Code\Kernel_v2 /IJ:\Code\Kernel_v2\packages\runtime\include /IJ:\Code\Kernel_v2\packages\contracts\include /IJ:\Code\Kernel_v2\packages\foundation\include /IJ:\Code\Kernel_v2\packages\dynamic\include /IJ:\Code\Kernel_v2\packages\dynamic\data\include /IJ:\Code\Kernel_v2\packages\control\protocol\include /Z7 /nologo /W1 /WX- /diagnostics:column /fsanitize=address /O2 /Ob1 /D _MBCS /D WIN32 /D _WINDOWS /D NDEBUG /D "CMAKE_INTDIR=\"RelWithDebInfo\"" /EHsc /MD /GS /fp:precise /Zc:wchar_t /Zc:forScope /Zc:inline /std:c++20 /permissive- /Fo"ock_Control.dir\RelWithDebInfo\\" /Fd"J:\Code\Kernel_v2\build\b4-asan\RelWithDebInfo\ock_Control.pdb" /external:W0 /Gd /TP /errorReport:queue  /external:I "J:/Code/Kernel_v2/build/d0.06-a/cache/sources/expected-fe3b18aecb84/include" /fsanitize=address /utf-8 /Zc:__cplusplus J:\Code\Kernel_v2\packages\control\observation\execution_method.cpp J:\Code\Kernel_v2\packages\control\observation\get_method.cpp
execution_method.cpp
get_method.cpp
正在生成代码...
J:/Code/Kernel_v2/build/msvc-validation/e8697b7e3597a578/bin/Lib.exe /OUT:"J:\Code\Kernel_v2\build\b4-asan\RelWithDebInfo\ock_Control.lib" /NOLOGO /MACHINE:X64  /machine:x64 ock_Control.dir\RelWithDebInfo\cursor.obj
ock_Control.dir\RelWithDebInfo\router.obj
ock_Control.dir\RelWithDebInfo\invoke_method.obj
ock_Control.dir\RelWithDebInfo\catalog_methods.obj
ock_Control.dir\RelWithDebInfo\subscription.obj
ock_Control.dir\RelWithDebInfo\subscription_methods.obj
ock_Control.dir\RelWithDebInfo\list_method.obj
ock_Control.dir\RelWithDebInfo\get_method.obj
ock_Control.dir\RelWithDebInfo\observation_transport.obj
ock_Control.dir\RelWithDebInfo\execution_method.obj
ock_Control.vcxproj -> J:\Code\Kernel_v2\build\b4-asan\RelWithDebInfo\ock_Control.lib
__________________________________________________
项目“J:\Code\Kernel_v2\build\b4-asan\ock_Dynamic.vcxproj”正在生成“J:\Code\Kernel_v2\build\b4-asan\ZERO_CHECK.vcxproj”(GetCopyToOutputDirectoryItems 目标):

__________________________________________________
项目“J:\Code\Kernel_v2\build\b4-asan\ZERO_CHECK.vcxproj”正在生成“J:\Code\Kernel_v2\build\b4-asan\ock_ControlProtocol.vcxproj”(GetCopyToOutputDirectoryItems 目标):

__________________________________________________
项目“J:\Code\Kernel_v2\build\b4-asan\ock_ControlProtocol.vcxproj”正在生成“J:\Code\Kernel_v2\build\b4-asan\ock_Data.vcxproj”(GetCopyToOutputDirectoryItems 目标):

__________________________________________________
项目“J:\Code\Kernel_v2\build\b4-asan\ock_Data.vcxproj”正在生成“J:\Code\Kernel_v2\build\b4-asan\ock_Dynamic.vcxproj”(GetCopyToOutputDirectoryItems 目标):

__________________________________________________
项目“J:\Code\Kernel_v2\build\b4-asan\ock_Dynamic.vcxproj”正在生成“J:\Code\Kernel_v2\build\b4-asan\ock_Runtime.vcxproj”(GetCopyToOutputDirectoryItems 目标):

__________________________________________________
项目“J:\Code\Kernel_v2\build\b4-asan\ock_Runtime.vcxproj”正在生成“J:\Code\Kernel_v2\build\b4-asan\ZERO_CHECK.vcxproj”(GetNativeManifest 目标):

__________________________________________________
项目“J:\Code\Kernel_v2\build\b4-asan\ZERO_CHECK.vcxproj”正在生成“J:\Code\Kernel_v2\build\b4-asan\ock_ControlProtocol.vcxproj”(GetNativeManifest 目标):

__________________________________________________
项目“J:\Code\Kernel_v2\build\b4-asan\ock_ControlProtocol.vcxproj”正在生成“J:\Code\Kernel_v2\build\b4-asan\ock_Data.vcxproj”(GetNativeManifest 目标):

__________________________________________________
项目“J:\Code\Kernel_v2\build\b4-asan\ock_Data.vcxproj”正在生成“J:\Code\Kernel_v2\build\b4-asan\ock_Dynamic.vcxproj”(GetNativeManifest 目标):

__________________________________________________
项目“J:\Code\Kernel_v2\build\b4-asan\ock_Dynamic.vcxproj”正在生成“J:\Code\Kernel_v2\build\b4-asan\ock_Runtime.vcxproj”(GetNativeManifest 目标):

__________________________________________________
项目“J:\Code\Kernel_v2\build\b4-asan\ock_Runtime.vcxproj”正在生成“J:\Code\Kernel_v2\build\b4-asan\ock_Adapter_CpuPool.vcxproj”(GetNativeManifest 目标):

__________________________________________________
项目“J:\Code\Kernel_v2\build\b4-asan\ock_Adapter_CpuPool.vcxproj”正在生成“J:\Code\Kernel_v2\build\b4-asan\ock_Control.vcxproj”(GetNativeManifest 目标):

__________________________________________________
项目“J:\Code\Kernel_v2\build\b4-asan\ock_Control.vcxproj”正在生成“J:\Code\Kernel_v2\build\b4-asan\ZERO_CHECK.vcxproj”(GetProjectInfoForReference 目标):

__________________________________________________
项目“J:\Code\Kernel_v2\build\b4-asan\ZERO_CHECK.vcxproj”正在生成“J:\Code\Kernel_v2\build\b4-asan\ock_ControlProtocol.vcxproj”(GetProjectInfoForReference 目标):

__________________________________________________
项目“J:\Code\Kernel_v2\build\b4-asan\ock_ControlProtocol.vcxproj”正在生成“J:\Code\Kernel_v2\build\b4-asan\ock_Data.vcxproj”(GetProjectInfoForReference 目标):

__________________________________________________
项目“J:\Code\Kernel_v2\build\b4-asan\ock_Data.vcxproj”正在生成“J:\Code\Kernel_v2\build\b4-asan\ock_Dynamic.vcxproj”(GetProjectInfoForReference 目标):

__________________________________________________
项目“J:\Code\Kernel_v2\build\b4-asan\ock_Dynamic.vcxproj”正在生成“J:\Code\Kernel_v2\build\b4-asan\ock_Runtime.vcxproj”(GetProjectInfoForReference 目标):

__________________________________________________
项目“J:\Code\Kernel_v2\build\b4-asan\ock_Runtime.vcxproj”正在生成“J:\Code\Kernel_v2\build\b4-asan\ock_Adapter_CpuPool.vcxproj”(GetProjectInfoForReference 目标):

__________________________________________________
项目“J:\Code\Kernel_v2\build\b4-asan\ock_Adapter_CpuPool.vcxproj”正在生成“J:\Code\Kernel_v2\build\b4-asan\ock_Control.vcxproj”(GetProjectInfoForReference 目标):

J:/Code/Kernel_v2/build/msvc-validation/e8697b7e3597a578/bin/link.exe /ERRORREPORT:QUEUE /OUT:"J:\Code\Kernel_v2\build\b4-asan\tests\unit\data\RelWithDebInfo\dynamic_submit_contract.exe" /INCREMENTAL:NO /NOLOGO ..\..\..\RelWithDebInfo\ock_Control.lib ..\..\..\RelWithDebInfo\ock_Adapter_CpuPool.lib ..\..\..\RelWithDebInfo\ock_Dynamic.lib ..\..\..\RelWithDebInfo\ock_Runtime.lib ..\..\..\RelWithDebInfo\ock_ControlProtocol.lib ..\..\..\RelWithDebInfo\ock_Data.lib bcrypt.lib kernel32.lib user32.lib gdi32.lib winspool.lib shell32.lib ole32.lib oleaut32.lib uuid.lib comdlg32.lib advapi32.lib /MANIFEST /MANIFESTUAC:"level='asInvoker' uiAccess='false'" /manifest:embed /DEBUG /PDB:"J:/Code/Kernel_v2/build/b4-asan/tests/unit/data/RelWithDebInfo/dynamic_submit_contract.pdb" /SUBSYSTEM:CONSOLE /TLBID:1 /DYNAMICBASE /NXCOMPAT /IMPLIB:"J:/Code/Kernel_v2/build/b4-asan/tests/unit/data/RelWithDebInfo/dynamic_submit_contract.lib" /MACHINE:X64  /machine:x64 dynamic_submit_contract.dir\RelWithDebInfo\submit.obj
dynamic_submit_contract.vcxproj -> J:\Code\Kernel_v2\build\b4-asan\tests\unit\data\RelWithDebInfo\dynamic_submit_contract.exe
适用于 .NET Framework MSBuild 版本 17.14.23+b0019275e

__________________________________________________
项目“J:\Code\Kernel_v2\build\b4-asan\tests\unit\data\router_contract.vcxproj”(默认目标):

__________________________________________________
项目“J:\Code\Kernel_v2\build\b4-asan\tests\unit\data\router_contract.vcxproj”正在生成“J:\Code\Kernel_v2\build\b4-asan\ZERO_CHECK.vcxproj”(默认目标):

__________________________________________________
项目“J:\Code\Kernel_v2\build\b4-asan\ZERO_CHECK.vcxproj”正在生成“J:\Code\Kernel_v2\build\b4-asan\ock_Control.vcxproj”(默认目标):

__________________________________________________
项目“J:\Code\Kernel_v2\build\b4-asan\ock_Control.vcxproj”正在生成“J:\Code\Kernel_v2\build\b4-asan\ZERO_CHECK.vcxproj”(默认目标):

__________________________________________________
项目“J:\Code\Kernel_v2\build\b4-asan\ZERO_CHECK.vcxproj”正在生成“J:\Code\Kernel_v2\build\b4-asan\ock_ControlProtocol.vcxproj”(默认目标):

__________________________________________________
项目“J:\Code\Kernel_v2\build\b4-asan\ock_ControlProtocol.vcxproj”正在生成“J:\Code\Kernel_v2\build\b4-asan\ZERO_CHECK.vcxproj”(默认目标):

__________________________________________________
项目“J:\Code\Kernel_v2\build\b4-asan\ZERO_CHECK.vcxproj”正在生成“J:\Code\Kernel_v2\build\b4-asan\ock_Data.vcxproj”(默认目标):

__________________________________________________
项目“J:\Code\Kernel_v2\build\b4-asan\ock_Data.vcxproj”正在生成“J:\Code\Kernel_v2\build\b4-asan\ZERO_CHECK.vcxproj”(默认目标):

__________________________________________________
项目“J:\Code\Kernel_v2\build\b4-asan\ZERO_CHECK.vcxproj”正在生成“J:\Code\Kernel_v2\build\b4-asan\ZERO_CHECK.vcxproj”(GetNativeManifest 目标):

__________________________________________________
项目“J:\Code\Kernel_v2\build\b4-asan\ZERO_CHECK.vcxproj”正在生成“J:\Code\Kernel_v2\build\b4-asan\ZERO_CHECK.vcxproj”(GetProjectInfoForReference 目标):

ock_Data.vcxproj -> J:\Code\Kernel_v2\build\b4-asan\RelWithDebInfo\ock_Data.lib
__________________________________________________
项目“J:\Code\Kernel_v2\build\b4-asan\ZERO_CHECK.vcxproj”正在生成“J:\Code\Kernel_v2\build\b4-asan\ZERO_CHECK.vcxproj”(GetCopyToOutputDirectoryItems 目标):

__________________________________________________
项目“J:\Code\Kernel_v2\build\b4-asan\ZERO_CHECK.vcxproj”正在生成“J:\Code\Kernel_v2\build\b4-asan\ock_Data.vcxproj”(默认目标):

__________________________________________________
项目“J:\Code\Kernel_v2\build\b4-asan\ock_Data.vcxproj”正在生成“J:\Code\Kernel_v2\build\b4-asan\ock_Data.vcxproj”(默认目标):

__________________________________________________
项目“J:\Code\Kernel_v2\build\b4-asan\ock_Data.vcxproj”正在生成“J:\Code\Kernel_v2\build\b4-asan\ZERO_CHECK.vcxproj”(GetNativeManifest 目标):

__________________________________________________
项目“J:\Code\Kernel_v2\build\b4-asan\ZERO_CHECK.vcxproj”正在生成“J:\Code\Kernel_v2\build\b4-asan\ock_Data.vcxproj”(GetNativeManifest 目标):

__________________________________________________
项目“J:\Code\Kernel_v2\build\b4-asan\ock_Data.vcxproj”正在生成“J:\Code\Kernel_v2\build\b4-asan\ZERO_CHECK.vcxproj”(GetProjectInfoForReference 目标):

__________________________________________________
项目“J:\Code\Kernel_v2\build\b4-asan\ZERO_CHECK.vcxproj”正在生成“J:\Code\Kernel_v2\build\b4-asan\ock_Data.vcxproj”(GetProjectInfoForReference 目标):

ock_ControlProtocol.vcxproj -> J:\Code\Kernel_v2\build\b4-asan\RelWithDebInfo\ock_ControlProtocol.lib
__________________________________________________
项目“J:\Code\Kernel_v2\build\b4-asan\ock_Data.vcxproj”正在生成“J:\Code\Kernel_v2\build\b4-asan\ZERO_CHECK.vcxproj”(GetCopyToOutputDirectoryItems 目标):

__________________________________________________
项目“J:\Code\Kernel_v2\build\b4-asan\ZERO_CHECK.vcxproj”正在生成“J:\Code\Kernel_v2\build\b4-asan\ock_Data.vcxproj”(GetCopyToOutputDirectoryItems 目标):

__________________________________________________
项目“J:\Code\Kernel_v2\build\b4-asan\ock_Data.vcxproj”正在生成“J:\Code\Kernel_v2\build\b4-asan\ock_ControlProtocol.vcxproj”(默认目标):

__________________________________________________
项目“J:\Code\Kernel_v2\build\b4-asan\ock_ControlProtocol.vcxproj”正在生成“J:\Code\Kernel_v2\build\b4-asan\ock_Dynamic.vcxproj”(默认目标):

__________________________________________________
项目“J:\Code\Kernel_v2\build\b4-asan\ock_Dynamic.vcxproj”正在生成“J:\Code\Kernel_v2\build\b4-asan\ZERO_CHECK.vcxproj”(默认目标):

__________________________________________________
项目“J:\Code\Kernel_v2\build\b4-asan\ZERO_CHECK.vcxproj”正在生成“J:\Code\Kernel_v2\build\b4-asan\ock_Data.vcxproj”(默认目标):

__________________________________________________
项目“J:\Code\Kernel_v2\build\b4-asan\ock_Data.vcxproj”正在生成“J:\Code\Kernel_v2\build\b4-asan\ock_Runtime.vcxproj”(默认目标):

__________________________________________________
项目“J:\Code\Kernel_v2\build\b4-asan\ock_Runtime.vcxproj”正在生成“J:\Code\Kernel_v2\build\b4-asan\ZERO_CHECK.vcxproj”(默认目标):

__________________________________________________
项目“J:\Code\Kernel_v2\build\b4-asan\ZERO_CHECK.vcxproj”正在生成“J:\Code\Kernel_v2\build\b4-asan\ZERO_CHECK.vcxproj”(GetNativeManifest 目标):

__________________________________________________
项目“J:\Code\Kernel_v2\build\b4-asan\ZERO_CHECK.vcxproj”正在生成“J:\Code\Kernel_v2\build\b4-asan\ZERO_CHECK.vcxproj”(GetProjectInfoForReference 目标):

ock_Runtime.vcxproj -> J:\Code\Kernel_v2\build\b4-asan\RelWithDebInfo\ock_Runtime.lib
__________________________________________________
项目“J:\Code\Kernel_v2\build\b4-asan\ZERO_CHECK.vcxproj”正在生成“J:\Code\Kernel_v2\build\b4-asan\ZERO_CHECK.vcxproj”(GetCopyToOutputDirectoryItems 目标):

__________________________________________________
项目“J:\Code\Kernel_v2\build\b4-asan\ZERO_CHECK.vcxproj”正在生成“J:\Code\Kernel_v2\build\b4-asan\ock_Runtime.vcxproj”(默认目标):

__________________________________________________
项目“J:\Code\Kernel_v2\build\b4-asan\ock_Runtime.vcxproj”正在生成“J:\Code\Kernel_v2\build\b4-asan\ock_Runtime.vcxproj”(默认目标):

__________________________________________________
项目“J:\Code\Kernel_v2\build\b4-asan\ock_Runtime.vcxproj”正在生成“J:\Code\Kernel_v2\build\b4-asan\ZERO_CHECK.vcxproj”(GetNativeManifest 目标):

__________________________________________________
项目“J:\Code\Kernel_v2\build\b4-asan\ZERO_CHECK.vcxproj”正在生成“J:\Code\Kernel_v2\build\b4-asan\ock_Data.vcxproj”(GetNativeManifest 目标):

__________________________________________________
项目“J:\Code\Kernel_v2\build\b4-asan\ock_Data.vcxproj”正在生成“J:\Code\Kernel_v2\build\b4-asan\ock_Runtime.vcxproj”(GetNativeManifest 目标):

__________________________________________________
项目“J:\Code\Kernel_v2\build\b4-asan\ock_Runtime.vcxproj”正在生成“J:\Code\Kernel_v2\build\b4-asan\ZERO_CHECK.vcxproj”(GetProjectInfoForReference 目标):

__________________________________________________
项目“J:\Code\Kernel_v2\build\b4-asan\ZERO_CHECK.vcxproj”正在生成“J:\Code\Kernel_v2\build\b4-asan\ock_Data.vcxproj”(GetProjectInfoForReference 目标):

__________________________________________________
项目“J:\Code\Kernel_v2\build\b4-asan\ock_Data.vcxproj”正在生成“J:\Code\Kernel_v2\build\b4-asan\ock_Runtime.vcxproj”(GetProjectInfoForReference 目标):

ock_Dynamic.vcxproj -> J:\Code\Kernel_v2\build\b4-asan\RelWithDebInfo\ock_Dynamic.lib
__________________________________________________
项目“J:\Code\Kernel_v2\build\b4-asan\ock_Runtime.vcxproj”正在生成“J:\Code\Kernel_v2\build\b4-asan\ZERO_CHECK.vcxproj”(GetCopyToOutputDirectoryItems 目标):

__________________________________________________
项目“J:\Code\Kernel_v2\build\b4-asan\ZERO_CHECK.vcxproj”正在生成“J:\Code\Kernel_v2\build\b4-asan\ock_Data.vcxproj”(GetCopyToOutputDirectoryItems 目标):

__________________________________________________
项目“J:\Code\Kernel_v2\build\b4-asan\ock_Data.vcxproj”正在生成“J:\Code\Kernel_v2\build\b4-asan\ock_Runtime.vcxproj”(GetCopyToOutputDirectoryItems 目标):

__________________________________________________
项目“J:\Code\Kernel_v2\build\b4-asan\ock_Runtime.vcxproj”正在生成“J:\Code\Kernel_v2\build\b4-asan\ock_Dynamic.vcxproj”(默认目标):

__________________________________________________
项目“J:\Code\Kernel_v2\build\b4-asan\ock_Dynamic.vcxproj”正在生成“J:\Code\Kernel_v2\build\b4-asan\ZERO_CHECK.vcxproj”(GetNativeManifest 目标):

__________________________________________________
项目“J:\Code\Kernel_v2\build\b4-asan\ZERO_CHECK.vcxproj”正在生成“J:\Code\Kernel_v2\build\b4-asan\ock_Data.vcxproj”(GetNativeManifest 目标):

__________________________________________________
项目“J:\Code\Kernel_v2\build\b4-asan\ock_Data.vcxproj”正在生成“J:\Code\Kernel_v2\build\b4-asan\ock_Runtime.vcxproj”(GetNativeManifest 目标):

__________________________________________________
项目“J:\Code\Kernel_v2\build\b4-asan\ock_Runtime.vcxproj”正在生成“J:\Code\Kernel_v2\build\b4-asan\ock_ControlProtocol.vcxproj”(GetNativeManifest 目标):

__________________________________________________
项目“J:\Code\Kernel_v2\build\b4-asan\ock_ControlProtocol.vcxproj”正在生成“J:\Code\Kernel_v2\build\b4-asan\ock_Dynamic.vcxproj”(GetNativeManifest 目标):

__________________________________________________
项目“J:\Code\Kernel_v2\build\b4-asan\ock_Dynamic.vcxproj”正在生成“J:\Code\Kernel_v2\build\b4-asan\ZERO_CHECK.vcxproj”(GetProjectInfoForReference 目标):

__________________________________________________
项目“J:\Code\Kernel_v2\build\b4-asan\ZERO_CHECK.vcxproj”正在生成“J:\Code\Kernel_v2\build\b4-asan\ock_Data.vcxproj”(GetProjectInfoForReference 目标):

__________________________________________________
项目“J:\Code\Kernel_v2\build\b4-asan\ock_Data.vcxproj”正在生成“J:\Code\Kernel_v2\build\b4-asan\ock_Runtime.vcxproj”(GetProjectInfoForReference 目标):

__________________________________________________
项目“J:\Code\Kernel_v2\build\b4-asan\ock_Runtime.vcxproj”正在生成“J:\Code\Kernel_v2\build\b4-asan\ock_ControlProtocol.vcxproj”(GetProjectInfoForReference 目标):

__________________________________________________
项目“J:\Code\Kernel_v2\build\b4-asan\ock_ControlProtocol.vcxproj”正在生成“J:\Code\Kernel_v2\build\b4-asan\ock_Dynamic.vcxproj”(GetProjectInfoForReference 目标):

ock_Control.vcxproj -> J:\Code\Kernel_v2\build\b4-asan\RelWithDebInfo\ock_Control.lib
__________________________________________________
项目“J:\Code\Kernel_v2\build\b4-asan\ock_Dynamic.vcxproj”正在生成“J:\Code\Kernel_v2\build\b4-asan\ZERO_CHECK.vcxproj”(GetCopyToOutputDirectoryItems 目标):

__________________________________________________
项目“J:\Code\Kernel_v2\build\b4-asan\ZERO_CHECK.vcxproj”正在生成“J:\Code\Kernel_v2\build\b4-asan\ock_ControlProtocol.vcxproj”(GetCopyToOutputDirectoryItems 目标):

__________________________________________________
项目“J:\Code\Kernel_v2\build\b4-asan\ock_ControlProtocol.vcxproj”正在生成“J:\Code\Kernel_v2\build\b4-asan\ock_Data.vcxproj”(GetCopyToOutputDirectoryItems 目标):

__________________________________________________
项目“J:\Code\Kernel_v2\build\b4-asan\ock_Data.vcxproj”正在生成“J:\Code\Kernel_v2\build\b4-asan\ock_Dynamic.vcxproj”(GetCopyToOutputDirectoryItems 目标):

__________________________________________________
项目“J:\Code\Kernel_v2\build\b4-asan\ock_Dynamic.vcxproj”正在生成“J:\Code\Kernel_v2\build\b4-asan\ock_Runtime.vcxproj”(GetCopyToOutputDirectoryItems 目标):

__________________________________________________
项目“J:\Code\Kernel_v2\build\b4-asan\ock_Runtime.vcxproj”正在生成“J:\Code\Kernel_v2\build\b4-asan\ZERO_CHECK.vcxproj”(GetNativeManifest 目标):

__________________________________________________
项目“J:\Code\Kernel_v2\build\b4-asan\ZERO_CHECK.vcxproj”正在生成“J:\Code\Kernel_v2\build\b4-asan\ock_ControlProtocol.vcxproj”(GetNativeManifest 目标):

__________________________________________________
项目“J:\Code\Kernel_v2\build\b4-asan\ock_ControlProtocol.vcxproj”正在生成“J:\Code\Kernel_v2\build\b4-asan\ock_Data.vcxproj”(GetNativeManifest 目标):

__________________________________________________
项目“J:\Code\Kernel_v2\build\b4-asan\ock_Data.vcxproj”正在生成“J:\Code\Kernel_v2\build\b4-asan\ock_Dynamic.vcxproj”(GetNativeManifest 目标):

__________________________________________________
项目“J:\Code\Kernel_v2\build\b4-asan\ock_Dynamic.vcxproj”正在生成“J:\Code\Kernel_v2\build\b4-asan\ock_Runtime.vcxproj”(GetNativeManifest 目标):

__________________________________________________
项目“J:\Code\Kernel_v2\build\b4-asan\ock_Runtime.vcxproj”正在生成“J:\Code\Kernel_v2\build\b4-asan\ock_Control.vcxproj”(GetNativeManifest 目标):

__________________________________________________
项目“J:\Code\Kernel_v2\build\b4-asan\ock_Control.vcxproj”正在生成“J:\Code\Kernel_v2\build\b4-asan\ZERO_CHECK.vcxproj”(GetProjectInfoForReference 目标):

__________________________________________________
项目“J:\Code\Kernel_v2\build\b4-asan\ZERO_CHECK.vcxproj”正在生成“J:\Code\Kernel_v2\build\b4-asan\ock_ControlProtocol.vcxproj”(GetProjectInfoForReference 目标):

__________________________________________________
项目“J:\Code\Kernel_v2\build\b4-asan\ock_ControlProtocol.vcxproj”正在生成“J:\Code\Kernel_v2\build\b4-asan\ock_Data.vcxproj”(GetProjectInfoForReference 目标):

__________________________________________________
项目“J:\Code\Kernel_v2\build\b4-asan\ock_Data.vcxproj”正在生成“J:\Code\Kernel_v2\build\b4-asan\ock_Dynamic.vcxproj”(GetProjectInfoForReference 目标):

__________________________________________________
项目“J:\Code\Kernel_v2\build\b4-asan\ock_Dynamic.vcxproj”正在生成“J:\Code\Kernel_v2\build\b4-asan\ock_Runtime.vcxproj”(GetProjectInfoForReference 目标):

__________________________________________________
项目“J:\Code\Kernel_v2\build\b4-asan\ock_Runtime.vcxproj”正在生成“J:\Code\Kernel_v2\build\b4-asan\ock_Control.vcxproj”(GetProjectInfoForReference 目标):

J:/Code/Kernel_v2/build/msvc-validation/e8697b7e3597a578/bin/link.exe /ERRORREPORT:QUEUE /OUT:"J:\Code\Kernel_v2\build\b4-asan\tests\unit\data\RelWithDebInfo\router_contract.exe" /INCREMENTAL:NO /NOLOGO ..\..\..\RelWithDebInfo\ock_Control.lib ..\..\..\RelWithDebInfo\ock_Dynamic.lib ..\..\..\RelWithDebInfo\ock_Runtime.lib ..\..\..\RelWithDebInfo\ock_ControlProtocol.lib ..\..\..\RelWithDebInfo\ock_Data.lib bcrypt.lib kernel32.lib user32.lib gdi32.lib winspool.lib shell32.lib ole32.lib oleaut32.lib uuid.lib comdlg32.lib advapi32.lib /MANIFEST /MANIFESTUAC:"level='asInvoker' uiAccess='false'" /manifest:embed /DEBUG /PDB:"J:/Code/Kernel_v2/build/b4-asan/tests/unit/data/RelWithDebInfo/router_contract.pdb" /SUBSYSTEM:CONSOLE /TLBID:1 /DYNAMICBASE /NXCOMPAT /IMPLIB:"J:/Code/Kernel_v2/build/b4-asan/tests/unit/data/RelWithDebInfo/router_contract.lib" /MACHINE:X64  /machine:x64 router_contract.dir\RelWithDebInfo\router.obj
router_contract.vcxproj -> J:\Code\Kernel_v2\build\b4-asan\tests\unit\data\RelWithDebInfo\router_contract.exe
适用于 .NET Framework MSBuild 版本 17.14.23+b0019275e

__________________________________________________
项目“J:\Code\Kernel_v2\build\b4-asan\tests\unit\data\get_contract.vcxproj”(默认目标):

__________________________________________________
项目“J:\Code\Kernel_v2\build\b4-asan\tests\unit\data\get_contract.vcxproj”正在生成“J:\Code\Kernel_v2\build\b4-asan\ZERO_CHECK.vcxproj”(默认目标):

__________________________________________________
项目“J:\Code\Kernel_v2\build\b4-asan\ZERO_CHECK.vcxproj”正在生成“J:\Code\Kernel_v2\build\b4-asan\ock_Control.vcxproj”(默认目标):

__________________________________________________
项目“J:\Code\Kernel_v2\build\b4-asan\ock_Control.vcxproj”正在生成“J:\Code\Kernel_v2\build\b4-asan\ZERO_CHECK.vcxproj”(默认目标):

__________________________________________________
项目“J:\Code\Kernel_v2\build\b4-asan\ZERO_CHECK.vcxproj”正在生成“J:\Code\Kernel_v2\build\b4-asan\ock_ControlProtocol.vcxproj”(默认目标):

__________________________________________________
项目“J:\Code\Kernel_v2\build\b4-asan\ock_ControlProtocol.vcxproj”正在生成“J:\Code\Kernel_v2\build\b4-asan\ZERO_CHECK.vcxproj”(默认目标):

__________________________________________________
项目“J:\Code\Kernel_v2\build\b4-asan\ZERO_CHECK.vcxproj”正在生成“J:\Code\Kernel_v2\build\b4-asan\ock_Data.vcxproj”(默认目标):

__________________________________________________
项目“J:\Code\Kernel_v2\build\b4-asan\ock_Data.vcxproj”正在生成“J:\Code\Kernel_v2\build\b4-asan\ZERO_CHECK.vcxproj”(默认目标):

__________________________________________________
项目“J:\Code\Kernel_v2\build\b4-asan\ZERO_CHECK.vcxproj”正在生成“J:\Code\Kernel_v2\build\b4-asan\ZERO_CHECK.vcxproj”(GetNativeManifest 目标):

__________________________________________________
项目“J:\Code\Kernel_v2\build\b4-asan\ZERO_CHECK.vcxproj”正在生成“J:\Code\Kernel_v2\build\b4-asan\ZERO_CHECK.vcxproj”(GetProjectInfoForReference 目标):

ock_Data.vcxproj -> J:\Code\Kernel_v2\build\b4-asan\RelWithDebInfo\ock_Data.lib
__________________________________________________
项目“J:\Code\Kernel_v2\build\b4-asan\ZERO_CHECK.vcxproj”正在生成“J:\Code\Kernel_v2\build\b4-asan\ZERO_CHECK.vcxproj”(GetCopyToOutputDirectoryItems 目标):

__________________________________________________
项目“J:\Code\Kernel_v2\build\b4-asan\ZERO_CHECK.vcxproj”正在生成“J:\Code\Kernel_v2\build\b4-asan\ock_Data.vcxproj”(默认目标):

__________________________________________________
项目“J:\Code\Kernel_v2\build\b4-asan\ock_Data.vcxproj”正在生成“J:\Code\Kernel_v2\build\b4-asan\ock_Data.vcxproj”(默认目标):

__________________________________________________
项目“J:\Code\Kernel_v2\build\b4-asan\ock_Data.vcxproj”正在生成“J:\Code\Kernel_v2\build\b4-asan\ZERO_CHECK.vcxproj”(GetNativeManifest 目标):

__________________________________________________
项目“J:\Code\Kernel_v2\build\b4-asan\ZERO_CHECK.vcxproj”正在生成“J:\Code\Kernel_v2\build\b4-asan\ock_Data.vcxproj”(GetNativeManifest 目标):

__________________________________________________
项目“J:\Code\Kernel_v2\build\b4-asan\ock_Data.vcxproj”正在生成“J:\Code\Kernel_v2\build\b4-asan\ZERO_CHECK.vcxproj”(GetProjectInfoForReference 目标):

__________________________________________________
项目“J:\Code\Kernel_v2\build\b4-asan\ZERO_CHECK.vcxproj”正在生成“J:\Code\Kernel_v2\build\b4-asan\ock_Data.vcxproj”(GetProjectInfoForReference 目标):

ock_ControlProtocol.vcxproj -> J:\Code\Kernel_v2\build\b4-asan\RelWithDebInfo\ock_ControlProtocol.lib
__________________________________________________
项目“J:\Code\Kernel_v2\build\b4-asan\ock_Data.vcxproj”正在生成“J:\Code\Kernel_v2\build\b4-asan\ZERO_CHECK.vcxproj”(GetCopyToOutputDirectoryItems 目标):

__________________________________________________
项目“J:\Code\Kernel_v2\build\b4-asan\ZERO_CHECK.vcxproj”正在生成“J:\Code\Kernel_v2\build\b4-asan\ock_Data.vcxproj”(GetCopyToOutputDirectoryItems 目标):

__________________________________________________
项目“J:\Code\Kernel_v2\build\b4-asan\ock_Data.vcxproj”正在生成“J:\Code\Kernel_v2\build\b4-asan\ock_ControlProtocol.vcxproj”(默认目标):

__________________________________________________
项目“J:\Code\Kernel_v2\build\b4-asan\ock_ControlProtocol.vcxproj”正在生成“J:\Code\Kernel_v2\build\b4-asan\ock_Dynamic.vcxproj”(默认目标):

__________________________________________________
项目“J:\Code\Kernel_v2\build\b4-asan\ock_Dynamic.vcxproj”正在生成“J:\Code\Kernel_v2\build\b4-asan\ZERO_CHECK.vcxproj”(默认目标):

__________________________________________________
项目“J:\Code\Kernel_v2\build\b4-asan\ZERO_CHECK.vcxproj”正在生成“J:\Code\Kernel_v2\build\b4-asan\ock_Data.vcxproj”(默认目标):

__________________________________________________
项目“J:\Code\Kernel_v2\build\b4-asan\ock_Data.vcxproj”正在生成“J:\Code\Kernel_v2\build\b4-asan\ock_Runtime.vcxproj”(默认目标):

__________________________________________________
项目“J:\Code\Kernel_v2\build\b4-asan\ock_Runtime.vcxproj”正在生成“J:\Code\Kernel_v2\build\b4-asan\ZERO_CHECK.vcxproj”(默认目标):

__________________________________________________
项目“J:\Code\Kernel_v2\build\b4-asan\ZERO_CHECK.vcxproj”正在生成“J:\Code\Kernel_v2\build\b4-asan\ZERO_CHECK.vcxproj”(GetNativeManifest 目标):

__________________________________________________
项目“J:\Code\Kernel_v2\build\b4-asan\ZERO_CHECK.vcxproj”正在生成“J:\Code\Kernel_v2\build\b4-asan\ZERO_CHECK.vcxproj”(GetProjectInfoForReference 目标):

ock_Runtime.vcxproj -> J:\Code\Kernel_v2\build\b4-asan\RelWithDebInfo\ock_Runtime.lib
__________________________________________________
项目“J:\Code\Kernel_v2\build\b4-asan\ZERO_CHECK.vcxproj”正在生成“J:\Code\Kernel_v2\build\b4-asan\ZERO_CHECK.vcxproj”(GetCopyToOutputDirectoryItems 目标):

__________________________________________________
项目“J:\Code\Kernel_v2\build\b4-asan\ZERO_CHECK.vcxproj”正在生成“J:\Code\Kernel_v2\build\b4-asan\ock_Runtime.vcxproj”(默认目标):

__________________________________________________
项目“J:\Code\Kernel_v2\build\b4-asan\ock_Runtime.vcxproj”正在生成“J:\Code\Kernel_v2\build\b4-asan\ock_Runtime.vcxproj”(默认目标):

__________________________________________________
项目“J:\Code\Kernel_v2\build\b4-asan\ock_Runtime.vcxproj”正在生成“J:\Code\Kernel_v2\build\b4-asan\ZERO_CHECK.vcxproj”(GetNativeManifest 目标):

__________________________________________________
项目“J:\Code\Kernel_v2\build\b4-asan\ZERO_CHECK.vcxproj”正在生成“J:\Code\Kernel_v2\build\b4-asan\ock_Data.vcxproj”(GetNativeManifest 目标):

__________________________________________________
项目“J:\Code\Kernel_v2\build\b4-asan\ock_Data.vcxproj”正在生成“J:\Code\Kernel_v2\build\b4-asan\ock_Runtime.vcxproj”(GetNativeManifest 目标):

__________________________________________________
项目“J:\Code\Kernel_v2\build\b4-asan\ock_Runtime.vcxproj”正在生成“J:\Code\Kernel_v2\build\b4-asan\ZERO_CHECK.vcxproj”(GetProjectInfoForReference 目标):

__________________________________________________
项目“J:\Code\Kernel_v2\build\b4-asan\ZERO_CHECK.vcxproj”正在生成“J:\Code\Kernel_v2\build\b4-asan\ock_Data.vcxproj”(GetProjectInfoForReference 目标):

__________________________________________________
项目“J:\Code\Kernel_v2\build\b4-asan\ock_Data.vcxproj”正在生成“J:\Code\Kernel_v2\build\b4-asan\ock_Runtime.vcxproj”(GetProjectInfoForReference 目标):

ock_Dynamic.vcxproj -> J:\Code\Kernel_v2\build\b4-asan\RelWithDebInfo\ock_Dynamic.lib
__________________________________________________
项目“J:\Code\Kernel_v2\build\b4-asan\ock_Runtime.vcxproj”正在生成“J:\Code\Kernel_v2\build\b4-asan\ZERO_CHECK.vcxproj”(GetCopyToOutputDirectoryItems 目标):

__________________________________________________
项目“J:\Code\Kernel_v2\build\b4-asan\ZERO_CHECK.vcxproj”正在生成“J:\Code\Kernel_v2\build\b4-asan\ock_Data.vcxproj”(GetCopyToOutputDirectoryItems 目标):

__________________________________________________
项目“J:\Code\Kernel_v2\build\b4-asan\ock_Data.vcxproj”正在生成“J:\Code\Kernel_v2\build\b4-asan\ock_Runtime.vcxproj”(GetCopyToOutputDirectoryItems 目标):

__________________________________________________
项目“J:\Code\Kernel_v2\build\b4-asan\ock_Runtime.vcxproj”正在生成“J:\Code\Kernel_v2\build\b4-asan\ock_Dynamic.vcxproj”(默认目标):

__________________________________________________
项目“J:\Code\Kernel_v2\build\b4-asan\ock_Dynamic.vcxproj”正在生成“J:\Code\Kernel_v2\build\b4-asan\ZERO_CHECK.vcxproj”(GetNativeManifest 目标):

__________________________________________________
项目“J:\Code\Kernel_v2\build\b4-asan\ZERO_CHECK.vcxproj”正在生成“J:\Code\Kernel_v2\build\b4-asan\ock_Data.vcxproj”(GetNativeManifest 目标):

__________________________________________________
项目“J:\Code\Kernel_v2\build\b4-asan\ock_Data.vcxproj”正在生成“J:\Code\Kernel_v2\build\b4-asan\ock_Runtime.vcxproj”(GetNativeManifest 目标):

__________________________________________________
项目“J:\Code\Kernel_v2\build\b4-asan\ock_Runtime.vcxproj”正在生成“J:\Code\Kernel_v2\build\b4-asan\ock_ControlProtocol.vcxproj”(GetNativeManifest 目标):

__________________________________________________
项目“J:\Code\Kernel_v2\build\b4-asan\ock_ControlProtocol.vcxproj”正在生成“J:\Code\Kernel_v2\build\b4-asan\ock_Dynamic.vcxproj”(GetNativeManifest 目标):

__________________________________________________
项目“J:\Code\Kernel_v2\build\b4-asan\ock_Dynamic.vcxproj”正在生成“J:\Code\Kernel_v2\build\b4-asan\ZERO_CHECK.vcxproj”(GetProjectInfoForReference 目标):

__________________________________________________
项目“J:\Code\Kernel_v2\build\b4-asan\ZERO_CHECK.vcxproj”正在生成“J:\Code\Kernel_v2\build\b4-asan\ock_Data.vcxproj”(GetProjectInfoForReference 目标):

__________________________________________________
项目“J:\Code\Kernel_v2\build\b4-asan\ock_Data.vcxproj”正在生成“J:\Code\Kernel_v2\build\b4-asan\ock_Runtime.vcxproj”(GetProjectInfoForReference 目标):

__________________________________________________
项目“J:\Code\Kernel_v2\build\b4-asan\ock_Runtime.vcxproj”正在生成“J:\Code\Kernel_v2\build\b4-asan\ock_ControlProtocol.vcxproj”(GetProjectInfoForReference 目标):

__________________________________________________
项目“J:\Code\Kernel_v2\build\b4-asan\ock_ControlProtocol.vcxproj”正在生成“J:\Code\Kernel_v2\build\b4-asan\ock_Dynamic.vcxproj”(GetProjectInfoForReference 目标):

ock_Control.vcxproj -> J:\Code\Kernel_v2\build\b4-asan\RelWithDebInfo\ock_Control.lib
__________________________________________________
项目“J:\Code\Kernel_v2\build\b4-asan\ock_Dynamic.vcxproj”正在生成“J:\Code\Kernel_v2\build\b4-asan\ZERO_CHECK.vcxproj”(GetCopyToOutputDirectoryItems 目标):

__________________________________________________
项目“J:\Code\Kernel_v2\build\b4-asan\ZERO_CHECK.vcxproj”正在生成“J:\Code\Kernel_v2\build\b4-asan\ock_ControlProtocol.vcxproj”(GetCopyToOutputDirectoryItems 目标):

__________________________________________________
项目“J:\Code\Kernel_v2\build\b4-asan\ock_ControlProtocol.vcxproj”正在生成“J:\Code\Kernel_v2\build\b4-asan\ock_Data.vcxproj”(GetCopyToOutputDirectoryItems 目标):

__________________________________________________
项目“J:\Code\Kernel_v2\build\b4-asan\ock_Data.vcxproj”正在生成“J:\Code\Kernel_v2\build\b4-asan\ock_Dynamic.vcxproj”(GetCopyToOutputDirectoryItems 目标):

__________________________________________________
项目“J:\Code\Kernel_v2\build\b4-asan\ock_Dynamic.vcxproj”正在生成“J:\Code\Kernel_v2\build\b4-asan\ock_Runtime.vcxproj”(GetCopyToOutputDirectoryItems 目标):

__________________________________________________
项目“J:\Code\Kernel_v2\build\b4-asan\ock_Runtime.vcxproj”正在生成“J:\Code\Kernel_v2\build\b4-asan\ZERO_CHECK.vcxproj”(GetNativeManifest 目标):

__________________________________________________
项目“J:\Code\Kernel_v2\build\b4-asan\ZERO_CHECK.vcxproj”正在生成“J:\Code\Kernel_v2\build\b4-asan\ock_ControlProtocol.vcxproj”(GetNativeManifest 目标):

__________________________________________________
项目“J:\Code\Kernel_v2\build\b4-asan\ock_ControlProtocol.vcxproj”正在生成“J:\Code\Kernel_v2\build\b4-asan\ock_Data.vcxproj”(GetNativeManifest 目标):

__________________________________________________
项目“J:\Code\Kernel_v2\build\b4-asan\ock_Data.vcxproj”正在生成“J:\Code\Kernel_v2\build\b4-asan\ock_Dynamic.vcxproj”(GetNativeManifest 目标):

__________________________________________________
项目“J:\Code\Kernel_v2\build\b4-asan\ock_Dynamic.vcxproj”正在生成“J:\Code\Kernel_v2\build\b4-asan\ock_Runtime.vcxproj”(GetNativeManifest 目标):

__________________________________________________
项目“J:\Code\Kernel_v2\build\b4-asan\ock_Runtime.vcxproj”正在生成“J:\Code\Kernel_v2\build\b4-asan\ock_Control.vcxproj”(GetNativeManifest 目标):

__________________________________________________
项目“J:\Code\Kernel_v2\build\b4-asan\ock_Control.vcxproj”正在生成“J:\Code\Kernel_v2\build\b4-asan\ZERO_CHECK.vcxproj”(GetProjectInfoForReference 目标):

__________________________________________________
项目“J:\Code\Kernel_v2\build\b4-asan\ZERO_CHECK.vcxproj”正在生成“J:\Code\Kernel_v2\build\b4-asan\ock_ControlProtocol.vcxproj”(GetProjectInfoForReference 目标):

__________________________________________________
项目“J:\Code\Kernel_v2\build\b4-asan\ock_ControlProtocol.vcxproj”正在生成“J:\Code\Kernel_v2\build\b4-asan\ock_Data.vcxproj”(GetProjectInfoForReference 目标):

__________________________________________________
项目“J:\Code\Kernel_v2\build\b4-asan\ock_Data.vcxproj”正在生成“J:\Code\Kernel_v2\build\b4-asan\ock_Dynamic.vcxproj”(GetProjectInfoForReference 目标):

__________________________________________________
项目“J:\Code\Kernel_v2\build\b4-asan\ock_Dynamic.vcxproj”正在生成“J:\Code\Kernel_v2\build\b4-asan\ock_Runtime.vcxproj”(GetProjectInfoForReference 目标):

__________________________________________________
项目“J:\Code\Kernel_v2\build\b4-asan\ock_Runtime.vcxproj”正在生成“J:\Code\Kernel_v2\build\b4-asan\ock_Control.vcxproj”(GetProjectInfoForReference 目标):

J:/Code/Kernel_v2/build/msvc-validation/e8697b7e3597a578/bin/CL.exe /c /IJ:\Code\Kernel_v2 /IJ:\Code\Kernel_v2\packages\control\server\include /IJ:\Code\Kernel_v2\packages\runtime\include /IJ:\Code\Kernel_v2\packages\contracts\include /IJ:\Code\Kernel_v2\packages\foundation\include /IJ:\Code\Kernel_v2\packages\dynamic\include /IJ:\Code\Kernel_v2\packages\dynamic\data\include /IJ:\Code\Kernel_v2\packages\control\protocol\include /Z7 /nologo /W1 /WX- /diagnostics:column /fsanitize=address /O2 /Ob1 /D _MBCS /D WIN32 /D _WINDOWS /D NDEBUG /D "CMAKE_INTDIR=\"RelWithDebInfo\"" /EHsc /MD /GS /fp:precise /Zc:wchar_t /Zc:forScope /Zc:inline /std:c++20 /permissive- /Fo"get_contract.dir\RelWithDebInfo\\" /Fd"get_contract.dir\RelWithDebInfo\vc143.pdb" /external:W0 /Gd /TP /errorReport:queue  /external:I "J:/Code/Kernel_v2/build/d0.06-a/cache/sources/expected-fe3b18aecb84/include" /fsanitize=address /utf-8 /Zc:__cplusplus J:\Code\Kernel_v2\tests\contract\protocol\get.cpp
get.cpp
J:/Code/Kernel_v2/build/msvc-validation/e8697b7e3597a578/bin/link.exe /ERRORREPORT:QUEUE /OUT:"J:\Code\Kernel_v2\build\b4-asan\tests\unit\data\RelWithDebInfo\get_contract.exe" /INCREMENTAL:NO /NOLOGO ..\..\..\RelWithDebInfo\ock_Control.lib ..\..\..\RelWithDebInfo\ock_Dynamic.lib ..\..\..\RelWithDebInfo\ock_Runtime.lib ..\..\..\RelWithDebInfo\ock_ControlProtocol.lib ..\..\..\RelWithDebInfo\ock_Data.lib bcrypt.lib kernel32.lib user32.lib gdi32.lib winspool.lib shell32.lib ole32.lib oleaut32.lib uuid.lib comdlg32.lib advapi32.lib /MANIFEST /MANIFESTUAC:"level='asInvoker' uiAccess='false'" /manifest:embed /DEBUG /PDB:"J:/Code/Kernel_v2/build/b4-asan/tests/unit/data/RelWithDebInfo/get_contract.pdb" /SUBSYSTEM:CONSOLE /TLBID:1 /DYNAMICBASE /NXCOMPAT /IMPLIB:"J:/Code/Kernel_v2/build/b4-asan/tests/unit/data/RelWithDebInfo/get_contract.lib" /MACHINE:X64  /machine:x64 get_contract.dir\RelWithDebInfo\get.obj
get_contract.vcxproj -> J:\Code\Kernel_v2\build\b4-asan\tests\unit\data\RelWithDebInfo\get_contract.exe
适用于 .NET Framework MSBuild 版本 17.14.23+b0019275e

__________________________________________________
项目“J:\Code\Kernel_v2\build\b4-asan\tests\unit\data\list_contract.vcxproj”(默认目标):

__________________________________________________
项目“J:\Code\Kernel_v2\build\b4-asan\tests\unit\data\list_contract.vcxproj”正在生成“J:\Code\Kernel_v2\build\b4-asan\ZERO_CHECK.vcxproj”(默认目标):

__________________________________________________
项目“J:\Code\Kernel_v2\build\b4-asan\ZERO_CHECK.vcxproj”正在生成“J:\Code\Kernel_v2\build\b4-asan\ock_Control.vcxproj”(默认目标):

__________________________________________________
项目“J:\Code\Kernel_v2\build\b4-asan\ock_Control.vcxproj”正在生成“J:\Code\Kernel_v2\build\b4-asan\ZERO_CHECK.vcxproj”(默认目标):

__________________________________________________
项目“J:\Code\Kernel_v2\build\b4-asan\ZERO_CHECK.vcxproj”正在生成“J:\Code\Kernel_v2\build\b4-asan\ock_ControlProtocol.vcxproj”(默认目标):

__________________________________________________
项目“J:\Code\Kernel_v2\build\b4-asan\ock_ControlProtocol.vcxproj”正在生成“J:\Code\Kernel_v2\build\b4-asan\ZERO_CHECK.vcxproj”(默认目标):

__________________________________________________
项目“J:\Code\Kernel_v2\build\b4-asan\ZERO_CHECK.vcxproj”正在生成“J:\Code\Kernel_v2\build\b4-asan\ock_Data.vcxproj”(默认目标):

__________________________________________________
项目“J:\Code\Kernel_v2\build\b4-asan\ock_Data.vcxproj”正在生成“J:\Code\Kernel_v2\build\b4-asan\ZERO_CHECK.vcxproj”(默认目标):

__________________________________________________
项目“J:\Code\Kernel_v2\build\b4-asan\ZERO_CHECK.vcxproj”正在生成“J:\Code\Kernel_v2\build\b4-asan\ZERO_CHECK.vcxproj”(GetNativeManifest 目标):

__________________________________________________
项目“J:\Code\Kernel_v2\build\b4-asan\ZERO_CHECK.vcxproj”正在生成“J:\Code\Kernel_v2\build\b4-asan\ZERO_CHECK.vcxproj”(GetProjectInfoForReference 目标):

ock_Data.vcxproj -> J:\Code\Kernel_v2\build\b4-asan\RelWithDebInfo\ock_Data.lib
__________________________________________________
项目“J:\Code\Kernel_v2\build\b4-asan\ZERO_CHECK.vcxproj”正在生成“J:\Code\Kernel_v2\build\b4-asan\ZERO_CHECK.vcxproj”(GetCopyToOutputDirectoryItems 目标):

__________________________________________________
项目“J:\Code\Kernel_v2\build\b4-asan\ZERO_CHECK.vcxproj”正在生成“J:\Code\Kernel_v2\build\b4-asan\ock_Data.vcxproj”(默认目标):

__________________________________________________
项目“J:\Code\Kernel_v2\build\b4-asan\ock_Data.vcxproj”正在生成“J:\Code\Kernel_v2\build\b4-asan\ock_Data.vcxproj”(默认目标):

__________________________________________________
项目“J:\Code\Kernel_v2\build\b4-asan\ock_Data.vcxproj”正在生成“J:\Code\Kernel_v2\build\b4-asan\ZERO_CHECK.vcxproj”(GetNativeManifest 目标):

__________________________________________________
项目“J:\Code\Kernel_v2\build\b4-asan\ZERO_CHECK.vcxproj”正在生成“J:\Code\Kernel_v2\build\b4-asan\ock_Data.vcxproj”(GetNativeManifest 目标):

__________________________________________________
项目“J:\Code\Kernel_v2\build\b4-asan\ock_Data.vcxproj”正在生成“J:\Code\Kernel_v2\build\b4-asan\ZERO_CHECK.vcxproj”(GetProjectInfoForReference 目标):

__________________________________________________
项目“J:\Code\Kernel_v2\build\b4-asan\ZERO_CHECK.vcxproj”正在生成“J:\Code\Kernel_v2\build\b4-asan\ock_Data.vcxproj”(GetProjectInfoForReference 目标):

ock_ControlProtocol.vcxproj -> J:\Code\Kernel_v2\build\b4-asan\RelWithDebInfo\ock_ControlProtocol.lib
__________________________________________________
项目“J:\Code\Kernel_v2\build\b4-asan\ock_Data.vcxproj”正在生成“J:\Code\Kernel_v2\build\b4-asan\ZERO_CHECK.vcxproj”(GetCopyToOutputDirectoryItems 目标):

__________________________________________________
项目“J:\Code\Kernel_v2\build\b4-asan\ZERO_CHECK.vcxproj”正在生成“J:\Code\Kernel_v2\build\b4-asan\ock_Data.vcxproj”(GetCopyToOutputDirectoryItems 目标):

__________________________________________________
项目“J:\Code\Kernel_v2\build\b4-asan\ock_Data.vcxproj”正在生成“J:\Code\Kernel_v2\build\b4-asan\ock_ControlProtocol.vcxproj”(默认目标):

__________________________________________________
项目“J:\Code\Kernel_v2\build\b4-asan\ock_ControlProtocol.vcxproj”正在生成“J:\Code\Kernel_v2\build\b4-asan\ock_Dynamic.vcxproj”(默认目标):

__________________________________________________
项目“J:\Code\Kernel_v2\build\b4-asan\ock_Dynamic.vcxproj”正在生成“J:\Code\Kernel_v2\build\b4-asan\ZERO_CHECK.vcxproj”(默认目标):

__________________________________________________
项目“J:\Code\Kernel_v2\build\b4-asan\ZERO_CHECK.vcxproj”正在生成“J:\Code\Kernel_v2\build\b4-asan\ock_Data.vcxproj”(默认目标):

__________________________________________________
项目“J:\Code\Kernel_v2\build\b4-asan\ock_Data.vcxproj”正在生成“J:\Code\Kernel_v2\build\b4-asan\ock_Runtime.vcxproj”(默认目标):

__________________________________________________
项目“J:\Code\Kernel_v2\build\b4-asan\ock_Runtime.vcxproj”正在生成“J:\Code\Kernel_v2\build\b4-asan\ZERO_CHECK.vcxproj”(默认目标):

__________________________________________________
项目“J:\Code\Kernel_v2\build\b4-asan\ZERO_CHECK.vcxproj”正在生成“J:\Code\Kernel_v2\build\b4-asan\ZERO_CHECK.vcxproj”(GetNativeManifest 目标):

__________________________________________________
项目“J:\Code\Kernel_v2\build\b4-asan\ZERO_CHECK.vcxproj”正在生成“J:\Code\Kernel_v2\build\b4-asan\ZERO_CHECK.vcxproj”(GetProjectInfoForReference 目标):

ock_Runtime.vcxproj -> J:\Code\Kernel_v2\build\b4-asan\RelWithDebInfo\ock_Runtime.lib
__________________________________________________
项目“J:\Code\Kernel_v2\build\b4-asan\ZERO_CHECK.vcxproj”正在生成“J:\Code\Kernel_v2\build\b4-asan\ZERO_CHECK.vcxproj”(GetCopyToOutputDirectoryItems 目标):

__________________________________________________
项目“J:\Code\Kernel_v2\build\b4-asan\ZERO_CHECK.vcxproj”正在生成“J:\Code\Kernel_v2\build\b4-asan\ock_Runtime.vcxproj”(默认目标):

__________________________________________________
项目“J:\Code\Kernel_v2\build\b4-asan\ock_Runtime.vcxproj”正在生成“J:\Code\Kernel_v2\build\b4-asan\ock_Runtime.vcxproj”(默认目标):

__________________________________________________
项目“J:\Code\Kernel_v2\build\b4-asan\ock_Runtime.vcxproj”正在生成“J:\Code\Kernel_v2\build\b4-asan\ZERO_CHECK.vcxproj”(GetNativeManifest 目标):

__________________________________________________
项目“J:\Code\Kernel_v2\build\b4-asan\ZERO_CHECK.vcxproj”正在生成“J:\Code\Kernel_v2\build\b4-asan\ock_Data.vcxproj”(GetNativeManifest 目标):

__________________________________________________
项目“J:\Code\Kernel_v2\build\b4-asan\ock_Data.vcxproj”正在生成“J:\Code\Kernel_v2\build\b4-asan\ock_Runtime.vcxproj”(GetNativeManifest 目标):

__________________________________________________
项目“J:\Code\Kernel_v2\build\b4-asan\ock_Runtime.vcxproj”正在生成“J:\Code\Kernel_v2\build\b4-asan\ZERO_CHECK.vcxproj”(GetProjectInfoForReference 目标):

__________________________________________________
项目“J:\Code\Kernel_v2\build\b4-asan\ZERO_CHECK.vcxproj”正在生成“J:\Code\Kernel_v2\build\b4-asan\ock_Data.vcxproj”(GetProjectInfoForReference 目标):

__________________________________________________
项目“J:\Code\Kernel_v2\build\b4-asan\ock_Data.vcxproj”正在生成“J:\Code\Kernel_v2\build\b4-asan\ock_Runtime.vcxproj”(GetProjectInfoForReference 目标):

ock_Dynamic.vcxproj -> J:\Code\Kernel_v2\build\b4-asan\RelWithDebInfo\ock_Dynamic.lib
__________________________________________________
项目“J:\Code\Kernel_v2\build\b4-asan\ock_Runtime.vcxproj”正在生成“J:\Code\Kernel_v2\build\b4-asan\ZERO_CHECK.vcxproj”(GetCopyToOutputDirectoryItems 目标):

__________________________________________________
项目“J:\Code\Kernel_v2\build\b4-asan\ZERO_CHECK.vcxproj”正在生成“J:\Code\Kernel_v2\build\b4-asan\ock_Data.vcxproj”(GetCopyToOutputDirectoryItems 目标):

__________________________________________________
项目“J:\Code\Kernel_v2\build\b4-asan\ock_Data.vcxproj”正在生成“J:\Code\Kernel_v2\build\b4-asan\ock_Runtime.vcxproj”(GetCopyToOutputDirectoryItems 目标):

__________________________________________________
项目“J:\Code\Kernel_v2\build\b4-asan\ock_Runtime.vcxproj”正在生成“J:\Code\Kernel_v2\build\b4-asan\ock_Dynamic.vcxproj”(默认目标):

__________________________________________________
项目“J:\Code\Kernel_v2\build\b4-asan\ock_Dynamic.vcxproj”正在生成“J:\Code\Kernel_v2\build\b4-asan\ZERO_CHECK.vcxproj”(GetNativeManifest 目标):

__________________________________________________
项目“J:\Code\Kernel_v2\build\b4-asan\ZERO_CHECK.vcxproj”正在生成“J:\Code\Kernel_v2\build\b4-asan\ock_Data.vcxproj”(GetNativeManifest 目标):

__________________________________________________
项目“J:\Code\Kernel_v2\build\b4-asan\ock_Data.vcxproj”正在生成“J:\Code\Kernel_v2\build\b4-asan\ock_Runtime.vcxproj”(GetNativeManifest 目标):

__________________________________________________
项目“J:\Code\Kernel_v2\build\b4-asan\ock_Runtime.vcxproj”正在生成“J:\Code\Kernel_v2\build\b4-asan\ock_ControlProtocol.vcxproj”(GetNativeManifest 目标):

__________________________________________________
项目“J:\Code\Kernel_v2\build\b4-asan\ock_ControlProtocol.vcxproj”正在生成“J:\Code\Kernel_v2\build\b4-asan\ock_Dynamic.vcxproj”(GetNativeManifest 目标):

__________________________________________________
项目“J:\Code\Kernel_v2\build\b4-asan\ock_Dynamic.vcxproj”正在生成“J:\Code\Kernel_v2\build\b4-asan\ZERO_CHECK.vcxproj”(GetProjectInfoForReference 目标):

__________________________________________________
项目“J:\Code\Kernel_v2\build\b4-asan\ZERO_CHECK.vcxproj”正在生成“J:\Code\Kernel_v2\build\b4-asan\ock_Data.vcxproj”(GetProjectInfoForReference 目标):

__________________________________________________
项目“J:\Code\Kernel_v2\build\b4-asan\ock_Data.vcxproj”正在生成“J:\Code\Kernel_v2\build\b4-asan\ock_Runtime.vcxproj”(GetProjectInfoForReference 目标):

__________________________________________________
项目“J:\Code\Kernel_v2\build\b4-asan\ock_Runtime.vcxproj”正在生成“J:\Code\Kernel_v2\build\b4-asan\ock_ControlProtocol.vcxproj”(GetProjectInfoForReference 目标):

__________________________________________________
项目“J:\Code\Kernel_v2\build\b4-asan\ock_ControlProtocol.vcxproj”正在生成“J:\Code\Kernel_v2\build\b4-asan\ock_Dynamic.vcxproj”(GetProjectInfoForReference 目标):

ock_Control.vcxproj -> J:\Code\Kernel_v2\build\b4-asan\RelWithDebInfo\ock_Control.lib
__________________________________________________
项目“J:\Code\Kernel_v2\build\b4-asan\ock_Dynamic.vcxproj”正在生成“J:\Code\Kernel_v2\build\b4-asan\ZERO_CHECK.vcxproj”(GetCopyToOutputDirectoryItems 目标):

__________________________________________________
项目“J:\Code\Kernel_v2\build\b4-asan\ZERO_CHECK.vcxproj”正在生成“J:\Code\Kernel_v2\build\b4-asan\ock_ControlProtocol.vcxproj”(GetCopyToOutputDirectoryItems 目标):

__________________________________________________
项目“J:\Code\Kernel_v2\build\b4-asan\ock_ControlProtocol.vcxproj”正在生成“J:\Code\Kernel_v2\build\b4-asan\ock_Data.vcxproj”(GetCopyToOutputDirectoryItems 目标):

__________________________________________________
项目“J:\Code\Kernel_v2\build\b4-asan\ock_Data.vcxproj”正在生成“J:\Code\Kernel_v2\build\b4-asan\ock_Dynamic.vcxproj”(GetCopyToOutputDirectoryItems 目标):

__________________________________________________
项目“J:\Code\Kernel_v2\build\b4-asan\ock_Dynamic.vcxproj”正在生成“J:\Code\Kernel_v2\build\b4-asan\ock_Runtime.vcxproj”(GetCopyToOutputDirectoryItems 目标):

__________________________________________________
项目“J:\Code\Kernel_v2\build\b4-asan\ock_Runtime.vcxproj”正在生成“J:\Code\Kernel_v2\build\b4-asan\ZERO_CHECK.vcxproj”(GetNativeManifest 目标):

__________________________________________________
项目“J:\Code\Kernel_v2\build\b4-asan\ZERO_CHECK.vcxproj”正在生成“J:\Code\Kernel_v2\build\b4-asan\ock_ControlProtocol.vcxproj”(GetNativeManifest 目标):

__________________________________________________
项目“J:\Code\Kernel_v2\build\b4-asan\ock_ControlProtocol.vcxproj”正在生成“J:\Code\Kernel_v2\build\b4-asan\ock_Data.vcxproj”(GetNativeManifest 目标):

__________________________________________________
项目“J:\Code\Kernel_v2\build\b4-asan\ock_Data.vcxproj”正在生成“J:\Code\Kernel_v2\build\b4-asan\ock_Dynamic.vcxproj”(GetNativeManifest 目标):

__________________________________________________
项目“J:\Code\Kernel_v2\build\b4-asan\ock_Dynamic.vcxproj”正在生成“J:\Code\Kernel_v2\build\b4-asan\ock_Runtime.vcxproj”(GetNativeManifest 目标):

__________________________________________________
项目“J:\Code\Kernel_v2\build\b4-asan\ock_Runtime.vcxproj”正在生成“J:\Code\Kernel_v2\build\b4-asan\ock_Control.vcxproj”(GetNativeManifest 目标):

__________________________________________________
项目“J:\Code\Kernel_v2\build\b4-asan\ock_Control.vcxproj”正在生成“J:\Code\Kernel_v2\build\b4-asan\ZERO_CHECK.vcxproj”(GetProjectInfoForReference 目标):

__________________________________________________
项目“J:\Code\Kernel_v2\build\b4-asan\ZERO_CHECK.vcxproj”正在生成“J:\Code\Kernel_v2\build\b4-asan\ock_ControlProtocol.vcxproj”(GetProjectInfoForReference 目标):

__________________________________________________
项目“J:\Code\Kernel_v2\build\b4-asan\ock_ControlProtocol.vcxproj”正在生成“J:\Code\Kernel_v2\build\b4-asan\ock_Data.vcxproj”(GetProjectInfoForReference 目标):

__________________________________________________
项目“J:\Code\Kernel_v2\build\b4-asan\ock_Data.vcxproj”正在生成“J:\Code\Kernel_v2\build\b4-asan\ock_Dynamic.vcxproj”(GetProjectInfoForReference 目标):

__________________________________________________
项目“J:\Code\Kernel_v2\build\b4-asan\ock_Dynamic.vcxproj”正在生成“J:\Code\Kernel_v2\build\b4-asan\ock_Runtime.vcxproj”(GetProjectInfoForReference 目标):

__________________________________________________
项目“J:\Code\Kernel_v2\build\b4-asan\ock_Runtime.vcxproj”正在生成“J:\Code\Kernel_v2\build\b4-asan\ock_Control.vcxproj”(GetProjectInfoForReference 目标):

J:/Code/Kernel_v2/build/msvc-validation/e8697b7e3597a578/bin/link.exe /ERRORREPORT:QUEUE /OUT:"J:\Code\Kernel_v2\build\b4-asan\tests\unit\data\RelWithDebInfo\list_contract.exe" /INCREMENTAL:NO /NOLOGO ..\..\..\RelWithDebInfo\ock_Control.lib ..\..\..\RelWithDebInfo\ock_Dynamic.lib ..\..\..\RelWithDebInfo\ock_Runtime.lib ..\..\..\RelWithDebInfo\ock_ControlProtocol.lib ..\..\..\RelWithDebInfo\ock_Data.lib bcrypt.lib kernel32.lib user32.lib gdi32.lib winspool.lib shell32.lib ole32.lib oleaut32.lib uuid.lib comdlg32.lib advapi32.lib /MANIFEST /MANIFESTUAC:"level='asInvoker' uiAccess='false'" /manifest:embed /DEBUG /PDB:"J:/Code/Kernel_v2/build/b4-asan/tests/unit/data/RelWithDebInfo/list_contract.pdb" /SUBSYSTEM:CONSOLE /TLBID:1 /DYNAMICBASE /NXCOMPAT /IMPLIB:"J:/Code/Kernel_v2/build/b4-asan/tests/unit/data/RelWithDebInfo/list_contract.lib" /MACHINE:X64  /machine:x64 list_contract.dir\RelWithDebInfo\list.obj
list_contract.vcxproj -> J:\Code\Kernel_v2\build\b4-asan\tests\unit\data\RelWithDebInfo\list_contract.exe
适用于 .NET Framework MSBuild 版本 17.14.23+b0019275e

__________________________________________________
项目“J:\Code\Kernel_v2\build\b4-asan\apps\ock\ock.vcxproj”(默认目标):

__________________________________________________
项目“J:\Code\Kernel_v2\build\b4-asan\apps\ock\ock.vcxproj”正在生成“J:\Code\Kernel_v2\build\b4-asan\ZERO_CHECK.vcxproj”(默认目标):

__________________________________________________
项目“J:\Code\Kernel_v2\build\b4-asan\ZERO_CHECK.vcxproj”正在生成“J:\Code\Kernel_v2\build\b4-asan\ock_Adapter_LocalIPC.vcxproj”(默认目标):

__________________________________________________
项目“J:\Code\Kernel_v2\build\b4-asan\ock_Adapter_LocalIPC.vcxproj”正在生成“J:\Code\Kernel_v2\build\b4-asan\ZERO_CHECK.vcxproj”(默认目标):

__________________________________________________
项目“J:\Code\Kernel_v2\build\b4-asan\ZERO_CHECK.vcxproj”正在生成“J:\Code\Kernel_v2\build\b4-asan\ock_ControlProtocol.vcxproj”(默认目标):

__________________________________________________
项目“J:\Code\Kernel_v2\build\b4-asan\ock_ControlProtocol.vcxproj”正在生成“J:\Code\Kernel_v2\build\b4-asan\ZERO_CHECK.vcxproj”(默认目标):

__________________________________________________
项目“J:\Code\Kernel_v2\build\b4-asan\ZERO_CHECK.vcxproj”正在生成“J:\Code\Kernel_v2\build\b4-asan\ock_Data.vcxproj”(默认目标):

__________________________________________________
项目“J:\Code\Kernel_v2\build\b4-asan\ock_Data.vcxproj”正在生成“J:\Code\Kernel_v2\build\b4-asan\ZERO_CHECK.vcxproj”(默认目标):

__________________________________________________
项目“J:\Code\Kernel_v2\build\b4-asan\ZERO_CHECK.vcxproj”正在生成“J:\Code\Kernel_v2\build\b4-asan\ZERO_CHECK.vcxproj”(GetNativeManifest 目标):

__________________________________________________
项目“J:\Code\Kernel_v2\build\b4-asan\ZERO_CHECK.vcxproj”正在生成“J:\Code\Kernel_v2\build\b4-asan\ZERO_CHECK.vcxproj”(GetProjectInfoForReference 目标):

ock_Data.vcxproj -> J:\Code\Kernel_v2\build\b4-asan\RelWithDebInfo\ock_Data.lib
__________________________________________________
项目“J:\Code\Kernel_v2\build\b4-asan\ZERO_CHECK.vcxproj”正在生成“J:\Code\Kernel_v2\build\b4-asan\ZERO_CHECK.vcxproj”(GetCopyToOutputDirectoryItems 目标):

__________________________________________________
项目“J:\Code\Kernel_v2\build\b4-asan\ZERO_CHECK.vcxproj”正在生成“J:\Code\Kernel_v2\build\b4-asan\ock_Data.vcxproj”(默认目标):

__________________________________________________
项目“J:\Code\Kernel_v2\build\b4-asan\ock_Data.vcxproj”正在生成“J:\Code\Kernel_v2\build\b4-asan\ock_Data.vcxproj”(默认目标):

__________________________________________________
项目“J:\Code\Kernel_v2\build\b4-asan\ock_Data.vcxproj”正在生成“J:\Code\Kernel_v2\build\b4-asan\ZERO_CHECK.vcxproj”(GetNativeManifest 目标):

__________________________________________________
项目“J:\Code\Kernel_v2\build\b4-asan\ZERO_CHECK.vcxproj”正在生成“J:\Code\Kernel_v2\build\b4-asan\ock_Data.vcxproj”(GetNativeManifest 目标):

__________________________________________________
项目“J:\Code\Kernel_v2\build\b4-asan\ock_Data.vcxproj”正在生成“J:\Code\Kernel_v2\build\b4-asan\ZERO_CHECK.vcxproj”(GetProjectInfoForReference 目标):

__________________________________________________
项目“J:\Code\Kernel_v2\build\b4-asan\ZERO_CHECK.vcxproj”正在生成“J:\Code\Kernel_v2\build\b4-asan\ock_Data.vcxproj”(GetProjectInfoForReference 目标):

ock_ControlProtocol.vcxproj -> J:\Code\Kernel_v2\build\b4-asan\RelWithDebInfo\ock_ControlProtocol.lib
__________________________________________________
项目“J:\Code\Kernel_v2\build\b4-asan\ock_Data.vcxproj”正在生成“J:\Code\Kernel_v2\build\b4-asan\ZERO_CHECK.vcxproj”(GetCopyToOutputDirectoryItems 目标):

__________________________________________________
项目“J:\Code\Kernel_v2\build\b4-asan\ZERO_CHECK.vcxproj”正在生成“J:\Code\Kernel_v2\build\b4-asan\ock_Data.vcxproj”(GetCopyToOutputDirectoryItems 目标):

__________________________________________________
项目“J:\Code\Kernel_v2\build\b4-asan\ock_Data.vcxproj”正在生成“J:\Code\Kernel_v2\build\b4-asan\ock_ControlProtocol.vcxproj”(默认目标):

__________________________________________________
项目“J:\Code\Kernel_v2\build\b4-asan\ock_ControlProtocol.vcxproj”正在生成“J:\Code\Kernel_v2\build\b4-asan\ZERO_CHECK.vcxproj”(GetNativeManifest 目标):

__________________________________________________
项目“J:\Code\Kernel_v2\build\b4-asan\ZERO_CHECK.vcxproj”正在生成“J:\Code\Kernel_v2\build\b4-asan\ock_Data.vcxproj”(GetNativeManifest 目标):

__________________________________________________
项目“J:\Code\Kernel_v2\build\b4-asan\ock_Data.vcxproj”正在生成“J:\Code\Kernel_v2\build\b4-asan\ock_ControlProtocol.vcxproj”(GetNativeManifest 目标):

__________________________________________________
项目“J:\Code\Kernel_v2\build\b4-asan\ock_ControlProtocol.vcxproj”正在生成“J:\Code\Kernel_v2\build\b4-asan\ZERO_CHECK.vcxproj”(GetProjectInfoForReference 目标):

__________________________________________________
项目“J:\Code\Kernel_v2\build\b4-asan\ZERO_CHECK.vcxproj”正在生成“J:\Code\Kernel_v2\build\b4-asan\ock_Data.vcxproj”(GetProjectInfoForReference 目标):

__________________________________________________
项目“J:\Code\Kernel_v2\build\b4-asan\ock_Data.vcxproj”正在生成“J:\Code\Kernel_v2\build\b4-asan\ock_ControlProtocol.vcxproj”(GetProjectInfoForReference 目标):

ock_Adapter_LocalIPC.vcxproj -> J:\Code\Kernel_v2\build\b4-asan\RelWithDebInfo\ock_Adapter_LocalIPC.lib
__________________________________________________
项目“J:\Code\Kernel_v2\build\b4-asan\ock_ControlProtocol.vcxproj”正在生成“J:\Code\Kernel_v2\build\b4-asan\ZERO_CHECK.vcxproj”(GetCopyToOutputDirectoryItems 目标):

__________________________________________________
项目“J:\Code\Kernel_v2\build\b4-asan\ZERO_CHECK.vcxproj”正在生成“J:\Code\Kernel_v2\build\b4-asan\ock_ControlProtocol.vcxproj”(GetCopyToOutputDirectoryItems 目标):

__________________________________________________
项目“J:\Code\Kernel_v2\build\b4-asan\ock_ControlProtocol.vcxproj”正在生成“J:\Code\Kernel_v2\build\b4-asan\ock_Data.vcxproj”(GetCopyToOutputDirectoryItems 目标):

__________________________________________________
项目“J:\Code\Kernel_v2\build\b4-asan\ock_Data.vcxproj”正在生成“J:\Code\Kernel_v2\build\b4-asan\ock_ControlClient.vcxproj”(默认目标):

__________________________________________________
项目“J:\Code\Kernel_v2\build\b4-asan\ock_ControlClient.vcxproj”正在生成“J:\Code\Kernel_v2\build\b4-asan\ZERO_CHECK.vcxproj”(默认目标):

__________________________________________________
项目“J:\Code\Kernel_v2\build\b4-asan\ZERO_CHECK.vcxproj”正在生成“J:\Code\Kernel_v2\build\b4-asan\ock_ControlProtocol.vcxproj”(默认目标):

__________________________________________________
项目“J:\Code\Kernel_v2\build\b4-asan\ock_ControlProtocol.vcxproj”正在生成“J:\Code\Kernel_v2\build\b4-asan\ock_Data.vcxproj”(默认目标):

__________________________________________________
项目“J:\Code\Kernel_v2\build\b4-asan\ock_Data.vcxproj”正在生成“J:\Code\Kernel_v2\build\b4-asan\ZERO_CHECK.vcxproj”(GetNativeManifest 目标):

__________________________________________________
项目“J:\Code\Kernel_v2\build\b4-asan\ZERO_CHECK.vcxproj”正在生成“J:\Code\Kernel_v2\build\b4-asan\ock_ControlProtocol.vcxproj”(GetNativeManifest 目标):

__________________________________________________
项目“J:\Code\Kernel_v2\build\b4-asan\ock_ControlProtocol.vcxproj”正在生成“J:\Code\Kernel_v2\build\b4-asan\ock_Data.vcxproj”(GetNativeManifest 目标):

__________________________________________________
项目“J:\Code\Kernel_v2\build\b4-asan\ock_Data.vcxproj”正在生成“J:\Code\Kernel_v2\build\b4-asan\ZERO_CHECK.vcxproj”(GetProjectInfoForReference 目标):

__________________________________________________
项目“J:\Code\Kernel_v2\build\b4-asan\ZERO_CHECK.vcxproj”正在生成“J:\Code\Kernel_v2\build\b4-asan\ock_ControlProtocol.vcxproj”(GetProjectInfoForReference 目标):

__________________________________________________
项目“J:\Code\Kernel_v2\build\b4-asan\ock_ControlProtocol.vcxproj”正在生成“J:\Code\Kernel_v2\build\b4-asan\ock_Data.vcxproj”(GetProjectInfoForReference 目标):

ock_ControlClient.vcxproj -> J:\Code\Kernel_v2\build\b4-asan\RelWithDebInfo\ock_ControlClient.lib
__________________________________________________
项目“J:\Code\Kernel_v2\build\b4-asan\ock_Data.vcxproj”正在生成“J:\Code\Kernel_v2\build\b4-asan\ZERO_CHECK.vcxproj”(GetCopyToOutputDirectoryItems 目标):

__________________________________________________
项目“J:\Code\Kernel_v2\build\b4-asan\ZERO_CHECK.vcxproj”正在生成“J:\Code\Kernel_v2\build\b4-asan\ock_ControlProtocol.vcxproj”(GetCopyToOutputDirectoryItems 目标):

__________________________________________________
项目“J:\Code\Kernel_v2\build\b4-asan\ock_ControlProtocol.vcxproj”正在生成“J:\Code\Kernel_v2\build\b4-asan\ock_Data.vcxproj”(GetCopyToOutputDirectoryItems 目标):

__________________________________________________
项目“J:\Code\Kernel_v2\build\b4-asan\ock_Data.vcxproj”正在生成“J:\Code\Kernel_v2\build\b4-asan\ZERO_CHECK.vcxproj”(GetNativeManifest 目标):

__________________________________________________
项目“J:\Code\Kernel_v2\build\b4-asan\ZERO_CHECK.vcxproj”正在生成“J:\Code\Kernel_v2\build\b4-asan\ock_ControlProtocol.vcxproj”(GetNativeManifest 目标):

__________________________________________________
项目“J:\Code\Kernel_v2\build\b4-asan\ock_ControlProtocol.vcxproj”正在生成“J:\Code\Kernel_v2\build\b4-asan\ock_Data.vcxproj”(GetNativeManifest 目标):

__________________________________________________
项目“J:\Code\Kernel_v2\build\b4-asan\ock_Data.vcxproj”正在生成“J:\Code\Kernel_v2\build\b4-asan\ock_Adapter_LocalIPC.vcxproj”(GetNativeManifest 目标):

__________________________________________________
项目“J:\Code\Kernel_v2\build\b4-asan\ock_Adapter_LocalIPC.vcxproj”正在生成“J:\Code\Kernel_v2\build\b4-asan\ock_ControlClient.vcxproj”(GetNativeManifest 目标):

__________________________________________________
项目“J:\Code\Kernel_v2\build\b4-asan\ock_ControlClient.vcxproj”正在生成“J:\Code\Kernel_v2\build\b4-asan\ZERO_CHECK.vcxproj”(GetProjectInfoForReference 目标):

__________________________________________________
项目“J:\Code\Kernel_v2\build\b4-asan\ZERO_CHECK.vcxproj”正在生成“J:\Code\Kernel_v2\build\b4-asan\ock_ControlProtocol.vcxproj”(GetProjectInfoForReference 目标):

__________________________________________________
项目“J:\Code\Kernel_v2\build\b4-asan\ock_ControlProtocol.vcxproj”正在生成“J:\Code\Kernel_v2\build\b4-asan\ock_Data.vcxproj”(GetProjectInfoForReference 目标):

__________________________________________________
项目“J:\Code\Kernel_v2\build\b4-asan\ock_Data.vcxproj”正在生成“J:\Code\Kernel_v2\build\b4-asan\ock_Adapter_LocalIPC.vcxproj”(GetProjectInfoForReference 目标):

__________________________________________________
项目“J:\Code\Kernel_v2\build\b4-asan\ock_Adapter_LocalIPC.vcxproj”正在生成“J:\Code\Kernel_v2\build\b4-asan\ock_ControlClient.vcxproj”(GetProjectInfoForReference 目标):

ock.vcxproj -> J:\Code\Kernel_v2\build\b4-asan\apps\ock\RelWithDebInfo\ock.exe
适用于 .NET Framework MSBuild 版本 17.14.23+b0019275e

__________________________________________________
项目“J:\Code\Kernel_v2\build\b4-asan\examples\stateless_service\ock_stateless_service.vcxproj”(默认目标):

__________________________________________________
项目“J:\Code\Kernel_v2\build\b4-asan\examples\stateless_service\ock_stateless_service.vcxproj”正在生成“J:\Code\Kernel_v2\build\b4-asan\ZERO_CHECK.vcxproj”(默认目标):

__________________________________________________
项目“J:\Code\Kernel_v2\build\b4-asan\ZERO_CHECK.vcxproj”正在生成“J:\Code\Kernel_v2\build\b4-asan\ock_Adapter_LocalIPC.vcxproj”(默认目标):

__________________________________________________
项目“J:\Code\Kernel_v2\build\b4-asan\ock_Adapter_LocalIPC.vcxproj”正在生成“J:\Code\Kernel_v2\build\b4-asan\ZERO_CHECK.vcxproj”(默认目标):

__________________________________________________
项目“J:\Code\Kernel_v2\build\b4-asan\ZERO_CHECK.vcxproj”正在生成“J:\Code\Kernel_v2\build\b4-asan\ock_ControlProtocol.vcxproj”(默认目标):

__________________________________________________
项目“J:\Code\Kernel_v2\build\b4-asan\ock_ControlProtocol.vcxproj”正在生成“J:\Code\Kernel_v2\build\b4-asan\ZERO_CHECK.vcxproj”(默认目标):

__________________________________________________
项目“J:\Code\Kernel_v2\build\b4-asan\ZERO_CHECK.vcxproj”正在生成“J:\Code\Kernel_v2\build\b4-asan\ock_Data.vcxproj”(默认目标):

__________________________________________________
项目“J:\Code\Kernel_v2\build\b4-asan\ock_Data.vcxproj”正在生成“J:\Code\Kernel_v2\build\b4-asan\ZERO_CHECK.vcxproj”(默认目标):

__________________________________________________
项目“J:\Code\Kernel_v2\build\b4-asan\ZERO_CHECK.vcxproj”正在生成“J:\Code\Kernel_v2\build\b4-asan\ZERO_CHECK.vcxproj”(GetNativeManifest 目标):

__________________________________________________
项目“J:\Code\Kernel_v2\build\b4-asan\ZERO_CHECK.vcxproj”正在生成“J:\Code\Kernel_v2\build\b4-asan\ZERO_CHECK.vcxproj”(GetProjectInfoForReference 目标):

ock_Data.vcxproj -> J:\Code\Kernel_v2\build\b4-asan\RelWithDebInfo\ock_Data.lib
__________________________________________________
项目“J:\Code\Kernel_v2\build\b4-asan\ZERO_CHECK.vcxproj”正在生成“J:\Code\Kernel_v2\build\b4-asan\ZERO_CHECK.vcxproj”(GetCopyToOutputDirectoryItems 目标):

__________________________________________________
项目“J:\Code\Kernel_v2\build\b4-asan\ZERO_CHECK.vcxproj”正在生成“J:\Code\Kernel_v2\build\b4-asan\ock_Data.vcxproj”(默认目标):

__________________________________________________
项目“J:\Code\Kernel_v2\build\b4-asan\ock_Data.vcxproj”正在生成“J:\Code\Kernel_v2\build\b4-asan\ock_Data.vcxproj”(默认目标):

__________________________________________________
项目“J:\Code\Kernel_v2\build\b4-asan\ock_Data.vcxproj”正在生成“J:\Code\Kernel_v2\build\b4-asan\ZERO_CHECK.vcxproj”(GetNativeManifest 目标):

__________________________________________________
项目“J:\Code\Kernel_v2\build\b4-asan\ZERO_CHECK.vcxproj”正在生成“J:\Code\Kernel_v2\build\b4-asan\ock_Data.vcxproj”(GetNativeManifest 目标):

__________________________________________________
项目“J:\Code\Kernel_v2\build\b4-asan\ock_Data.vcxproj”正在生成“J:\Code\Kernel_v2\build\b4-asan\ZERO_CHECK.vcxproj”(GetProjectInfoForReference 目标):

__________________________________________________
项目“J:\Code\Kernel_v2\build\b4-asan\ZERO_CHECK.vcxproj”正在生成“J:\Code\Kernel_v2\build\b4-asan\ock_Data.vcxproj”(GetProjectInfoForReference 目标):

ock_ControlProtocol.vcxproj -> J:\Code\Kernel_v2\build\b4-asan\RelWithDebInfo\ock_ControlProtocol.lib
__________________________________________________
项目“J:\Code\Kernel_v2\build\b4-asan\ock_Data.vcxproj”正在生成“J:\Code\Kernel_v2\build\b4-asan\ZERO_CHECK.vcxproj”(GetCopyToOutputDirectoryItems 目标):

__________________________________________________
项目“J:\Code\Kernel_v2\build\b4-asan\ZERO_CHECK.vcxproj”正在生成“J:\Code\Kernel_v2\build\b4-asan\ock_Data.vcxproj”(GetCopyToOutputDirectoryItems 目标):

__________________________________________________
项目“J:\Code\Kernel_v2\build\b4-asan\ock_Data.vcxproj”正在生成“J:\Code\Kernel_v2\build\b4-asan\ock_ControlProtocol.vcxproj”(默认目标):

__________________________________________________
项目“J:\Code\Kernel_v2\build\b4-asan\ock_ControlProtocol.vcxproj”正在生成“J:\Code\Kernel_v2\build\b4-asan\ZERO_CHECK.vcxproj”(GetNativeManifest 目标):

__________________________________________________
项目“J:\Code\Kernel_v2\build\b4-asan\ZERO_CHECK.vcxproj”正在生成“J:\Code\Kernel_v2\build\b4-asan\ock_Data.vcxproj”(GetNativeManifest 目标):

__________________________________________________
项目“J:\Code\Kernel_v2\build\b4-asan\ock_Data.vcxproj”正在生成“J:\Code\Kernel_v2\build\b4-asan\ock_ControlProtocol.vcxproj”(GetNativeManifest 目标):

__________________________________________________
项目“J:\Code\Kernel_v2\build\b4-asan\ock_ControlProtocol.vcxproj”正在生成“J:\Code\Kernel_v2\build\b4-asan\ZERO_CHECK.vcxproj”(GetProjectInfoForReference 目标):

__________________________________________________
项目“J:\Code\Kernel_v2\build\b4-asan\ZERO_CHECK.vcxproj”正在生成“J:\Code\Kernel_v2\build\b4-asan\ock_Data.vcxproj”(GetProjectInfoForReference 目标):

__________________________________________________
项目“J:\Code\Kernel_v2\build\b4-asan\ock_Data.vcxproj”正在生成“J:\Code\Kernel_v2\build\b4-asan\ock_ControlProtocol.vcxproj”(GetProjectInfoForReference 目标):

ock_Adapter_LocalIPC.vcxproj -> J:\Code\Kernel_v2\build\b4-asan\RelWithDebInfo\ock_Adapter_LocalIPC.lib
__________________________________________________
项目“J:\Code\Kernel_v2\build\b4-asan\ock_ControlProtocol.vcxproj”正在生成“J:\Code\Kernel_v2\build\b4-asan\ZERO_CHECK.vcxproj”(GetCopyToOutputDirectoryItems 目标):

__________________________________________________
项目“J:\Code\Kernel_v2\build\b4-asan\ZERO_CHECK.vcxproj”正在生成“J:\Code\Kernel_v2\build\b4-asan\ock_ControlProtocol.vcxproj”(GetCopyToOutputDirectoryItems 目标):

__________________________________________________
项目“J:\Code\Kernel_v2\build\b4-asan\ock_ControlProtocol.vcxproj”正在生成“J:\Code\Kernel_v2\build\b4-asan\ock_Data.vcxproj”(GetCopyToOutputDirectoryItems 目标):

__________________________________________________
项目“J:\Code\Kernel_v2\build\b4-asan\ock_Data.vcxproj”正在生成“J:\Code\Kernel_v2\build\b4-asan\ock_Control.vcxproj”(默认目标):

__________________________________________________
项目“J:\Code\Kernel_v2\build\b4-asan\ock_Control.vcxproj”正在生成“J:\Code\Kernel_v2\build\b4-asan\ZERO_CHECK.vcxproj”(默认目标):

__________________________________________________
项目“J:\Code\Kernel_v2\build\b4-asan\ZERO_CHECK.vcxproj”正在生成“J:\Code\Kernel_v2\build\b4-asan\ock_ControlProtocol.vcxproj”(默认目标):

__________________________________________________
项目“J:\Code\Kernel_v2\build\b4-asan\ock_ControlProtocol.vcxproj”正在生成“J:\Code\Kernel_v2\build\b4-asan\ock_Data.vcxproj”(默认目标):

__________________________________________________
项目“J:\Code\Kernel_v2\build\b4-asan\ock_Data.vcxproj”正在生成“J:\Code\Kernel_v2\build\b4-asan\ock_Dynamic.vcxproj”(默认目标):

__________________________________________________
项目“J:\Code\Kernel_v2\build\b4-asan\ock_Dynamic.vcxproj”正在生成“J:\Code\Kernel_v2\build\b4-asan\ZERO_CHECK.vcxproj”(默认目标):

__________________________________________________
项目“J:\Code\Kernel_v2\build\b4-asan\ZERO_CHECK.vcxproj”正在生成“J:\Code\Kernel_v2\build\b4-asan\ock_Data.vcxproj”(默认目标):

__________________________________________________
项目“J:\Code\Kernel_v2\build\b4-asan\ock_Data.vcxproj”正在生成“J:\Code\Kernel_v2\build\b4-asan\ock_Runtime.vcxproj”(默认目标):

__________________________________________________
项目“J:\Code\Kernel_v2\build\b4-asan\ock_Runtime.vcxproj”正在生成“J:\Code\Kernel_v2\build\b4-asan\ZERO_CHECK.vcxproj”(默认目标):

__________________________________________________
项目“J:\Code\Kernel_v2\build\b4-asan\ZERO_CHECK.vcxproj”正在生成“J:\Code\Kernel_v2\build\b4-asan\ZERO_CHECK.vcxproj”(GetNativeManifest 目标):

__________________________________________________
项目“J:\Code\Kernel_v2\build\b4-asan\ZERO_CHECK.vcxproj”正在生成“J:\Code\Kernel_v2\build\b4-asan\ZERO_CHECK.vcxproj”(GetProjectInfoForReference 目标):

ock_Runtime.vcxproj -> J:\Code\Kernel_v2\build\b4-asan\RelWithDebInfo\ock_Runtime.lib
__________________________________________________
项目“J:\Code\Kernel_v2\build\b4-asan\ZERO_CHECK.vcxproj”正在生成“J:\Code\Kernel_v2\build\b4-asan\ZERO_CHECK.vcxproj”(GetCopyToOutputDirectoryItems 目标):

__________________________________________________
项目“J:\Code\Kernel_v2\build\b4-asan\ZERO_CHECK.vcxproj”正在生成“J:\Code\Kernel_v2\build\b4-asan\ock_Runtime.vcxproj”(默认目标):

__________________________________________________
项目“J:\Code\Kernel_v2\build\b4-asan\ock_Runtime.vcxproj”正在生成“J:\Code\Kernel_v2\build\b4-asan\ock_Runtime.vcxproj”(默认目标):

__________________________________________________
项目“J:\Code\Kernel_v2\build\b4-asan\ock_Runtime.vcxproj”正在生成“J:\Code\Kernel_v2\build\b4-asan\ZERO_CHECK.vcxproj”(GetNativeManifest 目标):

__________________________________________________
项目“J:\Code\Kernel_v2\build\b4-asan\ZERO_CHECK.vcxproj”正在生成“J:\Code\Kernel_v2\build\b4-asan\ock_Data.vcxproj”(GetNativeManifest 目标):

__________________________________________________
项目“J:\Code\Kernel_v2\build\b4-asan\ock_Data.vcxproj”正在生成“J:\Code\Kernel_v2\build\b4-asan\ock_Runtime.vcxproj”(GetNativeManifest 目标):

__________________________________________________
项目“J:\Code\Kernel_v2\build\b4-asan\ock_Runtime.vcxproj”正在生成“J:\Code\Kernel_v2\build\b4-asan\ZERO_CHECK.vcxproj”(GetProjectInfoForReference 目标):

__________________________________________________
项目“J:\Code\Kernel_v2\build\b4-asan\ZERO_CHECK.vcxproj”正在生成“J:\Code\Kernel_v2\build\b4-asan\ock_Data.vcxproj”(GetProjectInfoForReference 目标):

__________________________________________________
项目“J:\Code\Kernel_v2\build\b4-asan\ock_Data.vcxproj”正在生成“J:\Code\Kernel_v2\build\b4-asan\ock_Runtime.vcxproj”(GetProjectInfoForReference 目标):

ock_Dynamic.vcxproj -> J:\Code\Kernel_v2\build\b4-asan\RelWithDebInfo\ock_Dynamic.lib
__________________________________________________
项目“J:\Code\Kernel_v2\build\b4-asan\ock_Runtime.vcxproj”正在生成“J:\Code\Kernel_v2\build\b4-asan\ZERO_CHECK.vcxproj”(GetCopyToOutputDirectoryItems 目标):

__________________________________________________
项目“J:\Code\Kernel_v2\build\b4-asan\ZERO_CHECK.vcxproj”正在生成“J:\Code\Kernel_v2\build\b4-asan\ock_Data.vcxproj”(GetCopyToOutputDirectoryItems 目标):

__________________________________________________
项目“J:\Code\Kernel_v2\build\b4-asan\ock_Data.vcxproj”正在生成“J:\Code\Kernel_v2\build\b4-asan\ock_Runtime.vcxproj”(GetCopyToOutputDirectoryItems 目标):

__________________________________________________
项目“J:\Code\Kernel_v2\build\b4-asan\ock_Runtime.vcxproj”正在生成“J:\Code\Kernel_v2\build\b4-asan\ock_Dynamic.vcxproj”(默认目标):

__________________________________________________
项目“J:\Code\Kernel_v2\build\b4-asan\ock_Dynamic.vcxproj”正在生成“J:\Code\Kernel_v2\build\b4-asan\ZERO_CHECK.vcxproj”(GetNativeManifest 目标):

__________________________________________________
项目“J:\Code\Kernel_v2\build\b4-asan\ZERO_CHECK.vcxproj”正在生成“J:\Code\Kernel_v2\build\b4-asan\ock_ControlProtocol.vcxproj”(GetNativeManifest 目标):

__________________________________________________
项目“J:\Code\Kernel_v2\build\b4-asan\ock_ControlProtocol.vcxproj”正在生成“J:\Code\Kernel_v2\build\b4-asan\ock_Data.vcxproj”(GetNativeManifest 目标):

__________________________________________________
项目“J:\Code\Kernel_v2\build\b4-asan\ock_Data.vcxproj”正在生成“J:\Code\Kernel_v2\build\b4-asan\ock_Runtime.vcxproj”(GetNativeManifest 目标):

__________________________________________________
项目“J:\Code\Kernel_v2\build\b4-asan\ock_Runtime.vcxproj”正在生成“J:\Code\Kernel_v2\build\b4-asan\ock_Dynamic.vcxproj”(GetNativeManifest 目标):

__________________________________________________
项目“J:\Code\Kernel_v2\build\b4-asan\ock_Dynamic.vcxproj”正在生成“J:\Code\Kernel_v2\build\b4-asan\ZERO_CHECK.vcxproj”(GetProjectInfoForReference 目标):

__________________________________________________
项目“J:\Code\Kernel_v2\build\b4-asan\ZERO_CHECK.vcxproj”正在生成“J:\Code\Kernel_v2\build\b4-asan\ock_ControlProtocol.vcxproj”(GetProjectInfoForReference 目标):

__________________________________________________
项目“J:\Code\Kernel_v2\build\b4-asan\ock_ControlProtocol.vcxproj”正在生成“J:\Code\Kernel_v2\build\b4-asan\ock_Data.vcxproj”(GetProjectInfoForReference 目标):

__________________________________________________
项目“J:\Code\Kernel_v2\build\b4-asan\ock_Data.vcxproj”正在生成“J:\Code\Kernel_v2\build\b4-asan\ock_Runtime.vcxproj”(GetProjectInfoForReference 目标):

__________________________________________________
项目“J:\Code\Kernel_v2\build\b4-asan\ock_Runtime.vcxproj”正在生成“J:\Code\Kernel_v2\build\b4-asan\ock_Dynamic.vcxproj”(GetProjectInfoForReference 目标):

ock_Control.vcxproj -> J:\Code\Kernel_v2\build\b4-asan\RelWithDebInfo\ock_Control.lib
__________________________________________________
项目“J:\Code\Kernel_v2\build\b4-asan\ock_Dynamic.vcxproj”正在生成“J:\Code\Kernel_v2\build\b4-asan\ZERO_CHECK.vcxproj”(GetCopyToOutputDirectoryItems 目标):

__________________________________________________
项目“J:\Code\Kernel_v2\build\b4-asan\ZERO_CHECK.vcxproj”正在生成“J:\Code\Kernel_v2\build\b4-asan\ock_ControlProtocol.vcxproj”(GetCopyToOutputDirectoryItems 目标):

__________________________________________________
项目“J:\Code\Kernel_v2\build\b4-asan\ock_ControlProtocol.vcxproj”正在生成“J:\Code\Kernel_v2\build\b4-asan\ock_Data.vcxproj”(GetCopyToOutputDirectoryItems 目标):

__________________________________________________
项目“J:\Code\Kernel_v2\build\b4-asan\ock_Data.vcxproj”正在生成“J:\Code\Kernel_v2\build\b4-asan\ock_Dynamic.vcxproj”(GetCopyToOutputDirectoryItems 目标):

__________________________________________________
项目“J:\Code\Kernel_v2\build\b4-asan\ock_Dynamic.vcxproj”正在生成“J:\Code\Kernel_v2\build\b4-asan\ock_Runtime.vcxproj”(GetCopyToOutputDirectoryItems 目标):

__________________________________________________
项目“J:\Code\Kernel_v2\build\b4-asan\ock_Runtime.vcxproj”正在生成“J:\Code\Kernel_v2\build\b4-asan\ZERO_CHECK.vcxproj”(GetNativeManifest 目标):

__________________________________________________
项目“J:\Code\Kernel_v2\build\b4-asan\ZERO_CHECK.vcxproj”正在生成“J:\Code\Kernel_v2\build\b4-asan\ock_ControlProtocol.vcxproj”(GetNativeManifest 目标):

__________________________________________________
项目“J:\Code\Kernel_v2\build\b4-asan\ock_ControlProtocol.vcxproj”正在生成“J:\Code\Kernel_v2\build\b4-asan\ock_Data.vcxproj”(GetNativeManifest 目标):

__________________________________________________
项目“J:\Code\Kernel_v2\build\b4-asan\ock_Data.vcxproj”正在生成“J:\Code\Kernel_v2\build\b4-asan\ock_Dynamic.vcxproj”(GetNativeManifest 目标):

__________________________________________________
项目“J:\Code\Kernel_v2\build\b4-asan\ock_Dynamic.vcxproj”正在生成“J:\Code\Kernel_v2\build\b4-asan\ock_Runtime.vcxproj”(GetNativeManifest 目标):

__________________________________________________
项目“J:\Code\Kernel_v2\build\b4-asan\ock_Runtime.vcxproj”正在生成“J:\Code\Kernel_v2\build\b4-asan\ock_Adapter_LocalIPC.vcxproj”(GetNativeManifest 目标):

__________________________________________________
项目“J:\Code\Kernel_v2\build\b4-asan\ock_Adapter_LocalIPC.vcxproj”正在生成“J:\Code\Kernel_v2\build\b4-asan\ock_Control.vcxproj”(GetNativeManifest 目标):

__________________________________________________
项目“J:\Code\Kernel_v2\build\b4-asan\ock_Control.vcxproj”正在生成“J:\Code\Kernel_v2\build\b4-asan\ZERO_CHECK.vcxproj”(GetProjectInfoForReference 目标):

__________________________________________________
项目“J:\Code\Kernel_v2\build\b4-asan\ZERO_CHECK.vcxproj”正在生成“J:\Code\Kernel_v2\build\b4-asan\ock_ControlProtocol.vcxproj”(GetProjectInfoForReference 目标):

__________________________________________________
项目“J:\Code\Kernel_v2\build\b4-asan\ock_ControlProtocol.vcxproj”正在生成“J:\Code\Kernel_v2\build\b4-asan\ock_Data.vcxproj”(GetProjectInfoForReference 目标):

__________________________________________________
项目“J:\Code\Kernel_v2\build\b4-asan\ock_Data.vcxproj”正在生成“J:\Code\Kernel_v2\build\b4-asan\ock_Dynamic.vcxproj”(GetProjectInfoForReference 目标):

__________________________________________________
项目“J:\Code\Kernel_v2\build\b4-asan\ock_Dynamic.vcxproj”正在生成“J:\Code\Kernel_v2\build\b4-asan\ock_Runtime.vcxproj”(GetProjectInfoForReference 目标):

__________________________________________________
项目“J:\Code\Kernel_v2\build\b4-asan\ock_Runtime.vcxproj”正在生成“J:\Code\Kernel_v2\build\b4-asan\ock_Adapter_LocalIPC.vcxproj”(GetProjectInfoForReference 目标):

__________________________________________________
项目“J:\Code\Kernel_v2\build\b4-asan\ock_Adapter_LocalIPC.vcxproj”正在生成“J:\Code\Kernel_v2\build\b4-asan\ock_Control.vcxproj”(GetProjectInfoForReference 目标):

J:/Code/Kernel_v2/build/msvc-validation/e8697b7e3597a578/bin/link.exe /ERRORREPORT:QUEUE /OUT:"J:\Code\Kernel_v2\build\b4-asan\examples\stateless_service\RelWithDebInfo\ock_stateless_service.exe" /INCREMENTAL:NO /NOLOGO ..\..\RelWithDebInfo\ock_Control.lib ..\..\RelWithDebInfo\ock_Adapter_LocalIPC.lib ..\..\RelWithDebInfo\ock_Dynamic.lib ..\..\RelWithDebInfo\ock_Runtime.lib bcrypt.lib ..\..\RelWithDebInfo\ock_ControlProtocol.lib ..\..\RelWithDebInfo\ock_Data.lib advapi32.lib kernel32.lib user32.lib gdi32.lib winspool.lib shell32.lib ole32.lib oleaut32.lib uuid.lib comdlg32.lib advapi32.lib /MANIFEST /MANIFESTUAC:"level='asInvoker' uiAccess='false'" /manifest:embed /DEBUG /PDB:"J:/Code/Kernel_v2/build/b4-asan/examples/stateless_service/RelWithDebInfo/ock_stateless_service.pdb" /SUBSYSTEM:CONSOLE /TLBID:1 /DYNAMICBASE /NXCOMPAT /IMPLIB:"J:/Code/Kernel_v2/build/b4-asan/examples/stateless_service/RelWithDebInfo/ock_stateless_service.lib" /MACHINE:X64  /machine:x64 ock_stateless_service.dir\RelWithDebInfo\control_main.obj
ock_stateless_service.dir\RelWithDebInfo\service.obj
ock_stateless_service.vcxproj -> J:\Code\Kernel_v2\build\b4-asan\examples\stateless_service\RelWithDebInfo\ock_stateless_service.exe
适用于 .NET Framework MSBuild 版本 17.14.23+b0019275e

__________________________________________________
项目“J:\Code\Kernel_v2\build\b4-asan\tests\integration\cli\ock_client_contract.vcxproj”(默认目标):

__________________________________________________
项目“J:\Code\Kernel_v2\build\b4-asan\tests\integration\cli\ock_client_contract.vcxproj”正在生成“J:\Code\Kernel_v2\build\b4-asan\ZERO_CHECK.vcxproj”(默认目标):

__________________________________________________
项目“J:\Code\Kernel_v2\build\b4-asan\ZERO_CHECK.vcxproj”正在生成“J:\Code\Kernel_v2\build\b4-asan\ock_ControlClient.vcxproj”(默认目标):

__________________________________________________
项目“J:\Code\Kernel_v2\build\b4-asan\ock_ControlClient.vcxproj”正在生成“J:\Code\Kernel_v2\build\b4-asan\ZERO_CHECK.vcxproj”(默认目标):

__________________________________________________
项目“J:\Code\Kernel_v2\build\b4-asan\ZERO_CHECK.vcxproj”正在生成“J:\Code\Kernel_v2\build\b4-asan\ock_ControlProtocol.vcxproj”(默认目标):

__________________________________________________
项目“J:\Code\Kernel_v2\build\b4-asan\ock_ControlProtocol.vcxproj”正在生成“J:\Code\Kernel_v2\build\b4-asan\ZERO_CHECK.vcxproj”(默认目标):

__________________________________________________
项目“J:\Code\Kernel_v2\build\b4-asan\ZERO_CHECK.vcxproj”正在生成“J:\Code\Kernel_v2\build\b4-asan\ock_Data.vcxproj”(默认目标):

__________________________________________________
项目“J:\Code\Kernel_v2\build\b4-asan\ock_Data.vcxproj”正在生成“J:\Code\Kernel_v2\build\b4-asan\ZERO_CHECK.vcxproj”(默认目标):

__________________________________________________
项目“J:\Code\Kernel_v2\build\b4-asan\ZERO_CHECK.vcxproj”正在生成“J:\Code\Kernel_v2\build\b4-asan\ZERO_CHECK.vcxproj”(GetNativeManifest 目标):

__________________________________________________
项目“J:\Code\Kernel_v2\build\b4-asan\ZERO_CHECK.vcxproj”正在生成“J:\Code\Kernel_v2\build\b4-asan\ZERO_CHECK.vcxproj”(GetProjectInfoForReference 目标):

ock_Data.vcxproj -> J:\Code\Kernel_v2\build\b4-asan\RelWithDebInfo\ock_Data.lib
__________________________________________________
项目“J:\Code\Kernel_v2\build\b4-asan\ZERO_CHECK.vcxproj”正在生成“J:\Code\Kernel_v2\build\b4-asan\ZERO_CHECK.vcxproj”(GetCopyToOutputDirectoryItems 目标):

__________________________________________________
项目“J:\Code\Kernel_v2\build\b4-asan\ZERO_CHECK.vcxproj”正在生成“J:\Code\Kernel_v2\build\b4-asan\ock_Data.vcxproj”(默认目标):

__________________________________________________
项目“J:\Code\Kernel_v2\build\b4-asan\ock_Data.vcxproj”正在生成“J:\Code\Kernel_v2\build\b4-asan\ock_Data.vcxproj”(默认目标):

__________________________________________________
项目“J:\Code\Kernel_v2\build\b4-asan\ock_Data.vcxproj”正在生成“J:\Code\Kernel_v2\build\b4-asan\ZERO_CHECK.vcxproj”(GetNativeManifest 目标):

__________________________________________________
项目“J:\Code\Kernel_v2\build\b4-asan\ZERO_CHECK.vcxproj”正在生成“J:\Code\Kernel_v2\build\b4-asan\ock_Data.vcxproj”(GetNativeManifest 目标):

__________________________________________________
项目“J:\Code\Kernel_v2\build\b4-asan\ock_Data.vcxproj”正在生成“J:\Code\Kernel_v2\build\b4-asan\ZERO_CHECK.vcxproj”(GetProjectInfoForReference 目标):

__________________________________________________
项目“J:\Code\Kernel_v2\build\b4-asan\ZERO_CHECK.vcxproj”正在生成“J:\Code\Kernel_v2\build\b4-asan\ock_Data.vcxproj”(GetProjectInfoForReference 目标):

ock_ControlProtocol.vcxproj -> J:\Code\Kernel_v2\build\b4-asan\RelWithDebInfo\ock_ControlProtocol.lib
__________________________________________________
项目“J:\Code\Kernel_v2\build\b4-asan\ock_Data.vcxproj”正在生成“J:\Code\Kernel_v2\build\b4-asan\ZERO_CHECK.vcxproj”(GetCopyToOutputDirectoryItems 目标):

__________________________________________________
项目“J:\Code\Kernel_v2\build\b4-asan\ZERO_CHECK.vcxproj”正在生成“J:\Code\Kernel_v2\build\b4-asan\ock_Data.vcxproj”(GetCopyToOutputDirectoryItems 目标):

__________________________________________________
项目“J:\Code\Kernel_v2\build\b4-asan\ock_Data.vcxproj”正在生成“J:\Code\Kernel_v2\build\b4-asan\ock_ControlProtocol.vcxproj”(默认目标):

__________________________________________________
项目“J:\Code\Kernel_v2\build\b4-asan\ock_ControlProtocol.vcxproj”正在生成“J:\Code\Kernel_v2\build\b4-asan\ZERO_CHECK.vcxproj”(GetNativeManifest 目标):

__________________________________________________
项目“J:\Code\Kernel_v2\build\b4-asan\ZERO_CHECK.vcxproj”正在生成“J:\Code\Kernel_v2\build\b4-asan\ock_Data.vcxproj”(GetNativeManifest 目标):

__________________________________________________
项目“J:\Code\Kernel_v2\build\b4-asan\ock_Data.vcxproj”正在生成“J:\Code\Kernel_v2\build\b4-asan\ock_ControlProtocol.vcxproj”(GetNativeManifest 目标):

__________________________________________________
项目“J:\Code\Kernel_v2\build\b4-asan\ock_ControlProtocol.vcxproj”正在生成“J:\Code\Kernel_v2\build\b4-asan\ZERO_CHECK.vcxproj”(GetProjectInfoForReference 目标):

__________________________________________________
项目“J:\Code\Kernel_v2\build\b4-asan\ZERO_CHECK.vcxproj”正在生成“J:\Code\Kernel_v2\build\b4-asan\ock_Data.vcxproj”(GetProjectInfoForReference 目标):

__________________________________________________
项目“J:\Code\Kernel_v2\build\b4-asan\ock_Data.vcxproj”正在生成“J:\Code\Kernel_v2\build\b4-asan\ock_ControlProtocol.vcxproj”(GetProjectInfoForReference 目标):

ock_ControlClient.vcxproj -> J:\Code\Kernel_v2\build\b4-asan\RelWithDebInfo\ock_ControlClient.lib
__________________________________________________
项目“J:\Code\Kernel_v2\build\b4-asan\ock_ControlProtocol.vcxproj”正在生成“J:\Code\Kernel_v2\build\b4-asan\ZERO_CHECK.vcxproj”(GetCopyToOutputDirectoryItems 目标):

__________________________________________________
项目“J:\Code\Kernel_v2\build\b4-asan\ZERO_CHECK.vcxproj”正在生成“J:\Code\Kernel_v2\build\b4-asan\ock_ControlProtocol.vcxproj”(GetCopyToOutputDirectoryItems 目标):

__________________________________________________
项目“J:\Code\Kernel_v2\build\b4-asan\ock_ControlProtocol.vcxproj”正在生成“J:\Code\Kernel_v2\build\b4-asan\ock_Data.vcxproj”(GetCopyToOutputDirectoryItems 目标):

__________________________________________________
项目“J:\Code\Kernel_v2\build\b4-asan\ock_Data.vcxproj”正在生成“J:\Code\Kernel_v2\build\b4-asan\ZERO_CHECK.vcxproj”(GetNativeManifest 目标):

__________________________________________________
项目“J:\Code\Kernel_v2\build\b4-asan\ZERO_CHECK.vcxproj”正在生成“J:\Code\Kernel_v2\build\b4-asan\ock_ControlProtocol.vcxproj”(GetNativeManifest 目标):

__________________________________________________
项目“J:\Code\Kernel_v2\build\b4-asan\ock_ControlProtocol.vcxproj”正在生成“J:\Code\Kernel_v2\build\b4-asan\ock_Data.vcxproj”(GetNativeManifest 目标):

__________________________________________________
项目“J:\Code\Kernel_v2\build\b4-asan\ock_Data.vcxproj”正在生成“J:\Code\Kernel_v2\build\b4-asan\ock_ControlClient.vcxproj”(GetNativeManifest 目标):

__________________________________________________
项目“J:\Code\Kernel_v2\build\b4-asan\ock_ControlClient.vcxproj”正在生成“J:\Code\Kernel_v2\build\b4-asan\ZERO_CHECK.vcxproj”(GetProjectInfoForReference 目标):

__________________________________________________
项目“J:\Code\Kernel_v2\build\b4-asan\ZERO_CHECK.vcxproj”正在生成“J:\Code\Kernel_v2\build\b4-asan\ock_ControlProtocol.vcxproj”(GetProjectInfoForReference 目标):

__________________________________________________
项目“J:\Code\Kernel_v2\build\b4-asan\ock_ControlProtocol.vcxproj”正在生成“J:\Code\Kernel_v2\build\b4-asan\ock_Data.vcxproj”(GetProjectInfoForReference 目标):

__________________________________________________
项目“J:\Code\Kernel_v2\build\b4-asan\ock_Data.vcxproj”正在生成“J:\Code\Kernel_v2\build\b4-asan\ock_ControlClient.vcxproj”(GetProjectInfoForReference 目标):

ock_client_contract.vcxproj -> J:\Code\Kernel_v2\build\b4-asan\tests\integration\cli\RelWithDebInfo\ock_client_contract.exe
适用于 .NET Framework MSBuild 版本 17.14.23+b0019275e

__________________________________________________
项目“J:\Code\Kernel_v2\build\b4-asan\tests\contract\native\ock_native_tests.vcxproj”(默认目标):

__________________________________________________
项目“J:\Code\Kernel_v2\build\b4-asan\tests\contract\native\ock_native_tests.vcxproj”正在生成“J:\Code\Kernel_v2\build\b4-asan\ZERO_CHECK.vcxproj”(默认目标):

__________________________________________________
项目“J:\Code\Kernel_v2\build\b4-asan\ZERO_CHECK.vcxproj”正在生成“J:\Code\Kernel_v2\build\b4-asan\ock_Adapter_CpuPool.vcxproj”(默认目标):

__________________________________________________
项目“J:\Code\Kernel_v2\build\b4-asan\ock_Adapter_CpuPool.vcxproj”正在生成“J:\Code\Kernel_v2\build\b4-asan\ZERO_CHECK.vcxproj”(默认目标):

__________________________________________________
项目“J:\Code\Kernel_v2\build\b4-asan\ZERO_CHECK.vcxproj”正在生成“J:\Code\Kernel_v2\build\b4-asan\ZERO_CHECK.vcxproj”(GetNativeManifest 目标):

__________________________________________________
项目“J:\Code\Kernel_v2\build\b4-asan\ZERO_CHECK.vcxproj”正在生成“J:\Code\Kernel_v2\build\b4-asan\ZERO_CHECK.vcxproj”(GetProjectInfoForReference 目标):

ock_Adapter_CpuPool.vcxproj -> J:\Code\Kernel_v2\build\b4-asan\RelWithDebInfo\ock_Adapter_CpuPool.lib
__________________________________________________
项目“J:\Code\Kernel_v2\build\b4-asan\ZERO_CHECK.vcxproj”正在生成“J:\Code\Kernel_v2\build\b4-asan\ZERO_CHECK.vcxproj”(GetCopyToOutputDirectoryItems 目标):

__________________________________________________
项目“J:\Code\Kernel_v2\build\b4-asan\ZERO_CHECK.vcxproj”正在生成“J:\Code\Kernel_v2\build\b4-asan\ock_Runtime.vcxproj”(默认目标):

__________________________________________________
项目“J:\Code\Kernel_v2\build\b4-asan\ock_Runtime.vcxproj”正在生成“J:\Code\Kernel_v2\build\b4-asan\ZERO_CHECK.vcxproj”(默认目标):

__________________________________________________
项目“J:\Code\Kernel_v2\build\b4-asan\ZERO_CHECK.vcxproj”正在生成“J:\Code\Kernel_v2\build\b4-asan\ZERO_CHECK.vcxproj”(GetNativeManifest 目标):

__________________________________________________
项目“J:\Code\Kernel_v2\build\b4-asan\ZERO_CHECK.vcxproj”正在生成“J:\Code\Kernel_v2\build\b4-asan\ZERO_CHECK.vcxproj”(GetProjectInfoForReference 目标):

ock_Runtime.vcxproj -> J:\Code\Kernel_v2\build\b4-asan\RelWithDebInfo\ock_Runtime.lib
__________________________________________________
项目“J:\Code\Kernel_v2\build\b4-asan\ZERO_CHECK.vcxproj”正在生成“J:\Code\Kernel_v2\build\b4-asan\ZERO_CHECK.vcxproj”(GetCopyToOutputDirectoryItems 目标):

__________________________________________________
项目“J:\Code\Kernel_v2\build\b4-asan\ZERO_CHECK.vcxproj”正在生成“J:\Code\Kernel_v2\build\b4-asan\examples\native_service\ock_native_service.vcxproj”(默认目标):

__________________________________________________
项目“J:\Code\Kernel_v2\build\b4-asan\examples\native_service\ock_native_service.vcxproj”正在生成“J:\Code\Kernel_v2\build\b4-asan\ZERO_CHECK.vcxproj”(默认目标):

__________________________________________________
项目“J:\Code\Kernel_v2\build\b4-asan\ZERO_CHECK.vcxproj”正在生成“J:\Code\Kernel_v2\build\b4-asan\ock_Runtime.vcxproj”(默认目标):

__________________________________________________
项目“J:\Code\Kernel_v2\build\b4-asan\ock_Runtime.vcxproj”正在生成“J:\Code\Kernel_v2\build\b4-asan\ZERO_CHECK.vcxproj”(GetNativeManifest 目标):

__________________________________________________
项目“J:\Code\Kernel_v2\build\b4-asan\ZERO_CHECK.vcxproj”正在生成“J:\Code\Kernel_v2\build\b4-asan\ock_Runtime.vcxproj”(GetNativeManifest 目标):

__________________________________________________
项目“J:\Code\Kernel_v2\build\b4-asan\ock_Runtime.vcxproj”正在生成“J:\Code\Kernel_v2\build\b4-asan\ZERO_CHECK.vcxproj”(GetProjectInfoForReference 目标):

__________________________________________________
项目“J:\Code\Kernel_v2\build\b4-asan\ZERO_CHECK.vcxproj”正在生成“J:\Code\Kernel_v2\build\b4-asan\ock_Runtime.vcxproj”(GetProjectInfoForReference 目标):

ock_native_service.vcxproj -> J:\Code\Kernel_v2\build\b4-asan\examples\native_service\RelWithDebInfo\ock_native_service.exe
__________________________________________________
项目“J:\Code\Kernel_v2\build\b4-asan\ock_Runtime.vcxproj”正在生成“J:\Code\Kernel_v2\build\b4-asan\ZERO_CHECK.vcxproj”(GetCopyToOutputDirectoryItems 目标):

__________________________________________________
项目“J:\Code\Kernel_v2\build\b4-asan\ZERO_CHECK.vcxproj”正在生成“J:\Code\Kernel_v2\build\b4-asan\ock_Runtime.vcxproj”(GetCopyToOutputDirectoryItems 目标):

__________________________________________________
项目“J:\Code\Kernel_v2\build\b4-asan\ock_Runtime.vcxproj”正在生成“J:\Code\Kernel_v2\build\b4-asan\ZERO_CHECK.vcxproj”(GetNativeManifest 目标):

__________________________________________________
项目“J:\Code\Kernel_v2\build\b4-asan\ZERO_CHECK.vcxproj”正在生成“J:\Code\Kernel_v2\build\b4-asan\ock_Runtime.vcxproj”(GetNativeManifest 目标):

__________________________________________________
项目“J:\Code\Kernel_v2\build\b4-asan\ock_Runtime.vcxproj”正在生成“J:\Code\Kernel_v2\build\b4-asan\ock_Adapter_CpuPool.vcxproj”(GetNativeManifest 目标):

__________________________________________________
项目“J:\Code\Kernel_v2\build\b4-asan\ock_Adapter_CpuPool.vcxproj”正在生成“J:\Code\Kernel_v2\build\b4-asan\examples\native_service\ock_native_service.vcxproj”(GetNativeManifest 目标):

__________________________________________________
项目“J:\Code\Kernel_v2\build\b4-asan\examples\native_service\ock_native_service.vcxproj”正在生成“J:\Code\Kernel_v2\build\b4-asan\ZERO_CHECK.vcxproj”(GetProjectInfoForReference 目标):

__________________________________________________
项目“J:\Code\Kernel_v2\build\b4-asan\ZERO_CHECK.vcxproj”正在生成“J:\Code\Kernel_v2\build\b4-asan\ock_Runtime.vcxproj”(GetProjectInfoForReference 目标):

__________________________________________________
项目“J:\Code\Kernel_v2\build\b4-asan\ock_Runtime.vcxproj”正在生成“J:\Code\Kernel_v2\build\b4-asan\ock_Adapter_CpuPool.vcxproj”(GetProjectInfoForReference 目标):

__________________________________________________
项目“J:\Code\Kernel_v2\build\b4-asan\ock_Adapter_CpuPool.vcxproj”正在生成“J:\Code\Kernel_v2\build\b4-asan\examples\native_service\ock_native_service.vcxproj”(GetProjectInfoForReference 目标):

ock_native_tests.vcxproj -> J:\Code\Kernel_v2\build\b4-asan\tests\contract\native\RelWithDebInfo\ock_native_tests.exe
__________________________________________________
项目“J:\Code\Kernel_v2\build\b4-asan\examples\native_service\ock_native_service.vcxproj”正在生成“J:\Code\Kernel_v2\build\b4-asan\ZERO_CHECK.vcxproj”(GetCopyToOutputDirectoryItems 目标):

__________________________________________________
项目“J:\Code\Kernel_v2\build\b4-asan\ZERO_CHECK.vcxproj”正在生成“J:\Code\Kernel_v2\build\b4-asan\ock_Adapter_CpuPool.vcxproj”(GetCopyToOutputDirectoryItems 目标):

__________________________________________________
项目“J:\Code\Kernel_v2\build\b4-asan\ock_Adapter_CpuPool.vcxproj”正在生成“J:\Code\Kernel_v2\build\b4-asan\ock_Runtime.vcxproj”(GetCopyToOutputDirectoryItems 目标):

__________________________________________________
项目“J:\Code\Kernel_v2\build\b4-asan\ock_Runtime.vcxproj”正在生成“J:\Code\Kernel_v2\build\b4-asan\examples\native_service\ock_native_service.vcxproj”(GetCopyToOutputDirectoryItems 目标):

setlocal
J:\Code\Kernel_v2\build\runtime\python311\python.exe -X utf8 J:/Code/Kernel_v2/tests/contract/native/discover.py --binary J:/Code/Kernel_v2/build/b4-asan/tests/contract/native/RelWithDebInfo/ock_native_tests.exe --output J:/Code/Kernel_v2/build/b4-asan/tests/contract/native/native-tests-RelWithDebInfo.cmake --runtime-dir J:/Code/Kernel_v2/build/msvc-validation/e8697b7e3597a578/bin --includes "J:/Code/Kernel_v2|J:/Code/Kernel_v2/tests/compile/contracts|J:/Code/Kernel_v2/packages/runtime/include|J:/Code/Kernel_v2/packages/contracts/include|J:/Code/Kernel_v2/packages/foundation/include|J:/Code/Kernel_v2/build/d0.06-a/cache/sources/expected-fe3b18aecb84/include|J:/Code/Kernel_v2/packages/adapters/cpu_pool/include" --generator "Visual Studio 17 2022" --platform x64 --toolset v143,version=14.44.35207 --sdk 10.0.26100.0 --config RelWithDebInfo --work J:/Code/Kernel_v2/build/b4-asan/tests/contract/native/child-runs --root-build J:/Code/Kernel_v2/build/b4-asan --target-metadata J:/Code/Kernel_v2/build/b4-asan/tests/contract/native/native-target-RelWithDebInfo.json --example J:/Code/Kernel_v2/build/b4-asan/examples/native_service/RelWithDebInfo/ock_native_service.exe
if %errorlevel% neq 0 goto :cmEnd
:cmEnd
endlocal & call :cmErrorLevel %errorlevel% & goto :cmDone
:cmErrorLevel
exit /b %1
:cmDone
if %errorlevel% neq 0 goto :VCEnd
:VCEnd
{"actual_cases": ["T02.native.candidate_read_dispatch", "T02.native.exact_binding", "T02.native.invalid_input", "T02.native.private_dispatch", "T02.native.registered_compute", "T02.native.registered_read", "T02.native.validation_exception", "T03.native.cancel_and_budget", "T03.native.component_boundary", "T03.native.example_consumer", "T03.native.execution_service_control", "T03.native.execution_table_ownership", "T03.native.host_async_completion", "T03.native.host_async_deadline", "T03.native.host_async_drain", "T03.native.host_cached_result_sessions", "T03.native.host_execution_lifecycle", "T03.native.host_execution_resources", "T03.native.host_required_record", "T03.native.host_required_record_drain", "T03.native.host_structured_lifetime", "T03.native.managed_execution_path", "T03.native.managed_execution_resource_wait", "T03.native.managed_record", "T03.native.managed_record_ownership", "T03.native.managed_resources", "T03.native.no_self_wait", "T03.native.no_task_path", "T03.native.provider_unavailable", "T03.native.reentrant_and_concurrent", "T03.native.resource_lifetime", "T03.native.thread_modes", "T03.native.thread_origin", "T06.native.admission_order", "T06.native.authority_origin", "T06.native.business_failure", "T06.native.execution_source_observation", "T06.native.host_structured_admission", "T06.native.invalid_output", "T06.native.lifecycle_replacement", "T06.native.managed_admission", "T06.native.outcome_consistency", "T06.native.permission_intersection", "T06.native.policy_contract_alignment", "T06.native.revoke_and_regrant", "T06.native.session_and_deadline", "T06.native.target_binding", "T23.native.allocation_governance", "T23.native.allocation_other_costs", "T23.native.allocation_probe", "T23.native.allocation_steady"], "count": 51}
