{
  "backtraceGraph" : 
  {
    "commands" : 
    [
      "add_test",
      "ock_add_dependency_probes"
    ],
    "files" : 
    [
      "J:/Code/Kernel_v2/CMakeLists.txt",
      "J:/Code/Kernel_v2/cmake/DependencyProbes.cmake",
      "J:/Code/Kernel_v2/tests/contract/host/CMakeLists.txt"
    ],
    "nodes" : 
    [
      {
        "file" : 0
      },
      {
        "command" : 0,
        "file" : 0,
        "line" : 32,
        "parent" : 0
      },
      {
        "file" : 0
      },
      {
        "command" : 1,
        "file" : 0,
        "line" : 54,
        "parent" : 2
      },
      {
        "command" : 0,
        "file" : 1,
        "line" : 18,
        "parent" : 3
      },
      {
        "file" : 0
      },
      {
        "command" : 1,
        "file" : 0,
        "line" : 54,
        "parent" : 5
      },
      {
        "command" : 0,
        "file" : 1,
        "line" : 22,
        "parent" : 6
      },
      {
        "file" : 0
      },
      {
        "command" : 1,
        "file" : 0,
        "line" : 54,
        "parent" : 8
      },
      {
        "command" : 0,
        "file" : 1,
        "line" : 23,
        "parent" : 9
      },
      {
        "file" : 0
      },
      {
        "command" : 0,
        "file" : 0,
        "line" : 116,
        "parent" : 11
      },
      {
        "file" : 0
      },
      {
        "command" : 0,
        "file" : 0,
        "line" : 116,
        "parent" : 13
      },
      {
        "file" : 0
      },
      {
        "command" : 0,
        "file" : 0,
        "line" : 116,
        "parent" : 15
      },
      {
        "file" : 0
      },
      {
        "command" : 0,
        "file" : 0,
        "line" : 116,
        "parent" : 17
      },
      {
        "file" : 0
      },
      {
        "command" : 0,
        "file" : 0,
        "line" : 116,
        "parent" : 19
      },
      {
        "file" : 2
      },
      {
        "command" : 0,
        "file" : 2,
        "line" : 20,
        "parent" : 21
      },
      {
        "file" : 2
      },
      {
        "command" : 0,
        "file" : 2,
        "line" : 20,
        "parent" : 23
      },
      {
        "file" : 2
      },
      {
        "command" : 0,
        "file" : 2,
        "line" : 20,
        "parent" : 25
      },
      {
        "file" : 2
      },
      {
        "command" : 0,
        "file" : 2,
        "line" : 20,
        "parent" : 27
      },
      {
        "file" : 2
      },
      {
        "command" : 0,
        "file" : 2,
        "line" : 20,
        "parent" : 29
      },
      {
        "file" : 2
      },
      {
        "command" : 0,
        "file" : 2,
        "line" : 20,
        "parent" : 31
      },
      {
        "file" : 2
      },
      {
        "command" : 0,
        "file" : 2,
        "line" : 20,
        "parent" : 33
      },
      {
        "file" : 2
      },
      {
        "command" : 0,
        "file" : 2,
        "line" : 20,
        "parent" : 35
      },
      {
        "file" : 2
      },
      {
        "command" : 0,
        "file" : 2,
        "line" : 20,
        "parent" : 37
      },
      {
        "file" : 2
      },
      {
        "command" : 0,
        "file" : 2,
        "line" : 20,
        "parent" : 39
      },
      {
        "file" : 2
      },
      {
        "command" : 0,
        "file" : 2,
        "line" : 20,
        "parent" : 41
      },
      {
        "file" : 2
      },
      {
        "command" : 0,
        "file" : 2,
        "line" : 20,
        "parent" : 43
      },
      {
        "file" : 2
      },
      {
        "command" : 0,
        "file" : 2,
        "line" : 20,
        "parent" : 45
      },
      {
        "file" : 2
      },
      {
        "command" : 0,
        "file" : 2,
        "line" : 20,
        "parent" : 47
      },
      {
        "file" : 2
      },
      {
        "command" : 0,
        "file" : 2,
        "line" : 20,
        "parent" : 49
      },
      {
        "file" : 2
      },
      {
        "command" : 0,
        "file" : 2,
        "line" : 25,
        "parent" : 51
      },
      {
        "file" : 2
      },
      {
        "command" : 0,
        "file" : 2,
        "line" : 25,
        "parent" : 53
      },
      {
        "file" : 2
      },
      {
        "command" : 0,
        "file" : 2,
        "line" : 25,
        "parent" : 55
      },
      {
        "file" : 2
      },
      {
        "command" : 0,
        "file" : 2,
        "line" : 25,
        "parent" : 57
      },
      {
        "file" : 2
      },
      {
        "command" : 0,
        "file" : 2,
        "line" : 25,
        "parent" : 59
      }
    ]
  },
  "kind" : "ctestInfo",
  "tests" : 
  [
    {
      "command" : 
      [
        "J:/Code/Kernel_v2/build/runtime/python311/python.exe",
        "-X",
        "utf8",
        "J:/Code/Kernel_v2/tools/footprint/formal.py",
        "--profile",
        "win-msvc-release",
        "--mode",
        "occupancy",
        "--build",
        "J:/Code/Kernel_v2/build/d1.06-release"
      ],
      "config" : "Release",
      "name" : "T23.footprint.native_occupancy",
      "properties" : 
      [
        {
          "name" : "RUN_SERIAL",
          "value" : true
        },
        {
          "name" : "TIMEOUT",
          "value" : 900.0
        },
        {
          "name" : "WORKING_DIRECTORY",
          "value" : "J:/Code/Kernel_v2"
        }
      ]
    },
    {
      "command" : 
      [
        "J:/Code/Kernel_v2/build/runtime/python311/python.exe",
        "-X",
        "utf8",
        "J:/Code/Kernel_v2/tools/footprint/formal.py",
        "--profile",
        "win-msvc-release",
        "--mode",
        "allocation",
        "--build",
        "J:/Code/Kernel_v2/build/d1.06-release"
      ],
      "config" : "Release",
      "name" : "T23.footprint.allocation_report",
      "properties" : 
      [
        {
          "name" : "RUN_SERIAL",
          "value" : true
        },
        {
          "name" : "TIMEOUT",
          "value" : 900.0
        },
        {
          "name" : "WORKING_DIRECTORY",
          "value" : "J:/Code/Kernel_v2"
        }
      ]
    },
    {
      "command" : 
      [
        "J:/Code/Kernel_v2/build/runtime/python311/python.exe",
        "-X",
        "utf8",
        "J:/Code/Kernel_v2/tools/footprint/formal.py",
        "--profile",
        "win-msvc-release",
        "--mode",
        "latency",
        "--build",
        "J:/Code/Kernel_v2/build/d1.06-release"
      ],
      "config" : "Release",
      "name" : "T23.footprint.ready_latency",
      "properties" : 
      [
        {
          "name" : "RUN_SERIAL",
          "value" : true
        },
        {
          "name" : "TIMEOUT",
          "value" : 900.0
        },
        {
          "name" : "WORKING_DIRECTORY",
          "value" : "J:/Code/Kernel_v2"
        }
      ]
    },
    {
      "backtrace" : 1,
      "command" : 
      [
        "J:/Code/Kernel_v2/build/d1.06-release/Release/ock_sdk_metadata_probe.exe"
      ],
      "config" : "Release",
      "name" : "T24.sdk.version_header",
      "properties" : 
      [
        {
          "name" : "ENVIRONMENT",
          "value" : 
          [
            "MSBUILDDISABLENODEREUSE=1"
          ]
        },
        {
          "name" : "ENVIRONMENT_MODIFICATION",
          "value" : 
          [
            "PATH=path_list_prepend:J:/Code/Kernel_v2/build/msvc-validation/e8697b7e3597a578/bin"
          ]
        },
        {
          "name" : "LABELS",
          "value" : 
          [
            "D0.02"
          ]
        },
        {
          "name" : "WORKING_DIRECTORY",
          "value" : "J:/Code/Kernel_v2/build/d1.06-release"
        }
      ]
    },
    {
      "backtrace" : 4,
      "command" : 
      [
        "J:/Code/Kernel_v2/build/d1.06-release/Release/ock_probe_expected.exe"
      ],
      "config" : "Release",
      "name" : "T01.dependencies.expected",
      "properties" : 
      [
        {
          "name" : "ENVIRONMENT",
          "value" : 
          [
            "MSBUILDDISABLENODEREUSE=1"
          ]
        },
        {
          "name" : "ENVIRONMENT_MODIFICATION",
          "value" : 
          [
            "PATH=path_list_prepend:J:/Code/Kernel_v2/build/msvc-validation/e8697b7e3597a578/bin"
          ]
        },
        {
          "name" : "LABELS",
          "value" : 
          [
            "D0.06-a"
          ]
        },
        {
          "name" : "TIMEOUT",
          "value" : 60.0
        },
        {
          "name" : "WORKING_DIRECTORY",
          "value" : "J:/Code/Kernel_v2/build/d1.06-release/dependency-probe-work"
        }
      ]
    },
    {
      "backtrace" : 7,
      "command" : 
      [
        "J:/Code/Kernel_v2/build/d1.06-release/Release/ock_probe_toolchain.exe"
      ],
      "config" : "Release",
      "name" : "T01.dependencies.toolchain",
      "properties" : 
      [
        {
          "name" : "ENVIRONMENT",
          "value" : 
          [
            "MSBUILDDISABLENODEREUSE=1"
          ]
        },
        {
          "name" : "ENVIRONMENT_MODIFICATION",
          "value" : 
          [
            "PATH=path_list_prepend:J:/Code/Kernel_v2/build/msvc-validation/e8697b7e3597a578/bin"
          ]
        },
        {
          "name" : "LABELS",
          "value" : 
          [
            "D0.06-a"
          ]
        },
        {
          "name" : "TIMEOUT",
          "value" : 60.0
        },
        {
          "name" : "WORKING_DIRECTORY",
          "value" : "J:/Code/Kernel_v2/build/d1.06-release/dependency-probe-work"
        }
      ]
    },
    {
      "backtrace" : 10,
      "command" : 
      [
        "J:/Code/Kernel_v2/build/runtime/python311/python.exe",
        "-X",
        "utf8",
        "-m",
        "unittest",
        "discover",
        "-s",
        "J:/Code/Kernel_v2/tests/dependencies",
        "-p",
        "test_lock.py",
        "-v"
      ],
      "config" : "Release",
      "name" : "T01.dependencies.lock_contracts",
      "properties" : 
      [
        {
          "name" : "ENVIRONMENT",
          "value" : 
          [
            "MSBUILDDISABLENODEREUSE=1"
          ]
        },
        {
          "name" : "ENVIRONMENT_MODIFICATION",
          "value" : 
          [
            "PATH=path_list_prepend:J:/Code/Kernel_v2/build/msvc-validation/e8697b7e3597a578/bin"
          ]
        },
        {
          "name" : "LABELS",
          "value" : 
          [
            "D0.06-a"
          ]
        },
        {
          "name" : "TIMEOUT",
          "value" : 60.0
        },
        {
          "name" : "WORKING_DIRECTORY",
          "value" : "J:/Code/Kernel_v2/build/d1.06-release/dependency-probe-work"
        }
      ]
    },
    {
      "backtrace" : 12,
      "command" : 
      [
        "J:/Code/Kernel_v2/build/runtime/python311/python.exe",
        "-X",
        "utf8",
        "J:/Code/Kernel_v2/tests/install_consumer/verify_native.py",
        "--build",
        "J:/Code/Kernel_v2/build/d1.06-release",
        "--config",
        "Release",
        "--case",
        "public_headers"
      ],
      "config" : "Release",
      "name" : "T24.native_sdk.public_headers",
      "properties" : 
      [
        {
          "name" : "ENVIRONMENT",
          "value" : 
          [
            "MSBUILDDISABLENODEREUSE=1"
          ]
        },
        {
          "name" : "LABELS",
          "value" : 
          [
            "D1.06"
          ]
        },
        {
          "name" : "TIMEOUT",
          "value" : 1200.0
        },
        {
          "name" : "WORKING_DIRECTORY",
          "value" : "J:/Code/Kernel_v2"
        }
      ]
    },
    {
      "backtrace" : 14,
      "command" : 
      [
        "J:/Code/Kernel_v2/build/runtime/python311/python.exe",
        "-X",
        "utf8",
        "J:/Code/Kernel_v2/tests/install_consumer/verify_native.py",
        "--build",
        "J:/Code/Kernel_v2/build/d1.06-release",
        "--config",
        "Release",
        "--case",
        "installed_host"
      ],
      "config" : "Release",
      "name" : "T24.native_sdk.installed_host",
      "properties" : 
      [
        {
          "name" : "ENVIRONMENT",
          "value" : 
          [
            "MSBUILDDISABLENODEREUSE=1"
          ]
        },
        {
          "name" : "LABELS",
          "value" : 
          [
            "D1.06"
          ]
        },
        {
          "name" : "TIMEOUT",
          "value" : 1200.0
        },
        {
          "name" : "WORKING_DIRECTORY",
          "value" : "J:/Code/Kernel_v2"
        }
      ]
    },
    {
      "backtrace" : 16,
      "command" : 
      [
        "J:/Code/Kernel_v2/build/runtime/python311/python.exe",
        "-X",
        "utf8",
        "J:/Code/Kernel_v2/tests/install_consumer/verify_native.py",
        "--build",
        "J:/Code/Kernel_v2/build/d1.06-release",
        "--config",
        "Release",
        "--case",
        "no_tests_producer"
      ],
      "config" : "Release",
      "name" : "T24.native_sdk.no_tests_producer",
      "properties" : 
      [
        {
          "name" : "ENVIRONMENT",
          "value" : 
          [
            "MSBUILDDISABLENODEREUSE=1"
          ]
        },
        {
          "name" : "LABELS",
          "value" : 
          [
            "D1.06"
          ]
        },
        {
          "name" : "TIMEOUT",
          "value" : 1200.0
        },
        {
          "name" : "WORKING_DIRECTORY",
          "value" : "J:/Code/Kernel_v2"
        }
      ]
    },
    {
      "backtrace" : 18,
      "command" : 
      [
        "J:/Code/Kernel_v2/build/runtime/python311/python.exe",
        "-X",
        "utf8",
        "J:/Code/Kernel_v2/tests/install_consumer/verify_native.py",
        "--build",
        "J:/Code/Kernel_v2/build/d1.06-release",
        "--config",
        "Release",
        "--case",
        "link_closure"
      ],
      "config" : "Release",
      "name" : "T24.native_sdk.link_closure",
      "properties" : 
      [
        {
          "name" : "ENVIRONMENT",
          "value" : 
          [
            "MSBUILDDISABLENODEREUSE=1"
          ]
        },
        {
          "name" : "LABELS",
          "value" : 
          [
            "D1.06"
          ]
        },
        {
          "name" : "TIMEOUT",
          "value" : 1200.0
        },
        {
          "name" : "WORKING_DIRECTORY",
          "value" : "J:/Code/Kernel_v2"
        }
      ]
    },
    {
      "backtrace" : 20,
      "command" : 
      [
        "J:/Code/Kernel_v2/build/runtime/python311/python.exe",
        "-X",
        "utf8",
        "J:/Code/Kernel_v2/tests/install_consumer/verify_native.py",
        "--build",
        "J:/Code/Kernel_v2/build/d1.06-release",
        "--config",
        "Release",
        "--case",
        "private_dispatch"
      ],
      "config" : "Release",
      "name" : "T02.native_sdk.private_dispatch",
      "properties" : 
      [
        {
          "name" : "ENVIRONMENT",
          "value" : 
          [
            "MSBUILDDISABLENODEREUSE=1"
          ]
        },
        {
          "name" : "LABELS",
          "value" : 
          [
            "D1.06"
          ]
        },
        {
          "name" : "TIMEOUT",
          "value" : 1200.0
        },
        {
          "name" : "WORKING_DIRECTORY",
          "value" : "J:/Code/Kernel_v2"
        }
      ]
    },
    {
      "command" : 
      [
        "J:/Code/Kernel_v2/build/d1.06-release/tests/unit/foundation/Release/ock_foundation_tests.exe",
        "T03.foundation.code_only_no_allocation"
      ],
      "config" : "Release",
      "name" : "T03.foundation.code_only_no_allocation",
      "properties" : 
      [
        {
          "name" : "ENVIRONMENT",
          "value" : 
          [
            "MSBUILDDISABLENODEREUSE=1"
          ]
        },
        {
          "name" : "ENVIRONMENT_MODIFICATION",
          "value" : 
          [
            "PATH=path_list_prepend:J:\\Code\\Kernel_v2\\build\\msvc-validation\\e8697b7e3597a578\\bin"
          ]
        },
        {
          "name" : "LABELS",
          "value" : 
          [
            "D1.01"
          ]
        },
        {
          "name" : "TIMEOUT",
          "value" : 180.0
        },
        {
          "name" : "WORKING_DIRECTORY",
          "value" : "J:/Code/Kernel_v2/build/d1.06-release/tests/unit/foundation"
        }
      ]
    },
    {
      "command" : 
      [
        "J:/Code/Kernel_v2/build/d1.06-release/tests/unit/foundation/Release/ock_foundation_tests.exe",
        "T03.foundation.value_operations_no_allocation"
      ],
      "config" : "Release",
      "name" : "T03.foundation.value_operations_no_allocation",
      "properties" : 
      [
        {
          "name" : "ENVIRONMENT",
          "value" : 
          [
            "MSBUILDDISABLENODEREUSE=1"
          ]
        },
        {
          "name" : "ENVIRONMENT_MODIFICATION",
          "value" : 
          [
            "PATH=path_list_prepend:J:\\Code\\Kernel_v2\\build\\msvc-validation\\e8697b7e3597a578\\bin"
          ]
        },
        {
          "name" : "LABELS",
          "value" : 
          [
            "D1.01"
          ]
        },
        {
          "name" : "TIMEOUT",
          "value" : 180.0
        },
        {
          "name" : "WORKING_DIRECTORY",
          "value" : "J:/Code/Kernel_v2/build/d1.06-release/tests/unit/foundation"
        }
      ]
    },
    {
      "command" : 
      [
        "J:/Code/Kernel_v2/build/d1.06-release/tests/unit/foundation/Release/ock_foundation_tests.exe",
        "T03.foundation.layout_statistics"
      ],
      "config" : "Release",
      "name" : "T03.foundation.layout_statistics",
      "properties" : 
      [
        {
          "name" : "ENVIRONMENT",
          "value" : 
          [
            "MSBUILDDISABLENODEREUSE=1"
          ]
        },
        {
          "name" : "ENVIRONMENT_MODIFICATION",
          "value" : 
          [
            "PATH=path_list_prepend:J:\\Code\\Kernel_v2\\build\\msvc-validation\\e8697b7e3597a578\\bin"
          ]
        },
        {
          "name" : "LABELS",
          "value" : 
          [
            "D1.01"
          ]
        },
        {
          "name" : "TIMEOUT",
          "value" : 180.0
        },
        {
          "name" : "WORKING_DIRECTORY",
          "value" : "J:/Code/Kernel_v2/build/d1.06-release/tests/unit/foundation"
        }
      ]
    },
    {
      "command" : 
      [
        "J:/Code/Kernel_v2/build/d1.06-release/tests/unit/foundation/Release/ock_foundation_tests.exe",
        "T04.foundation.result_move_only_value"
      ],
      "config" : "Release",
      "name" : "T04.foundation.result_move_only_value",
      "properties" : 
      [
        {
          "name" : "ENVIRONMENT",
          "value" : 
          [
            "MSBUILDDISABLENODEREUSE=1"
          ]
        },
        {
          "name" : "ENVIRONMENT_MODIFICATION",
          "value" : 
          [
            "PATH=path_list_prepend:J:\\Code\\Kernel_v2\\build\\msvc-validation\\e8697b7e3597a578\\bin"
          ]
        },
        {
          "name" : "LABELS",
          "value" : 
          [
            "D1.01"
          ]
        },
        {
          "name" : "TIMEOUT",
          "value" : 180.0
        },
        {
          "name" : "WORKING_DIRECTORY",
          "value" : "J:/Code/Kernel_v2/build/d1.06-release/tests/unit/foundation"
        }
      ]
    },
    {
      "command" : 
      [
        "J:/Code/Kernel_v2/build/d1.06-release/tests/unit/foundation/Release/ock_foundation_tests.exe",
        "T04.foundation.result_move_only_error"
      ],
      "config" : "Release",
      "name" : "T04.foundation.result_move_only_error",
      "properties" : 
      [
        {
          "name" : "ENVIRONMENT",
          "value" : 
          [
            "MSBUILDDISABLENODEREUSE=1"
          ]
        },
        {
          "name" : "ENVIRONMENT_MODIFICATION",
          "value" : 
          [
            "PATH=path_list_prepend:J:\\Code\\Kernel_v2\\build\\msvc-validation\\e8697b7e3597a578\\bin"
          ]
        },
        {
          "name" : "LABELS",
          "value" : 
          [
            "D1.01"
          ]
        },
        {
          "name" : "TIMEOUT",
          "value" : 180.0
        },
        {
          "name" : "WORKING_DIRECTORY",
          "value" : "J:/Code/Kernel_v2/build/d1.06-release/tests/unit/foundation"
        }
      ]
    },
    {
      "command" : 
      [
        "J:/Code/Kernel_v2/build/d1.06-release/tests/unit/foundation/Release/ock_foundation_tests.exe",
        "T04.foundation.result_void"
      ],
      "config" : "Release",
      "name" : "T04.foundation.result_void",
      "properties" : 
      [
        {
          "name" : "ENVIRONMENT",
          "value" : 
          [
            "MSBUILDDISABLENODEREUSE=1"
          ]
        },
        {
          "name" : "ENVIRONMENT_MODIFICATION",
          "value" : 
          [
            "PATH=path_list_prepend:J:\\Code\\Kernel_v2\\build\\msvc-validation\\e8697b7e3597a578\\bin"
          ]
        },
        {
          "name" : "LABELS",
          "value" : 
          [
            "D1.01"
          ]
        },
        {
          "name" : "TIMEOUT",
          "value" : 180.0
        },
        {
          "name" : "WORKING_DIRECTORY",
          "value" : "J:/Code/Kernel_v2/build/d1.06-release/tests/unit/foundation"
        }
      ]
    },
    {
      "command" : 
      [
        "J:/Code/Kernel_v2/build/d1.06-release/tests/unit/foundation/Release/ock_foundation_tests.exe",
        "T04.foundation.result_error_propagation"
      ],
      "config" : "Release",
      "name" : "T04.foundation.result_error_propagation",
      "properties" : 
      [
        {
          "name" : "ENVIRONMENT",
          "value" : 
          [
            "MSBUILDDISABLENODEREUSE=1"
          ]
        },
        {
          "name" : "ENVIRONMENT_MODIFICATION",
          "value" : 
          [
            "PATH=path_list_prepend:J:\\Code\\Kernel_v2\\build\\msvc-validation\\e8697b7e3597a578\\bin"
          ]
        },
        {
          "name" : "LABELS",
          "value" : 
          [
            "D1.01"
          ]
        },
        {
          "name" : "TIMEOUT",
          "value" : 180.0
        },
        {
          "name" : "WORKING_DIRECTORY",
          "value" : "J:/Code/Kernel_v2/build/d1.06-release/tests/unit/foundation"
        }
      ]
    },
    {
      "command" : 
      [
        "J:/Code/Kernel_v2/build/d1.06-release/tests/unit/foundation/Release/ock_foundation_tests.exe",
        "T04.foundation.result_bad_access"
      ],
      "config" : "Release",
      "name" : "T04.foundation.result_bad_access",
      "properties" : 
      [
        {
          "name" : "ENVIRONMENT",
          "value" : 
          [
            "MSBUILDDISABLENODEREUSE=1"
          ]
        },
        {
          "name" : "ENVIRONMENT_MODIFICATION",
          "value" : 
          [
            "PATH=path_list_prepend:J:\\Code\\Kernel_v2\\build\\msvc-validation\\e8697b7e3597a578\\bin"
          ]
        },
        {
          "name" : "LABELS",
          "value" : 
          [
            "D1.01"
          ]
        },
        {
          "name" : "TIMEOUT",
          "value" : 180.0
        },
        {
          "name" : "WORKING_DIRECTORY",
          "value" : "J:/Code/Kernel_v2/build/d1.06-release/tests/unit/foundation"
        }
      ]
    },
    {
      "command" : 
      [
        "J:/Code/Kernel_v2/build/d1.06-release/tests/unit/foundation/Release/ock_foundation_tests.exe",
        "T04.foundation.exception_not_business_failure"
      ],
      "config" : "Release",
      "name" : "T04.foundation.exception_not_business_failure",
      "properties" : 
      [
        {
          "name" : "ENVIRONMENT",
          "value" : 
          [
            "MSBUILDDISABLENODEREUSE=1"
          ]
        },
        {
          "name" : "ENVIRONMENT_MODIFICATION",
          "value" : 
          [
            "PATH=path_list_prepend:J:\\Code\\Kernel_v2\\build\\msvc-validation\\e8697b7e3597a578\\bin"
          ]
        },
        {
          "name" : "LABELS",
          "value" : 
          [
            "D1.01"
          ]
        },
        {
          "name" : "TIMEOUT",
          "value" : 180.0
        },
        {
          "name" : "WORKING_DIRECTORY",
          "value" : "J:/Code/Kernel_v2/build/d1.06-release/tests/unit/foundation"
        }
      ]
    },
    {
      "command" : 
      [
        "J:/Code/Kernel_v2/build/runtime/python311/python.exe",
        "-X",
        "utf8",
        "J:\\Code\\Kernel_v2\\tests\\unit\\foundation\\verify_children.py",
        "--case",
        "T04.foundation.static_error_domain",
        "--binary",
        "J:/Code/Kernel_v2/build/d1.06-release/tests/unit/foundation/Release/ock_foundation_tests.exe",
        "--includes",
        "J:/Code/Kernel_v2/packages/foundation/include|J:/Code/Kernel_v2/build/d0.06-a/cache/sources/expected-fe3b18aecb84/include",
        "--generator",
        "Visual Studio 17 2022",
        "--platform",
        "x64",
        "--toolset",
        "v143,version=14.44.35207",
        "--sdk",
        "10.0.26100.0",
        "--config",
        "Release",
        "--work",
        "J:/Code/Kernel_v2/build/d1.06-release/tests/unit/foundation/child-runs",
        "--runtime-dir",
        "J:/Code/Kernel_v2/build/msvc-validation/e8697b7e3597a578/bin"
      ],
      "config" : "Release",
      "name" : "T04.foundation.static_error_domain",
      "properties" : 
      [
        {
          "name" : "ENVIRONMENT",
          "value" : 
          [
            "MSBUILDDISABLENODEREUSE=1"
          ]
        },
        {
          "name" : "ENVIRONMENT_MODIFICATION",
          "value" : 
          [
            "PATH=path_list_prepend:J:\\Code\\Kernel_v2\\build\\msvc-validation\\e8697b7e3597a578\\bin"
          ]
        },
        {
          "name" : "LABELS",
          "value" : 
          [
            "D1.01"
          ]
        },
        {
          "name" : "TIMEOUT",
          "value" : 300.0
        },
        {
          "name" : "WORKING_DIRECTORY",
          "value" : "J:/Code/Kernel_v2/build/d1.06-release/tests/unit/foundation"
        }
      ]
    },
    {
      "command" : 
      [
        "J:/Code/Kernel_v2/build/d1.06-release/tests/unit/foundation/Release/ock_foundation_tests.exe",
        "T04.foundation.error_details_ownership"
      ],
      "config" : "Release",
      "name" : "T04.foundation.error_details_ownership",
      "properties" : 
      [
        {
          "name" : "ENVIRONMENT",
          "value" : 
          [
            "MSBUILDDISABLENODEREUSE=1"
          ]
        },
        {
          "name" : "ENVIRONMENT_MODIFICATION",
          "value" : 
          [
            "PATH=path_list_prepend:J:\\Code\\Kernel_v2\\build\\msvc-validation\\e8697b7e3597a578\\bin"
          ]
        },
        {
          "name" : "LABELS",
          "value" : 
          [
            "D1.01"
          ]
        },
        {
          "name" : "TIMEOUT",
          "value" : 180.0
        },
        {
          "name" : "WORKING_DIRECTORY",
          "value" : "J:/Code/Kernel_v2/build/d1.06-release/tests/unit/foundation"
        }
      ]
    },
    {
      "command" : 
      [
        "J:/Code/Kernel_v2/build/d1.06-release/tests/unit/foundation/Release/ock_foundation_tests.exe",
        "T04.foundation.error_details_budget"
      ],
      "config" : "Release",
      "name" : "T04.foundation.error_details_budget",
      "properties" : 
      [
        {
          "name" : "ENVIRONMENT",
          "value" : 
          [
            "MSBUILDDISABLENODEREUSE=1"
          ]
        },
        {
          "name" : "ENVIRONMENT_MODIFICATION",
          "value" : 
          [
            "PATH=path_list_prepend:J:\\Code\\Kernel_v2\\build\\msvc-validation\\e8697b7e3597a578\\bin"
          ]
        },
        {
          "name" : "LABELS",
          "value" : 
          [
            "D1.01"
          ]
        },
        {
          "name" : "TIMEOUT",
          "value" : 180.0
        },
        {
          "name" : "WORKING_DIRECTORY",
          "value" : "J:/Code/Kernel_v2/build/d1.06-release/tests/unit/foundation"
        }
      ]
    },
    {
      "command" : 
      [
        "J:/Code/Kernel_v2/build/d1.06-release/tests/unit/foundation/Release/ock_foundation_tests.exe",
        "T04.foundation.display_utf8"
      ],
      "config" : "Release",
      "name" : "T04.foundation.display_utf8",
      "properties" : 
      [
        {
          "name" : "ENVIRONMENT",
          "value" : 
          [
            "MSBUILDDISABLENODEREUSE=1"
          ]
        },
        {
          "name" : "ENVIRONMENT_MODIFICATION",
          "value" : 
          [
            "PATH=path_list_prepend:J:\\Code\\Kernel_v2\\build\\msvc-validation\\e8697b7e3597a578\\bin"
          ]
        },
        {
          "name" : "LABELS",
          "value" : 
          [
            "D1.01"
          ]
        },
        {
          "name" : "TIMEOUT",
          "value" : 180.0
        },
        {
          "name" : "WORKING_DIRECTORY",
          "value" : "J:/Code/Kernel_v2/build/d1.06-release/tests/unit/foundation"
        }
      ]
    },
    {
      "command" : 
      [
        "J:/Code/Kernel_v2/build/d1.06-release/tests/unit/foundation/Release/ock_foundation_tests.exe",
        "T04.foundation.checked_arithmetic"
      ],
      "config" : "Release",
      "name" : "T04.foundation.checked_arithmetic",
      "properties" : 
      [
        {
          "name" : "ENVIRONMENT",
          "value" : 
          [
            "MSBUILDDISABLENODEREUSE=1"
          ]
        },
        {
          "name" : "ENVIRONMENT_MODIFICATION",
          "value" : 
          [
            "PATH=path_list_prepend:J:\\Code\\Kernel_v2\\build\\msvc-validation\\e8697b7e3597a578\\bin"
          ]
        },
        {
          "name" : "LABELS",
          "value" : 
          [
            "D1.01"
          ]
        },
        {
          "name" : "TIMEOUT",
          "value" : 180.0
        },
        {
          "name" : "WORKING_DIRECTORY",
          "value" : "J:/Code/Kernel_v2/build/d1.06-release/tests/unit/foundation"
        }
      ]
    },
    {
      "command" : 
      [
        "J:/Code/Kernel_v2/build/d1.06-release/tests/unit/foundation/Release/ock_foundation_tests.exe",
        "T04.foundation.checked_narrowing"
      ],
      "config" : "Release",
      "name" : "T04.foundation.checked_narrowing",
      "properties" : 
      [
        {
          "name" : "ENVIRONMENT",
          "value" : 
          [
            "MSBUILDDISABLENODEREUSE=1"
          ]
        },
        {
          "name" : "ENVIRONMENT_MODIFICATION",
          "value" : 
          [
            "PATH=path_list_prepend:J:\\Code\\Kernel_v2\\build\\msvc-validation\\e8697b7e3597a578\\bin"
          ]
        },
        {
          "name" : "LABELS",
          "value" : 
          [
            "D1.01"
          ]
        },
        {
          "name" : "TIMEOUT",
          "value" : 180.0
        },
        {
          "name" : "WORKING_DIRECTORY",
          "value" : "J:/Code/Kernel_v2/build/d1.06-release/tests/unit/foundation"
        }
      ]
    },
    {
      "command" : 
      [
        "J:/Code/Kernel_v2/build/d1.06-release/tests/unit/foundation/Release/ock_foundation_tests.exe",
        "T04.foundation.checked_count_atomic_update"
      ],
      "config" : "Release",
      "name" : "T04.foundation.checked_count_atomic_update",
      "properties" : 
      [
        {
          "name" : "ENVIRONMENT",
          "value" : 
          [
            "MSBUILDDISABLENODEREUSE=1"
          ]
        },
        {
          "name" : "ENVIRONMENT_MODIFICATION",
          "value" : 
          [
            "PATH=path_list_prepend:J:\\Code\\Kernel_v2\\build\\msvc-validation\\e8697b7e3597a578\\bin"
          ]
        },
        {
          "name" : "LABELS",
          "value" : 
          [
            "D1.01"
          ]
        },
        {
          "name" : "TIMEOUT",
          "value" : 180.0
        },
        {
          "name" : "WORKING_DIRECTORY",
          "value" : "J:/Code/Kernel_v2/build/d1.06-release/tests/unit/foundation"
        }
      ]
    },
    {
      "command" : 
      [
        "J:/Code/Kernel_v2/build/runtime/python311/python.exe",
        "-X",
        "utf8",
        "J:\\Code\\Kernel_v2\\tests\\unit\\foundation\\verify_children.py",
        "--case",
        "T04.foundation.invariant_fail_fast",
        "--binary",
        "J:/Code/Kernel_v2/build/d1.06-release/tests/unit/foundation/Release/ock_foundation_tests.exe",
        "--includes",
        "J:/Code/Kernel_v2/packages/foundation/include|J:/Code/Kernel_v2/build/d0.06-a/cache/sources/expected-fe3b18aecb84/include",
        "--generator",
        "Visual Studio 17 2022",
        "--platform",
        "x64",
        "--toolset",
        "v143,version=14.44.35207",
        "--sdk",
        "10.0.26100.0",
        "--config",
        "Release",
        "--work",
        "J:/Code/Kernel_v2/build/d1.06-release/tests/unit/foundation/child-runs",
        "--runtime-dir",
        "J:/Code/Kernel_v2/build/msvc-validation/e8697b7e3597a578/bin"
      ],
      "config" : "Release",
      "name" : "T04.foundation.invariant_fail_fast",
      "properties" : 
      [
        {
          "name" : "ENVIRONMENT",
          "value" : 
          [
            "MSBUILDDISABLENODEREUSE=1"
          ]
        },
        {
          "name" : "ENVIRONMENT_MODIFICATION",
          "value" : 
          [
            "PATH=path_list_prepend:J:\\Code\\Kernel_v2\\build\\msvc-validation\\e8697b7e3597a578\\bin"
          ]
        },
        {
          "name" : "LABELS",
          "value" : 
          [
            "D1.01"
          ]
        },
        {
          "name" : "TIMEOUT",
          "value" : 180.0
        },
        {
          "name" : "WORKING_DIRECTORY",
          "value" : "J:/Code/Kernel_v2/build/d1.06-release/tests/unit/foundation"
        }
      ]
    },
    {
      "command" : 
      [
        "J:/Code/Kernel_v2/build/d1.06-release/tests/unit/foundation/Release/ock_foundation_tests.exe",
        "T05.foundation.name_ascii_bounds"
      ],
      "config" : "Release",
      "name" : "T05.foundation.name_ascii_bounds",
      "properties" : 
      [
        {
          "name" : "ENVIRONMENT",
          "value" : 
          [
            "MSBUILDDISABLENODEREUSE=1"
          ]
        },
        {
          "name" : "ENVIRONMENT_MODIFICATION",
          "value" : 
          [
            "PATH=path_list_prepend:J:\\Code\\Kernel_v2\\build\\msvc-validation\\e8697b7e3597a578\\bin"
          ]
        },
        {
          "name" : "LABELS",
          "value" : 
          [
            "D1.01"
          ]
        },
        {
          "name" : "TIMEOUT",
          "value" : 180.0
        },
        {
          "name" : "WORKING_DIRECTORY",
          "value" : "J:/Code/Kernel_v2/build/d1.06-release/tests/unit/foundation"
        }
      ]
    },
    {
      "command" : 
      [
        "J:/Code/Kernel_v2/build/d1.06-release/tests/unit/foundation/Release/ock_foundation_tests.exe",
        "T05.foundation.name_case_and_ownership"
      ],
      "config" : "Release",
      "name" : "T05.foundation.name_case_and_ownership",
      "properties" : 
      [
        {
          "name" : "ENVIRONMENT",
          "value" : 
          [
            "MSBUILDDISABLENODEREUSE=1"
          ]
        },
        {
          "name" : "ENVIRONMENT_MODIFICATION",
          "value" : 
          [
            "PATH=path_list_prepend:J:\\Code\\Kernel_v2\\build\\msvc-validation\\e8697b7e3597a578\\bin"
          ]
        },
        {
          "name" : "LABELS",
          "value" : 
          [
            "D1.01"
          ]
        },
        {
          "name" : "TIMEOUT",
          "value" : 180.0
        },
        {
          "name" : "WORKING_DIRECTORY",
          "value" : "J:/Code/Kernel_v2/build/d1.06-release/tests/unit/foundation"
        }
      ]
    },
    {
      "command" : 
      [
        "J:/Code/Kernel_v2/build/d1.06-release/tests/unit/foundation/Release/ock_foundation_tests.exe",
        "T05.foundation.tagged_identity_types"
      ],
      "config" : "Release",
      "name" : "T05.foundation.tagged_identity_types",
      "properties" : 
      [
        {
          "name" : "ENVIRONMENT",
          "value" : 
          [
            "MSBUILDDISABLENODEREUSE=1"
          ]
        },
        {
          "name" : "ENVIRONMENT_MODIFICATION",
          "value" : 
          [
            "PATH=path_list_prepend:J:\\Code\\Kernel_v2\\build\\msvc-validation\\e8697b7e3597a578\\bin"
          ]
        },
        {
          "name" : "LABELS",
          "value" : 
          [
            "D1.01"
          ]
        },
        {
          "name" : "TIMEOUT",
          "value" : 180.0
        },
        {
          "name" : "WORKING_DIRECTORY",
          "value" : "J:/Code/Kernel_v2/build/d1.06-release/tests/unit/foundation"
        }
      ]
    },
    {
      "command" : 
      [
        "J:/Code/Kernel_v2/build/d1.06-release/tests/unit/foundation/Release/ock_foundation_tests.exe",
        "T05.foundation.identity_canonical_codec"
      ],
      "config" : "Release",
      "name" : "T05.foundation.identity_canonical_codec",
      "properties" : 
      [
        {
          "name" : "ENVIRONMENT",
          "value" : 
          [
            "MSBUILDDISABLENODEREUSE=1"
          ]
        },
        {
          "name" : "ENVIRONMENT_MODIFICATION",
          "value" : 
          [
            "PATH=path_list_prepend:J:\\Code\\Kernel_v2\\build\\msvc-validation\\e8697b7e3597a578\\bin"
          ]
        },
        {
          "name" : "LABELS",
          "value" : 
          [
            "D1.01"
          ]
        },
        {
          "name" : "TIMEOUT",
          "value" : 180.0
        },
        {
          "name" : "WORKING_DIRECTORY",
          "value" : "J:/Code/Kernel_v2/build/d1.06-release/tests/unit/foundation"
        }
      ]
    },
    {
      "command" : 
      [
        "J:/Code/Kernel_v2/build/d1.06-release/tests/unit/foundation/Release/ock_foundation_tests.exe",
        "T05.foundation.bound_handle_generation"
      ],
      "config" : "Release",
      "name" : "T05.foundation.bound_handle_generation",
      "properties" : 
      [
        {
          "name" : "ENVIRONMENT",
          "value" : 
          [
            "MSBUILDDISABLENODEREUSE=1"
          ]
        },
        {
          "name" : "ENVIRONMENT_MODIFICATION",
          "value" : 
          [
            "PATH=path_list_prepend:J:\\Code\\Kernel_v2\\build\\msvc-validation\\e8697b7e3597a578\\bin"
          ]
        },
        {
          "name" : "LABELS",
          "value" : 
          [
            "D1.01"
          ]
        },
        {
          "name" : "TIMEOUT",
          "value" : 180.0
        },
        {
          "name" : "WORKING_DIRECTORY",
          "value" : "J:/Code/Kernel_v2/build/d1.06-release/tests/unit/foundation"
        }
      ]
    },
    {
      "command" : 
      [
        "J:/Code/Kernel_v2/build/d1.06-release/tests/unit/foundation/Release/ock_foundation_tests.exe",
        "T05.foundation.runtime_epoch_separation"
      ],
      "config" : "Release",
      "name" : "T05.foundation.runtime_epoch_separation",
      "properties" : 
      [
        {
          "name" : "ENVIRONMENT",
          "value" : 
          [
            "MSBUILDDISABLENODEREUSE=1"
          ]
        },
        {
          "name" : "ENVIRONMENT_MODIFICATION",
          "value" : 
          [
            "PATH=path_list_prepend:J:\\Code\\Kernel_v2\\build\\msvc-validation\\e8697b7e3597a578\\bin"
          ]
        },
        {
          "name" : "LABELS",
          "value" : 
          [
            "D1.01"
          ]
        },
        {
          "name" : "TIMEOUT",
          "value" : 180.0
        },
        {
          "name" : "WORKING_DIRECTORY",
          "value" : "J:/Code/Kernel_v2/build/d1.06-release/tests/unit/foundation"
        }
      ]
    },
    {
      "command" : 
      [
        "J:/Code/Kernel_v2/build/runtime/python311/python.exe",
        "-X",
        "utf8",
        "J:\\Code\\Kernel_v2\\tests\\compile\\contracts\\fixture.py",
        "--binary",
        "J:/Code/Kernel_v2/build/d1.06-release/tests/compile/contracts/Release/ock_contracts_tests.exe",
        "--includes",
        "J:/Code/Kernel_v2/packages/contracts/include|J:/Code/Kernel_v2/packages/foundation/include|J:/Code/Kernel_v2/build/d0.06-a/cache/sources/expected-fe3b18aecb84/include",
        "--generator",
        "Visual Studio 17 2022",
        "--platform",
        "x64",
        "--toolset",
        "v143,version=14.44.35207",
        "--sdk",
        "10.0.26100.0",
        "--config",
        "Release",
        "--work",
        "J:/Code/Kernel_v2/build/d1.06-release/tests/compile/contracts/child-runs",
        "--runtime-dir",
        "J:/Code/Kernel_v2/build/msvc-validation/e8697b7e3597a578/bin",
        "--profile",
        "J:/Code/Kernel_v2/build/d1.06-release/tests/compile/contracts/compile-profile-Release.txt",
        "--fixture",
        "J:/Code/Kernel_v2/build/d1.06-release/tests/compile/contracts/child-runs/fixtures/0219b0872015c1b94792915c",
        "--run-id",
        "0219b0872015c1b94792915c"
      ],
      "config" : "Release",
      "name" : "T02.contracts.compile_fixture_setup",
      "properties" : 
      [
        {
          "name" : "ENVIRONMENT_MODIFICATION",
          "value" : 
          [
            "PATH=path_list_prepend:J:\\Code\\Kernel_v2\\build\\msvc-validation\\e8697b7e3597a578\\bin"
          ]
        },
        {
          "name" : "FIXTURES_SETUP",
          "value" : 
          [
            "contracts_compile"
          ]
        },
        {
          "name" : "LABELS",
          "value" : 
          [
            "CompileContracts",
            "Tools"
          ]
        },
        {
          "name" : "TIMEOUT",
          "value" : 300.0
        },
        {
          "name" : "WORKING_DIRECTORY",
          "value" : "J:/Code/Kernel_v2/build/d1.06-release/tests/compile/contracts"
        }
      ]
    },
    {
      "command" : 
      [
        "J:/Code/Kernel_v2/build/runtime/python311/python.exe",
        "-X",
        "utf8",
        "J:\\Code\\Kernel_v2\\tests\\compile\\contracts\\verify_children.py",
        "--case",
        "T02.contracts.type_contract_constraints",
        "--binary",
        "J:/Code/Kernel_v2/build/d1.06-release/tests/compile/contracts/Release/ock_contracts_tests.exe",
        "--includes",
        "J:/Code/Kernel_v2/packages/contracts/include|J:/Code/Kernel_v2/packages/foundation/include|J:/Code/Kernel_v2/build/d0.06-a/cache/sources/expected-fe3b18aecb84/include",
        "--generator",
        "Visual Studio 17 2022",
        "--platform",
        "x64",
        "--toolset",
        "v143,version=14.44.35207",
        "--sdk",
        "10.0.26100.0",
        "--config",
        "Release",
        "--work",
        "J:/Code/Kernel_v2/build/d1.06-release/tests/compile/contracts/child-runs",
        "--runtime-dir",
        "J:/Code/Kernel_v2/build/msvc-validation/e8697b7e3597a578/bin",
        "--profile",
        "J:/Code/Kernel_v2/build/d1.06-release/tests/compile/contracts/compile-profile-Release.txt",
        "--fixture",
        "J:/Code/Kernel_v2/build/d1.06-release/tests/compile/contracts/child-runs/fixtures/0219b0872015c1b94792915c",
        "--run-id",
        "0219b0872015c1b94792915c"
      ],
      "config" : "Release",
      "name" : "T02.contracts.type_contract_constraints",
      "properties" : 
      [
        {
          "name" : "DEPENDS",
          "value" : 
          [
            "T02.contracts.compile_fixture_setup"
          ]
        },
        {
          "name" : "ENVIRONMENT",
          "value" : 
          [
            "MSBUILDDISABLENODEREUSE=1"
          ]
        },
        {
          "name" : "ENVIRONMENT_MODIFICATION",
          "value" : 
          [
            "PATH=path_list_prepend:J:\\Code\\Kernel_v2\\build\\msvc-validation\\e8697b7e3597a578\\bin"
          ]
        },
        {
          "name" : "FIXTURES_REQUIRED",
          "value" : 
          [
            "contracts_compile"
          ]
        },
        {
          "name" : "LABELS",
          "value" : 
          [
            "D1.02"
          ]
        },
        {
          "name" : "RESOURCE_LOCK",
          "value" : 
          [
            "contracts_compile_build"
          ]
        },
        {
          "name" : "TIMEOUT",
          "value" : 600.0
        },
        {
          "name" : "WORKING_DIRECTORY",
          "value" : "J:/Code/Kernel_v2/build/d1.06-release/tests/compile/contracts"
        }
      ]
    },
    {
      "command" : 
      [
        "J:/Code/Kernel_v2/build/runtime/python311/python.exe",
        "-X",
        "utf8",
        "J:\\Code\\Kernel_v2\\tests\\compile\\contracts\\verify_children.py",
        "--case",
        "T02.contracts.typed_value_validation",
        "--binary",
        "J:/Code/Kernel_v2/build/d1.06-release/tests/compile/contracts/Release/ock_contracts_tests.exe",
        "--includes",
        "J:/Code/Kernel_v2/packages/contracts/include|J:/Code/Kernel_v2/packages/foundation/include|J:/Code/Kernel_v2/build/d0.06-a/cache/sources/expected-fe3b18aecb84/include",
        "--generator",
        "Visual Studio 17 2022",
        "--platform",
        "x64",
        "--toolset",
        "v143,version=14.44.35207",
        "--sdk",
        "10.0.26100.0",
        "--config",
        "Release",
        "--work",
        "J:/Code/Kernel_v2/build/d1.06-release/tests/compile/contracts/child-runs",
        "--runtime-dir",
        "J:/Code/Kernel_v2/build/msvc-validation/e8697b7e3597a578/bin",
        "--profile",
        "J:/Code/Kernel_v2/build/d1.06-release/tests/compile/contracts/compile-profile-Release.txt",
        "--fixture",
        "J:/Code/Kernel_v2/build/d1.06-release/tests/compile/contracts/child-runs/fixtures/0219b0872015c1b94792915c",
        "--run-id",
        "0219b0872015c1b94792915c"
      ],
      "config" : "Release",
      "name" : "T02.contracts.typed_value_validation",
      "properties" : 
      [
        {
          "name" : "DEPENDS",
          "value" : 
          [
            "T02.contracts.compile_fixture_setup"
          ]
        },
        {
          "name" : "ENVIRONMENT",
          "value" : 
          [
            "MSBUILDDISABLENODEREUSE=1"
          ]
        },
        {
          "name" : "ENVIRONMENT_MODIFICATION",
          "value" : 
          [
            "PATH=path_list_prepend:J:\\Code\\Kernel_v2\\build\\msvc-validation\\e8697b7e3597a578\\bin"
          ]
        },
        {
          "name" : "FIXTURES_REQUIRED",
          "value" : 
          [
            "contracts_compile"
          ]
        },
        {
          "name" : "LABELS",
          "value" : 
          [
            "D1.02"
          ]
        },
        {
          "name" : "RESOURCE_LOCK",
          "value" : 
          [
            "contracts_compile_build"
          ]
        },
        {
          "name" : "TIMEOUT",
          "value" : 600.0
        },
        {
          "name" : "WORKING_DIRECTORY",
          "value" : "J:/Code/Kernel_v2/build/d1.06-release/tests/compile/contracts"
        }
      ]
    },
    {
      "command" : 
      [
        "J:/Code/Kernel_v2/build/runtime/python311/python.exe",
        "-X",
        "utf8",
        "J:\\Code\\Kernel_v2\\tests\\compile\\contracts\\verify_children.py",
        "--case",
        "T02.contracts.read_shape",
        "--binary",
        "J:/Code/Kernel_v2/build/d1.06-release/tests/compile/contracts/Release/ock_contracts_tests.exe",
        "--includes",
        "J:/Code/Kernel_v2/packages/contracts/include|J:/Code/Kernel_v2/packages/foundation/include|J:/Code/Kernel_v2/build/d0.06-a/cache/sources/expected-fe3b18aecb84/include",
        "--generator",
        "Visual Studio 17 2022",
        "--platform",
        "x64",
        "--toolset",
        "v143,version=14.44.35207",
        "--sdk",
        "10.0.26100.0",
        "--config",
        "Release",
        "--work",
        "J:/Code/Kernel_v2/build/d1.06-release/tests/compile/contracts/child-runs",
        "--runtime-dir",
        "J:/Code/Kernel_v2/build/msvc-validation/e8697b7e3597a578/bin",
        "--profile",
        "J:/Code/Kernel_v2/build/d1.06-release/tests/compile/contracts/compile-profile-Release.txt",
        "--fixture",
        "J:/Code/Kernel_v2/build/d1.06-release/tests/compile/contracts/child-runs/fixtures/0219b0872015c1b94792915c",
        "--run-id",
        "0219b0872015c1b94792915c"
      ],
      "config" : "Release",
      "name" : "T02.contracts.read_shape",
      "properties" : 
      [
        {
          "name" : "DEPENDS",
          "value" : 
          [
            "T02.contracts.compile_fixture_setup"
          ]
        },
        {
          "name" : "ENVIRONMENT",
          "value" : 
          [
            "MSBUILDDISABLENODEREUSE=1"
          ]
        },
        {
          "name" : "ENVIRONMENT_MODIFICATION",
          "value" : 
          [
            "PATH=path_list_prepend:J:\\Code\\Kernel_v2\\build\\msvc-validation\\e8697b7e3597a578\\bin"
          ]
        },
        {
          "name" : "FIXTURES_REQUIRED",
          "value" : 
          [
            "contracts_compile"
          ]
        },
        {
          "name" : "LABELS",
          "value" : 
          [
            "D1.02"
          ]
        },
        {
          "name" : "RESOURCE_LOCK",
          "value" : 
          [
            "contracts_compile_build"
          ]
        },
        {
          "name" : "TIMEOUT",
          "value" : 600.0
        },
        {
          "name" : "WORKING_DIRECTORY",
          "value" : "J:/Code/Kernel_v2/build/d1.06-release/tests/compile/contracts"
        }
      ]
    },
    {
      "command" : 
      [
        "J:/Code/Kernel_v2/build/runtime/python311/python.exe",
        "-X",
        "utf8",
        "J:\\Code\\Kernel_v2\\tests\\compile\\contracts\\verify_children.py",
        "--case",
        "T02.contracts.state_edit_shape",
        "--binary",
        "J:/Code/Kernel_v2/build/d1.06-release/tests/compile/contracts/Release/ock_contracts_tests.exe",
        "--includes",
        "J:/Code/Kernel_v2/packages/contracts/include|J:/Code/Kernel_v2/packages/foundation/include|J:/Code/Kernel_v2/build/d0.06-a/cache/sources/expected-fe3b18aecb84/include",
        "--generator",
        "Visual Studio 17 2022",
        "--platform",
        "x64",
        "--toolset",
        "v143,version=14.44.35207",
        "--sdk",
        "10.0.26100.0",
        "--config",
        "Release",
        "--work",
        "J:/Code/Kernel_v2/build/d1.06-release/tests/compile/contracts/child-runs",
        "--runtime-dir",
        "J:/Code/Kernel_v2/build/msvc-validation/e8697b7e3597a578/bin",
        "--profile",
        "J:/Code/Kernel_v2/build/d1.06-release/tests/compile/contracts/compile-profile-Release.txt",
        "--fixture",
        "J:/Code/Kernel_v2/build/d1.06-release/tests/compile/contracts/child-runs/fixtures/0219b0872015c1b94792915c",
        "--run-id",
        "0219b0872015c1b94792915c"
      ],
      "config" : "Release",
      "name" : "T02.contracts.state_edit_shape",
      "properties" : 
      [
        {
          "name" : "DEPENDS",
          "value" : 
          [
            "T02.contracts.compile_fixture_setup"
          ]
        },
        {
          "name" : "ENVIRONMENT",
          "value" : 
          [
            "MSBUILDDISABLENODEREUSE=1"
          ]
        },
        {
          "name" : "ENVIRONMENT_MODIFICATION",
          "value" : 
          [
            "PATH=path_list_prepend:J:\\Code\\Kernel_v2\\build\\msvc-validation\\e8697b7e3597a578\\bin"
          ]
        },
        {
          "name" : "FIXTURES_REQUIRED",
          "value" : 
          [
            "contracts_compile"
          ]
        },
        {
          "name" : "LABELS",
          "value" : 
          [
            "D1.02"
          ]
        },
        {
          "name" : "RESOURCE_LOCK",
          "value" : 
          [
            "contracts_compile_build"
          ]
        },
        {
          "name" : "TIMEOUT",
          "value" : 600.0
        },
        {
          "name" : "WORKING_DIRECTORY",
          "value" : "J:/Code/Kernel_v2/build/d1.06-release/tests/compile/contracts"
        }
      ]
    },
    {
      "command" : 
      [
        "J:/Code/Kernel_v2/build/runtime/python311/python.exe",
        "-X",
        "utf8",
        "J:\\Code\\Kernel_v2\\tests\\compile\\contracts\\verify_children.py",
        "--case",
        "T02.contracts.effect_shape",
        "--binary",
        "J:/Code/Kernel_v2/build/d1.06-release/tests/compile/contracts/Release/ock_contracts_tests.exe",
        "--includes",
        "J:/Code/Kernel_v2/packages/contracts/include|J:/Code/Kernel_v2/packages/foundation/include|J:/Code/Kernel_v2/build/d0.06-a/cache/sources/expected-fe3b18aecb84/include",
        "--generator",
        "Visual Studio 17 2022",
        "--platform",
        "x64",
        "--toolset",
        "v143,version=14.44.35207",
        "--sdk",
        "10.0.26100.0",
        "--config",
        "Release",
        "--work",
        "J:/Code/Kernel_v2/build/d1.06-release/tests/compile/contracts/child-runs",
        "--runtime-dir",
        "J:/Code/Kernel_v2/build/msvc-validation/e8697b7e3597a578/bin",
        "--profile",
        "J:/Code/Kernel_v2/build/d1.06-release/tests/compile/contracts/compile-profile-Release.txt",
        "--fixture",
        "J:/Code/Kernel_v2/build/d1.06-release/tests/compile/contracts/child-runs/fixtures/0219b0872015c1b94792915c",
        "--run-id",
        "0219b0872015c1b94792915c"
      ],
      "config" : "Release",
      "name" : "T02.contracts.effect_shape",
      "properties" : 
      [
        {
          "name" : "DEPENDS",
          "value" : 
          [
            "T02.contracts.compile_fixture_setup"
          ]
        },
        {
          "name" : "ENVIRONMENT",
          "value" : 
          [
            "MSBUILDDISABLENODEREUSE=1"
          ]
        },
        {
          "name" : "ENVIRONMENT_MODIFICATION",
          "value" : 
          [
            "PATH=path_list_prepend:J:\\Code\\Kernel_v2\\build\\msvc-validation\\e8697b7e3597a578\\bin"
          ]
        },
        {
          "name" : "FIXTURES_REQUIRED",
          "value" : 
          [
            "contracts_compile"
          ]
        },
        {
          "name" : "LABELS",
          "value" : 
          [
            "D1.02"
          ]
        },
        {
          "name" : "RESOURCE_LOCK",
          "value" : 
          [
            "contracts_compile_build"
          ]
        },
        {
          "name" : "TIMEOUT",
          "value" : 600.0
        },
        {
          "name" : "WORKING_DIRECTORY",
          "value" : "J:/Code/Kernel_v2/build/d1.06-release/tests/compile/contracts"
        }
      ]
    },
    {
      "command" : 
      [
        "J:/Code/Kernel_v2/build/runtime/python311/python.exe",
        "-X",
        "utf8",
        "J:\\Code\\Kernel_v2\\tests\\compile\\contracts\\verify_children.py",
        "--case",
        "T02.contracts.lifecycle_shape",
        "--binary",
        "J:/Code/Kernel_v2/build/d1.06-release/tests/compile/contracts/Release/ock_contracts_tests.exe",
        "--includes",
        "J:/Code/Kernel_v2/packages/contracts/include|J:/Code/Kernel_v2/packages/foundation/include|J:/Code/Kernel_v2/build/d0.06-a/cache/sources/expected-fe3b18aecb84/include",
        "--generator",
        "Visual Studio 17 2022",
        "--platform",
        "x64",
        "--toolset",
        "v143,version=14.44.35207",
        "--sdk",
        "10.0.26100.0",
        "--config",
        "Release",
        "--work",
        "J:/Code/Kernel_v2/build/d1.06-release/tests/compile/contracts/child-runs",
        "--runtime-dir",
        "J:/Code/Kernel_v2/build/msvc-validation/e8697b7e3597a578/bin",
        "--profile",
        "J:/Code/Kernel_v2/build/d1.06-release/tests/compile/contracts/compile-profile-Release.txt",
        "--fixture",
        "J:/Code/Kernel_v2/build/d1.06-release/tests/compile/contracts/child-runs/fixtures/0219b0872015c1b94792915c",
        "--run-id",
        "0219b0872015c1b94792915c"
      ],
      "config" : "Release",
      "name" : "T02.contracts.lifecycle_shape",
      "properties" : 
      [
        {
          "name" : "DEPENDS",
          "value" : 
          [
            "T02.contracts.compile_fixture_setup"
          ]
        },
        {
          "name" : "ENVIRONMENT",
          "value" : 
          [
            "MSBUILDDISABLENODEREUSE=1"
          ]
        },
        {
          "name" : "ENVIRONMENT_MODIFICATION",
          "value" : 
          [
            "PATH=path_list_prepend:J:\\Code\\Kernel_v2\\build\\msvc-validation\\e8697b7e3597a578\\bin"
          ]
        },
        {
          "name" : "FIXTURES_REQUIRED",
          "value" : 
          [
            "contracts_compile"
          ]
        },
        {
          "name" : "LABELS",
          "value" : 
          [
            "D1.02"
          ]
        },
        {
          "name" : "RESOURCE_LOCK",
          "value" : 
          [
            "contracts_compile_build"
          ]
        },
        {
          "name" : "TIMEOUT",
          "value" : 600.0
        },
        {
          "name" : "WORKING_DIRECTORY",
          "value" : "J:/Code/Kernel_v2/build/d1.06-release/tests/compile/contracts"
        }
      ]
    },
    {
      "command" : 
      [
        "J:/Code/Kernel_v2/build/runtime/python311/python.exe",
        "-X",
        "utf8",
        "J:\\Code\\Kernel_v2\\tests\\compile\\contracts\\verify_children.py",
        "--case",
        "T02.contracts.context_capability_boundary",
        "--binary",
        "J:/Code/Kernel_v2/build/d1.06-release/tests/compile/contracts/Release/ock_contracts_tests.exe",
        "--includes",
        "J:/Code/Kernel_v2/packages/contracts/include|J:/Code/Kernel_v2/packages/foundation/include|J:/Code/Kernel_v2/build/d0.06-a/cache/sources/expected-fe3b18aecb84/include",
        "--generator",
        "Visual Studio 17 2022",
        "--platform",
        "x64",
        "--toolset",
        "v143,version=14.44.35207",
        "--sdk",
        "10.0.26100.0",
        "--config",
        "Release",
        "--work",
        "J:/Code/Kernel_v2/build/d1.06-release/tests/compile/contracts/child-runs",
        "--runtime-dir",
        "J:/Code/Kernel_v2/build/msvc-validation/e8697b7e3597a578/bin",
        "--profile",
        "J:/Code/Kernel_v2/build/d1.06-release/tests/compile/contracts/compile-profile-Release.txt",
        "--fixture",
        "J:/Code/Kernel_v2/build/d1.06-release/tests/compile/contracts/child-runs/fixtures/0219b0872015c1b94792915c",
        "--run-id",
        "0219b0872015c1b94792915c"
      ],
      "config" : "Release",
      "name" : "T02.contracts.context_capability_boundary",
      "properties" : 
      [
        {
          "name" : "DEPENDS",
          "value" : 
          [
            "T02.contracts.compile_fixture_setup"
          ]
        },
        {
          "name" : "ENVIRONMENT",
          "value" : 
          [
            "MSBUILDDISABLENODEREUSE=1"
          ]
        },
        {
          "name" : "ENVIRONMENT_MODIFICATION",
          "value" : 
          [
            "PATH=path_list_prepend:J:\\Code\\Kernel_v2\\build\\msvc-validation\\e8697b7e3597a578\\bin"
          ]
        },
        {
          "name" : "FIXTURES_REQUIRED",
          "value" : 
          [
            "contracts_compile"
          ]
        },
        {
          "name" : "LABELS",
          "value" : 
          [
            "D1.02"
          ]
        },
        {
          "name" : "RESOURCE_LOCK",
          "value" : 
          [
            "contracts_compile_build"
          ]
        },
        {
          "name" : "TIMEOUT",
          "value" : 600.0
        },
        {
          "name" : "WORKING_DIRECTORY",
          "value" : "J:/Code/Kernel_v2/build/d1.06-release/tests/compile/contracts"
        }
      ]
    },
    {
      "command" : 
      [
        "J:/Code/Kernel_v2/build/runtime/python311/python.exe",
        "-X",
        "utf8",
        "J:\\Code\\Kernel_v2\\tests\\compile\\contracts\\verify_children.py",
        "--case",
        "T02.contracts.atomic_read_adapters",
        "--binary",
        "J:/Code/Kernel_v2/build/d1.06-release/tests/compile/contracts/Release/ock_contracts_tests.exe",
        "--includes",
        "J:/Code/Kernel_v2/packages/contracts/include|J:/Code/Kernel_v2/packages/foundation/include|J:/Code/Kernel_v2/build/d0.06-a/cache/sources/expected-fe3b18aecb84/include",
        "--generator",
        "Visual Studio 17 2022",
        "--platform",
        "x64",
        "--toolset",
        "v143,version=14.44.35207",
        "--sdk",
        "10.0.26100.0",
        "--config",
        "Release",
        "--work",
        "J:/Code/Kernel_v2/build/d1.06-release/tests/compile/contracts/child-runs",
        "--runtime-dir",
        "J:/Code/Kernel_v2/build/msvc-validation/e8697b7e3597a578/bin",
        "--profile",
        "J:/Code/Kernel_v2/build/d1.06-release/tests/compile/contracts/compile-profile-Release.txt",
        "--fixture",
        "J:/Code/Kernel_v2/build/d1.06-release/tests/compile/contracts/child-runs/fixtures/0219b0872015c1b94792915c",
        "--run-id",
        "0219b0872015c1b94792915c"
      ],
      "config" : "Release",
      "name" : "T02.contracts.atomic_read_adapters",
      "properties" : 
      [
        {
          "name" : "DEPENDS",
          "value" : 
          [
            "T02.contracts.compile_fixture_setup"
          ]
        },
        {
          "name" : "ENVIRONMENT",
          "value" : 
          [
            "MSBUILDDISABLENODEREUSE=1"
          ]
        },
        {
          "name" : "ENVIRONMENT_MODIFICATION",
          "value" : 
          [
            "PATH=path_list_prepend:J:\\Code\\Kernel_v2\\build\\msvc-validation\\e8697b7e3597a578\\bin"
          ]
        },
        {
          "name" : "FIXTURES_REQUIRED",
          "value" : 
          [
            "contracts_compile"
          ]
        },
        {
          "name" : "LABELS",
          "value" : 
          [
            "D1.02"
          ]
        },
        {
          "name" : "RESOURCE_LOCK",
          "value" : 
          [
            "contracts_compile_build"
          ]
        },
        {
          "name" : "TIMEOUT",
          "value" : 600.0
        },
        {
          "name" : "WORKING_DIRECTORY",
          "value" : "J:/Code/Kernel_v2/build/d1.06-release/tests/compile/contracts"
        }
      ]
    },
    {
      "command" : 
      [
        "J:/Code/Kernel_v2/build/runtime/python311/python.exe",
        "-X",
        "utf8",
        "J:\\Code\\Kernel_v2\\tests\\compile\\contracts\\verify_children.py",
        "--case",
        "T02.contracts.atomic_async_rejected",
        "--binary",
        "J:/Code/Kernel_v2/build/d1.06-release/tests/compile/contracts/Release/ock_contracts_tests.exe",
        "--includes",
        "J:/Code/Kernel_v2/packages/contracts/include|J:/Code/Kernel_v2/packages/foundation/include|J:/Code/Kernel_v2/build/d0.06-a/cache/sources/expected-fe3b18aecb84/include",
        "--generator",
        "Visual Studio 17 2022",
        "--platform",
        "x64",
        "--toolset",
        "v143,version=14.44.35207",
        "--sdk",
        "10.0.26100.0",
        "--config",
        "Release",
        "--work",
        "J:/Code/Kernel_v2/build/d1.06-release/tests/compile/contracts/child-runs",
        "--runtime-dir",
        "J:/Code/Kernel_v2/build/msvc-validation/e8697b7e3597a578/bin",
        "--profile",
        "J:/Code/Kernel_v2/build/d1.06-release/tests/compile/contracts/compile-profile-Release.txt",
        "--fixture",
        "J:/Code/Kernel_v2/build/d1.06-release/tests/compile/contracts/child-runs/fixtures/0219b0872015c1b94792915c",
        "--run-id",
        "0219b0872015c1b94792915c"
      ],
      "config" : "Release",
      "name" : "T02.contracts.atomic_async_rejected",
      "properties" : 
      [
        {
          "name" : "DEPENDS",
          "value" : 
          [
            "T02.contracts.compile_fixture_setup"
          ]
        },
        {
          "name" : "ENVIRONMENT",
          "value" : 
          [
            "MSBUILDDISABLENODEREUSE=1"
          ]
        },
        {
          "name" : "ENVIRONMENT_MODIFICATION",
          "value" : 
          [
            "PATH=path_list_prepend:J:\\Code\\Kernel_v2\\build\\msvc-validation\\e8697b7e3597a578\\bin"
          ]
        },
        {
          "name" : "FIXTURES_REQUIRED",
          "value" : 
          [
            "contracts_compile"
          ]
        },
        {
          "name" : "LABELS",
          "value" : 
          [
            "D1.02"
          ]
        },
        {
          "name" : "RESOURCE_LOCK",
          "value" : 
          [
            "contracts_compile_build"
          ]
        },
        {
          "name" : "TIMEOUT",
          "value" : 600.0
        },
        {
          "name" : "WORKING_DIRECTORY",
          "value" : "J:/Code/Kernel_v2/build/d1.06-release/tests/compile/contracts"
        }
      ]
    },
    {
      "command" : 
      [
        "J:/Code/Kernel_v2/build/d1.06-release/tests/compile/contracts/Release/ock_contracts_tests.exe",
        "T05.contracts.operation_exact_identity"
      ],
      "config" : "Release",
      "name" : "T05.contracts.operation_exact_identity",
      "properties" : 
      [
        {
          "name" : "ENVIRONMENT",
          "value" : 
          [
            "MSBUILDDISABLENODEREUSE=1"
          ]
        },
        {
          "name" : "ENVIRONMENT_MODIFICATION",
          "value" : 
          [
            "PATH=path_list_prepend:J:\\Code\\Kernel_v2\\build\\msvc-validation\\e8697b7e3597a578\\bin"
          ]
        },
        {
          "name" : "LABELS",
          "value" : 
          [
            "D1.02"
          ]
        },
        {
          "name" : "TIMEOUT",
          "value" : 180.0
        },
        {
          "name" : "WORKING_DIRECTORY",
          "value" : "J:/Code/Kernel_v2/build/d1.06-release/tests/compile/contracts"
        }
      ]
    },
    {
      "command" : 
      [
        "J:/Code/Kernel_v2/build/runtime/python311/python.exe",
        "-X",
        "utf8",
        "J:\\Code\\Kernel_v2\\tests\\compile\\contracts\\verify_children.py",
        "--case",
        "T05.contracts.typed_binding_fingerprint",
        "--binary",
        "J:/Code/Kernel_v2/build/d1.06-release/tests/compile/contracts/Release/ock_contracts_tests.exe",
        "--includes",
        "J:/Code/Kernel_v2/packages/contracts/include|J:/Code/Kernel_v2/packages/foundation/include|J:/Code/Kernel_v2/build/d0.06-a/cache/sources/expected-fe3b18aecb84/include",
        "--generator",
        "Visual Studio 17 2022",
        "--platform",
        "x64",
        "--toolset",
        "v143,version=14.44.35207",
        "--sdk",
        "10.0.26100.0",
        "--config",
        "Release",
        "--work",
        "J:/Code/Kernel_v2/build/d1.06-release/tests/compile/contracts/child-runs",
        "--runtime-dir",
        "J:/Code/Kernel_v2/build/msvc-validation/e8697b7e3597a578/bin",
        "--profile",
        "J:/Code/Kernel_v2/build/d1.06-release/tests/compile/contracts/compile-profile-Release.txt",
        "--fixture",
        "J:/Code/Kernel_v2/build/d1.06-release/tests/compile/contracts/child-runs/fixtures/0219b0872015c1b94792915c",
        "--run-id",
        "0219b0872015c1b94792915c"
      ],
      "config" : "Release",
      "name" : "T05.contracts.typed_binding_fingerprint",
      "properties" : 
      [
        {
          "name" : "DEPENDS",
          "value" : 
          [
            "T02.contracts.compile_fixture_setup"
          ]
        },
        {
          "name" : "ENVIRONMENT",
          "value" : 
          [
            "MSBUILDDISABLENODEREUSE=1"
          ]
        },
        {
          "name" : "ENVIRONMENT_MODIFICATION",
          "value" : 
          [
            "PATH=path_list_prepend:J:\\Code\\Kernel_v2\\build\\msvc-validation\\e8697b7e3597a578\\bin"
          ]
        },
        {
          "name" : "FIXTURES_REQUIRED",
          "value" : 
          [
            "contracts_compile"
          ]
        },
        {
          "name" : "LABELS",
          "value" : 
          [
            "D1.02"
          ]
        },
        {
          "name" : "RESOURCE_LOCK",
          "value" : 
          [
            "contracts_compile_build"
          ]
        },
        {
          "name" : "TIMEOUT",
          "value" : 600.0
        },
        {
          "name" : "WORKING_DIRECTORY",
          "value" : "J:/Code/Kernel_v2/build/d1.06-release/tests/compile/contracts"
        }
      ]
    },
    {
      "command" : 
      [
        "J:/Code/Kernel_v2/build/d1.06-release/tests/compile/contracts/Release/ock_contracts_tests.exe",
        "T05.contracts.binding_generation_before_access"
      ],
      "config" : "Release",
      "name" : "T05.contracts.binding_generation_before_access",
      "properties" : 
      [
        {
          "name" : "ENVIRONMENT",
          "value" : 
          [
            "MSBUILDDISABLENODEREUSE=1"
          ]
        },
        {
          "name" : "ENVIRONMENT_MODIFICATION",
          "value" : 
          [
            "PATH=path_list_prepend:J:\\Code\\Kernel_v2\\build\\msvc-validation\\e8697b7e3597a578\\bin"
          ]
        },
        {
          "name" : "LABELS",
          "value" : 
          [
            "D1.02"
          ]
        },
        {
          "name" : "TIMEOUT",
          "value" : 180.0
        },
        {
          "name" : "WORKING_DIRECTORY",
          "value" : "J:/Code/Kernel_v2/build/d1.06-release/tests/compile/contracts"
        }
      ]
    },
    {
      "command" : 
      [
        "J:/Code/Kernel_v2/build/d1.06-release/tests/compile/contracts/Release/ock_contracts_tests.exe",
        "T05.contracts.binding_owner_lifetime"
      ],
      "config" : "Release",
      "name" : "T05.contracts.binding_owner_lifetime",
      "properties" : 
      [
        {
          "name" : "ENVIRONMENT",
          "value" : 
          [
            "MSBUILDDISABLENODEREUSE=1"
          ]
        },
        {
          "name" : "ENVIRONMENT_MODIFICATION",
          "value" : 
          [
            "PATH=path_list_prepend:J:\\Code\\Kernel_v2\\build\\msvc-validation\\e8697b7e3597a578\\bin"
          ]
        },
        {
          "name" : "LABELS",
          "value" : 
          [
            "D1.02"
          ]
        },
        {
          "name" : "TIMEOUT",
          "value" : 180.0
        },
        {
          "name" : "WORKING_DIRECTORY",
          "value" : "J:/Code/Kernel_v2/build/d1.06-release/tests/compile/contracts"
        }
      ]
    },
    {
      "command" : 
      [
        "J:/Code/Kernel_v2/build/d1.06-release/tests/compile/contracts/Release/ock_contracts_tests.exe",
        "T05.contracts.execution_identity_separation"
      ],
      "config" : "Release",
      "name" : "T05.contracts.execution_identity_separation",
      "properties" : 
      [
        {
          "name" : "ENVIRONMENT",
          "value" : 
          [
            "MSBUILDDISABLENODEREUSE=1"
          ]
        },
        {
          "name" : "ENVIRONMENT_MODIFICATION",
          "value" : 
          [
            "PATH=path_list_prepend:J:\\Code\\Kernel_v2\\build\\msvc-validation\\e8697b7e3597a578\\bin"
          ]
        },
        {
          "name" : "LABELS",
          "value" : 
          [
            "D1.02"
          ]
        },
        {
          "name" : "TIMEOUT",
          "value" : 180.0
        },
        {
          "name" : "WORKING_DIRECTORY",
          "value" : "J:/Code/Kernel_v2/build/d1.06-release/tests/compile/contracts"
        }
      ]
    },
    {
      "command" : 
      [
        "J:/Code/Kernel_v2/build/d1.06-release/tests/compile/contracts/Release/ock_contracts_tests.exe",
        "T06.contracts.outcome_closed_variants"
      ],
      "config" : "Release",
      "name" : "T06.contracts.outcome_closed_variants",
      "properties" : 
      [
        {
          "name" : "ENVIRONMENT",
          "value" : 
          [
            "MSBUILDDISABLENODEREUSE=1"
          ]
        },
        {
          "name" : "ENVIRONMENT_MODIFICATION",
          "value" : 
          [
            "PATH=path_list_prepend:J:\\Code\\Kernel_v2\\build\\msvc-validation\\e8697b7e3597a578\\bin"
          ]
        },
        {
          "name" : "LABELS",
          "value" : 
          [
            "D1.02"
          ]
        },
        {
          "name" : "TIMEOUT",
          "value" : 180.0
        },
        {
          "name" : "WORKING_DIRECTORY",
          "value" : "J:/Code/Kernel_v2/build/d1.06-release/tests/compile/contracts"
        }
      ]
    },
    {
      "command" : 
      [
        "J:/Code/Kernel_v2/build/d1.06-release/tests/compile/contracts/Release/ock_contracts_tests.exe",
        "T06.contracts.known_facts_append_only"
      ],
      "config" : "Release",
      "name" : "T06.contracts.known_facts_append_only",
      "properties" : 
      [
        {
          "name" : "ENVIRONMENT",
          "value" : 
          [
            "MSBUILDDISABLENODEREUSE=1"
          ]
        },
        {
          "name" : "ENVIRONMENT_MODIFICATION",
          "value" : 
          [
            "PATH=path_list_prepend:J:\\Code\\Kernel_v2\\build\\msvc-validation\\e8697b7e3597a578\\bin"
          ]
        },
        {
          "name" : "LABELS",
          "value" : 
          [
            "D1.02"
          ]
        },
        {
          "name" : "TIMEOUT",
          "value" : 180.0
        },
        {
          "name" : "WORKING_DIRECTORY",
          "value" : "J:/Code/Kernel_v2/build/d1.06-release/tests/compile/contracts"
        }
      ]
    },
    {
      "command" : 
      [
        "J:/Code/Kernel_v2/build/d1.06-release/tests/compile/contracts/Release/ock_contracts_tests.exe",
        "T06.contracts.publication_proof_required"
      ],
      "config" : "Release",
      "name" : "T06.contracts.publication_proof_required",
      "properties" : 
      [
        {
          "name" : "ENVIRONMENT",
          "value" : 
          [
            "MSBUILDDISABLENODEREUSE=1"
          ]
        },
        {
          "name" : "ENVIRONMENT_MODIFICATION",
          "value" : 
          [
            "PATH=path_list_prepend:J:\\Code\\Kernel_v2\\build\\msvc-validation\\e8697b7e3597a578\\bin"
          ]
        },
        {
          "name" : "LABELS",
          "value" : 
          [
            "D1.02"
          ]
        },
        {
          "name" : "TIMEOUT",
          "value" : 180.0
        },
        {
          "name" : "WORKING_DIRECTORY",
          "value" : "J:/Code/Kernel_v2/build/d1.06-release/tests/compile/contracts"
        }
      ]
    },
    {
      "command" : 
      [
        "J:/Code/Kernel_v2/build/d1.06-release/tests/compile/contracts/Release/ock_contracts_tests.exe",
        "T06.contracts.effect_report_preserves_fact"
      ],
      "config" : "Release",
      "name" : "T06.contracts.effect_report_preserves_fact",
      "properties" : 
      [
        {
          "name" : "ENVIRONMENT",
          "value" : 
          [
            "MSBUILDDISABLENODEREUSE=1"
          ]
        },
        {
          "name" : "ENVIRONMENT_MODIFICATION",
          "value" : 
          [
            "PATH=path_list_prepend:J:\\Code\\Kernel_v2\\build\\msvc-validation\\e8697b7e3597a578\\bin"
          ]
        },
        {
          "name" : "LABELS",
          "value" : 
          [
            "D1.02"
          ]
        },
        {
          "name" : "TIMEOUT",
          "value" : 180.0
        },
        {
          "name" : "WORKING_DIRECTORY",
          "value" : "J:/Code/Kernel_v2/build/d1.06-release/tests/compile/contracts"
        }
      ]
    },
    {
      "command" : 
      [
        "J:/Code/Kernel_v2/build/d1.06-release/tests/compile/contracts/Release/ock_contracts_tests.exe",
        "T06.contracts.lifecycle_report_preserves_state"
      ],
      "config" : "Release",
      "name" : "T06.contracts.lifecycle_report_preserves_state",
      "properties" : 
      [
        {
          "name" : "ENVIRONMENT",
          "value" : 
          [
            "MSBUILDDISABLENODEREUSE=1"
          ]
        },
        {
          "name" : "ENVIRONMENT_MODIFICATION",
          "value" : 
          [
            "PATH=path_list_prepend:J:\\Code\\Kernel_v2\\build\\msvc-validation\\e8697b7e3597a578\\bin"
          ]
        },
        {
          "name" : "LABELS",
          "value" : 
          [
            "D1.02"
          ]
        },
        {
          "name" : "TIMEOUT",
          "value" : 180.0
        },
        {
          "name" : "WORKING_DIRECTORY",
          "value" : "J:/Code/Kernel_v2/build/d1.06-release/tests/compile/contracts"
        }
      ]
    },
    {
      "command" : 
      [
        "J:/Code/Kernel_v2/build/d1.06-release/tests/compile/contracts/Release/ock_contracts_tests.exe",
        "T06.contracts.before_apply_and_composite_proofs"
      ],
      "config" : "Release",
      "name" : "T06.contracts.before_apply_and_composite_proofs",
      "properties" : 
      [
        {
          "name" : "ENVIRONMENT",
          "value" : 
          [
            "MSBUILDDISABLENODEREUSE=1"
          ]
        },
        {
          "name" : "ENVIRONMENT_MODIFICATION",
          "value" : 
          [
            "PATH=path_list_prepend:J:\\Code\\Kernel_v2\\build\\msvc-validation\\e8697b7e3597a578\\bin"
          ]
        },
        {
          "name" : "LABELS",
          "value" : 
          [
            "D1.02"
          ]
        },
        {
          "name" : "TIMEOUT",
          "value" : 180.0
        },
        {
          "name" : "WORKING_DIRECTORY",
          "value" : "J:/Code/Kernel_v2/build/d1.06-release/tests/compile/contracts"
        }
      ]
    },
    {
      "command" : 
      [
        "J:/Code/Kernel_v2/build/d1.06-release/tests/compile/contracts/Release/ock_contracts_tests.exe",
        "T06.contracts.reply_phase_completion_separation"
      ],
      "config" : "Release",
      "name" : "T06.contracts.reply_phase_completion_separation",
      "properties" : 
      [
        {
          "name" : "ENVIRONMENT",
          "value" : 
          [
            "MSBUILDDISABLENODEREUSE=1"
          ]
        },
        {
          "name" : "ENVIRONMENT_MODIFICATION",
          "value" : 
          [
            "PATH=path_list_prepend:J:\\Code\\Kernel_v2\\build\\msvc-validation\\e8697b7e3597a578\\bin"
          ]
        },
        {
          "name" : "LABELS",
          "value" : 
          [
            "D1.02"
          ]
        },
        {
          "name" : "TIMEOUT",
          "value" : 180.0
        },
        {
          "name" : "WORKING_DIRECTORY",
          "value" : "J:/Code/Kernel_v2/build/d1.06-release/tests/compile/contracts"
        }
      ]
    },
    {
      "command" : 
      [
        "J:/Code/Kernel_v2/build/d1.06-release/tests/compile/contracts/Release/ock_contracts_tests.exe",
        "T06.contracts.executor_inline_ownership"
      ],
      "config" : "Release",
      "name" : "T06.contracts.executor_inline_ownership",
      "properties" : 
      [
        {
          "name" : "ENVIRONMENT",
          "value" : 
          [
            "MSBUILDDISABLENODEREUSE=1"
          ]
        },
        {
          "name" : "ENVIRONMENT_MODIFICATION",
          "value" : 
          [
            "PATH=path_list_prepend:J:\\Code\\Kernel_v2\\build\\msvc-validation\\e8697b7e3597a578\\bin"
          ]
        },
        {
          "name" : "LABELS",
          "value" : 
          [
            "D1.02"
          ]
        },
        {
          "name" : "TIMEOUT",
          "value" : 180.0
        },
        {
          "name" : "WORKING_DIRECTORY",
          "value" : "J:/Code/Kernel_v2/build/d1.06-release/tests/compile/contracts"
        }
      ]
    },
    {
      "command" : 
      [
        "J:/Code/Kernel_v2/build/runtime/python311/python.exe",
        "-X",
        "utf8",
        "J:\\Code\\Kernel_v2\\tests\\compile\\contracts\\verify_children.py",
        "--case",
        "T06.contracts.executor_reject_exception_cleanup",
        "--binary",
        "J:/Code/Kernel_v2/build/d1.06-release/tests/compile/contracts/Release/ock_contracts_tests.exe",
        "--includes",
        "J:/Code/Kernel_v2/packages/contracts/include|J:/Code/Kernel_v2/packages/foundation/include|J:/Code/Kernel_v2/build/d0.06-a/cache/sources/expected-fe3b18aecb84/include",
        "--generator",
        "Visual Studio 17 2022",
        "--platform",
        "x64",
        "--toolset",
        "v143,version=14.44.35207",
        "--sdk",
        "10.0.26100.0",
        "--config",
        "Release",
        "--work",
        "J:/Code/Kernel_v2/build/d1.06-release/tests/compile/contracts/child-runs",
        "--runtime-dir",
        "J:/Code/Kernel_v2/build/msvc-validation/e8697b7e3597a578/bin",
        "--profile",
        "J:/Code/Kernel_v2/build/d1.06-release/tests/compile/contracts/compile-profile-Release.txt",
        "--fixture",
        "J:/Code/Kernel_v2/build/d1.06-release/tests/compile/contracts/child-runs/fixtures/0219b0872015c1b94792915c",
        "--run-id",
        "0219b0872015c1b94792915c"
      ],
      "config" : "Release",
      "name" : "T06.contracts.executor_reject_exception_cleanup",
      "properties" : 
      [
        {
          "name" : "ENVIRONMENT",
          "value" : 
          [
            "MSBUILDDISABLENODEREUSE=1"
          ]
        },
        {
          "name" : "ENVIRONMENT_MODIFICATION",
          "value" : 
          [
            "PATH=path_list_prepend:J:\\Code\\Kernel_v2\\build\\msvc-validation\\e8697b7e3597a578\\bin"
          ]
        },
        {
          "name" : "LABELS",
          "value" : 
          [
            "D1.02"
          ]
        },
        {
          "name" : "TIMEOUT",
          "value" : 600.0
        },
        {
          "name" : "WORKING_DIRECTORY",
          "value" : "J:/Code/Kernel_v2/build/d1.06-release/tests/compile/contracts"
        }
      ]
    },
    {
      "command" : 
      [
        "J:/Code/Kernel_v2/build/d1.06-release/tests/compile/contracts/Release/ock_contracts_tests.exe",
        "T06.contracts.completion_once_and_drain"
      ],
      "config" : "Release",
      "name" : "T06.contracts.completion_once_and_drain",
      "properties" : 
      [
        {
          "name" : "ENVIRONMENT",
          "value" : 
          [
            "MSBUILDDISABLENODEREUSE=1"
          ]
        },
        {
          "name" : "ENVIRONMENT_MODIFICATION",
          "value" : 
          [
            "PATH=path_list_prepend:J:\\Code\\Kernel_v2\\build\\msvc-validation\\e8697b7e3597a578\\bin"
          ]
        },
        {
          "name" : "LABELS",
          "value" : 
          [
            "D1.02"
          ]
        },
        {
          "name" : "TIMEOUT",
          "value" : 180.0
        },
        {
          "name" : "WORKING_DIRECTORY",
          "value" : "J:/Code/Kernel_v2/build/d1.06-release/tests/compile/contracts"
        }
      ]
    },
    {
      "command" : 
      [
        "J:/Code/Kernel_v2/build/d1.06-release/tests/compile/contracts/Release/ock_contracts_tests.exe",
        "T06.contracts.atomic_prepared_identity"
      ],
      "config" : "Release",
      "name" : "T06.contracts.atomic_prepared_identity",
      "properties" : 
      [
        {
          "name" : "ENVIRONMENT",
          "value" : 
          [
            "MSBUILDDISABLENODEREUSE=1"
          ]
        },
        {
          "name" : "ENVIRONMENT_MODIFICATION",
          "value" : 
          [
            "PATH=path_list_prepend:J:\\Code\\Kernel_v2\\build\\msvc-validation\\e8697b7e3597a578\\bin"
          ]
        },
        {
          "name" : "LABELS",
          "value" : 
          [
            "D1.02"
          ]
        },
        {
          "name" : "TIMEOUT",
          "value" : 180.0
        },
        {
          "name" : "WORKING_DIRECTORY",
          "value" : "J:/Code/Kernel_v2/build/d1.06-release/tests/compile/contracts"
        }
      ]
    },
    {
      "command" : 
      [
        "J:/Code/Kernel_v2/build/d1.06-release/tests/compile/contracts/Release/ock_contracts_tests.exe",
        "T06.contracts.record_evidence_boundary"
      ],
      "config" : "Release",
      "name" : "T06.contracts.record_evidence_boundary",
      "properties" : 
      [
        {
          "name" : "ENVIRONMENT",
          "value" : 
          [
            "MSBUILDDISABLENODEREUSE=1"
          ]
        },
        {
          "name" : "ENVIRONMENT_MODIFICATION",
          "value" : 
          [
            "PATH=path_list_prepend:J:\\Code\\Kernel_v2\\build\\msvc-validation\\e8697b7e3597a578\\bin"
          ]
        },
        {
          "name" : "LABELS",
          "value" : 
          [
            "D1.02"
          ]
        },
        {
          "name" : "TIMEOUT",
          "value" : 180.0
        },
        {
          "name" : "WORKING_DIRECTORY",
          "value" : "J:/Code/Kernel_v2/build/d1.06-release/tests/compile/contracts"
        }
      ]
    },
    {
      "command" : 
      [
        "J:/Code/Kernel_v2/build/d1.06-release/tests/compile/contracts/Release/ock_contracts_tests.exe",
        "T19.contracts.summary_owned_snapshot"
      ],
      "config" : "Release",
      "name" : "T19.contracts.summary_owned_snapshot",
      "properties" : 
      [
        {
          "name" : "ENVIRONMENT",
          "value" : 
          [
            "MSBUILDDISABLENODEREUSE=1"
          ]
        },
        {
          "name" : "ENVIRONMENT_MODIFICATION",
          "value" : 
          [
            "PATH=path_list_prepend:J:\\Code\\Kernel_v2\\build\\msvc-validation\\e8697b7e3597a578\\bin"
          ]
        },
        {
          "name" : "LABELS",
          "value" : 
          [
            "D1.02"
          ]
        },
        {
          "name" : "TIMEOUT",
          "value" : 180.0
        },
        {
          "name" : "WORKING_DIRECTORY",
          "value" : "J:/Code/Kernel_v2/build/d1.06-release/tests/compile/contracts"
        }
      ]
    },
    {
      "command" : 
      [
        "J:/Code/Kernel_v2/build/d1.06-release/tests/compile/contracts/Release/ock_contracts_tests.exe",
        "T19.contracts.observation_host_version"
      ],
      "config" : "Release",
      "name" : "T19.contracts.observation_host_version",
      "properties" : 
      [
        {
          "name" : "ENVIRONMENT",
          "value" : 
          [
            "MSBUILDDISABLENODEREUSE=1"
          ]
        },
        {
          "name" : "ENVIRONMENT_MODIFICATION",
          "value" : 
          [
            "PATH=path_list_prepend:J:\\Code\\Kernel_v2\\build\\msvc-validation\\e8697b7e3597a578\\bin"
          ]
        },
        {
          "name" : "LABELS",
          "value" : 
          [
            "D1.02"
          ]
        },
        {
          "name" : "TIMEOUT",
          "value" : 180.0
        },
        {
          "name" : "WORKING_DIRECTORY",
          "value" : "J:/Code/Kernel_v2/build/d1.06-release/tests/compile/contracts"
        }
      ]
    },
    {
      "command" : 
      [
        "J:/Code/Kernel_v2/build/d1.06-release/tests/compile/contracts/Release/ock_contracts_tests.exe",
        "T19.contracts.observation_budgets"
      ],
      "config" : "Release",
      "name" : "T19.contracts.observation_budgets",
      "properties" : 
      [
        {
          "name" : "ENVIRONMENT",
          "value" : 
          [
            "MSBUILDDISABLENODEREUSE=1"
          ]
        },
        {
          "name" : "ENVIRONMENT_MODIFICATION",
          "value" : 
          [
            "PATH=path_list_prepend:J:\\Code\\Kernel_v2\\build\\msvc-validation\\e8697b7e3597a578\\bin"
          ]
        },
        {
          "name" : "LABELS",
          "value" : 
          [
            "D1.02"
          ]
        },
        {
          "name" : "TIMEOUT",
          "value" : 180.0
        },
        {
          "name" : "WORKING_DIRECTORY",
          "value" : "J:/Code/Kernel_v2/build/d1.06-release/tests/compile/contracts"
        }
      ]
    },
    {
      "command" : 
      [
        "J:/Code/Kernel_v2/build/d1.06-release/tests/compile/contracts/Release/ock_contracts_tests.exe",
        "T19.contracts.authorized_owner_filter"
      ],
      "config" : "Release",
      "name" : "T19.contracts.authorized_owner_filter",
      "properties" : 
      [
        {
          "name" : "ENVIRONMENT",
          "value" : 
          [
            "MSBUILDDISABLENODEREUSE=1"
          ]
        },
        {
          "name" : "ENVIRONMENT_MODIFICATION",
          "value" : 
          [
            "PATH=path_list_prepend:J:\\Code\\Kernel_v2\\build\\msvc-validation\\e8697b7e3597a578\\bin"
          ]
        },
        {
          "name" : "LABELS",
          "value" : 
          [
            "D1.02"
          ]
        },
        {
          "name" : "TIMEOUT",
          "value" : 180.0
        },
        {
          "name" : "WORKING_DIRECTORY",
          "value" : "J:/Code/Kernel_v2/build/d1.06-release/tests/compile/contracts"
        }
      ]
    },
    {
      "command" : 
      [
        "J:/Code/Kernel_v2/build/d1.06-release/tests/compile/contracts/Release/ock_contracts_tests.exe",
        "T19.contracts.completion_independent_of_observation"
      ],
      "config" : "Release",
      "name" : "T19.contracts.completion_independent_of_observation",
      "properties" : 
      [
        {
          "name" : "ENVIRONMENT",
          "value" : 
          [
            "MSBUILDDISABLENODEREUSE=1"
          ]
        },
        {
          "name" : "ENVIRONMENT_MODIFICATION",
          "value" : 
          [
            "PATH=path_list_prepend:J:\\Code\\Kernel_v2\\build\\msvc-validation\\e8697b7e3597a578\\bin"
          ]
        },
        {
          "name" : "LABELS",
          "value" : 
          [
            "D1.02"
          ]
        },
        {
          "name" : "TIMEOUT",
          "value" : 180.0
        },
        {
          "name" : "WORKING_DIRECTORY",
          "value" : "J:/Code/Kernel_v2/build/d1.06-release/tests/compile/contracts"
        }
      ]
    },
    {
      "command" : 
      [
        "J:/Code/Kernel_v2/build/d1.06-release/tests/compile/contracts/Release/ock_contracts_tests.exe",
        "T19.contracts.live_keyset_progress"
      ],
      "config" : "Release",
      "name" : "T19.contracts.live_keyset_progress",
      "properties" : 
      [
        {
          "name" : "ENVIRONMENT",
          "value" : 
          [
            "MSBUILDDISABLENODEREUSE=1"
          ]
        },
        {
          "name" : "ENVIRONMENT_MODIFICATION",
          "value" : 
          [
            "PATH=path_list_prepend:J:\\Code\\Kernel_v2\\build\\msvc-validation\\e8697b7e3597a578\\bin"
          ]
        },
        {
          "name" : "LABELS",
          "value" : 
          [
            "D1.02"
          ]
        },
        {
          "name" : "TIMEOUT",
          "value" : 180.0
        },
        {
          "name" : "WORKING_DIRECTORY",
          "value" : "J:/Code/Kernel_v2/build/d1.06-release/tests/compile/contracts"
        }
      ]
    },
    {
      "command" : 
      [
        "J:/Code/Kernel_v2/build/d1.06-release/tests/contract/registration/Release/ock_registration_tests.exe",
        "T02.registration.atomic_candidate_contract"
      ],
      "config" : "Release",
      "name" : "T02.registration.atomic_candidate_contract",
      "properties" : 
      [
        {
          "name" : "ENVIRONMENT",
          "value" : 
          [
            "MSBUILDDISABLENODEREUSE=1"
          ]
        },
        {
          "name" : "ENVIRONMENT_MODIFICATION",
          "value" : 
          [
            "PATH=path_list_prepend:J:/Code/Kernel_v2/build/msvc-validation/e8697b7e3597a578/bin"
          ]
        },
        {
          "name" : "LABELS",
          "value" : 
          [
            "D1.03"
          ]
        },
        {
          "name" : "TIMEOUT",
          "value" : 600.0
        },
        {
          "name" : "WORKING_DIRECTORY",
          "value" : "J:/Code/Kernel_v2/build/d1.06-release/tests/contract/registration"
        }
      ]
    },
    {
      "command" : 
      [
        "J:/Code/Kernel_v2/build/d1.06-release/tests/contract/registration/Release/ock_registration_tests.exe",
        "T02.registration.batch_k_failure_atomic"
      ],
      "config" : "Release",
      "name" : "T02.registration.batch_k_failure_atomic",
      "properties" : 
      [
        {
          "name" : "ENVIRONMENT",
          "value" : 
          [
            "MSBUILDDISABLENODEREUSE=1"
          ]
        },
        {
          "name" : "ENVIRONMENT_MODIFICATION",
          "value" : 
          [
            "PATH=path_list_prepend:J:/Code/Kernel_v2/build/msvc-validation/e8697b7e3597a578/bin"
          ]
        },
        {
          "name" : "LABELS",
          "value" : 
          [
            "D1.03"
          ]
        },
        {
          "name" : "TIMEOUT",
          "value" : 600.0
        },
        {
          "name" : "WORKING_DIRECTORY",
          "value" : "J:/Code/Kernel_v2/build/d1.06-release/tests/contract/registration"
        }
      ]
    },
    {
      "command" : 
      [
        "J:/Code/Kernel_v2/build/d1.06-release/tests/contract/registration/Release/ock_registration_tests.exe",
        "T02.registration.callback_exception_cleanup"
      ],
      "config" : "Release",
      "name" : "T02.registration.callback_exception_cleanup",
      "properties" : 
      [
        {
          "name" : "ENVIRONMENT",
          "value" : 
          [
            "MSBUILDDISABLENODEREUSE=1"
          ]
        },
        {
          "name" : "ENVIRONMENT_MODIFICATION",
          "value" : 
          [
            "PATH=path_list_prepend:J:/Code/Kernel_v2/build/msvc-validation/e8697b7e3597a578/bin"
          ]
        },
        {
          "name" : "LABELS",
          "value" : 
          [
            "D1.03"
          ]
        },
        {
          "name" : "TIMEOUT",
          "value" : 600.0
        },
        {
          "name" : "WORKING_DIRECTORY",
          "value" : "J:/Code/Kernel_v2/build/d1.06-release/tests/contract/registration"
        }
      ]
    },
    {
      "command" : 
      [
        "J:/Code/Kernel_v2/build/d1.06-release/tests/contract/registration/Release/ock_registration_tests.exe",
        "T02.registration.declared_operations_complete"
      ],
      "config" : "Release",
      "name" : "T02.registration.declared_operations_complete",
      "properties" : 
      [
        {
          "name" : "ENVIRONMENT",
          "value" : 
          [
            "MSBUILDDISABLENODEREUSE=1"
          ]
        },
        {
          "name" : "ENVIRONMENT_MODIFICATION",
          "value" : 
          [
            "PATH=path_list_prepend:J:/Code/Kernel_v2/build/msvc-validation/e8697b7e3597a578/bin"
          ]
        },
        {
          "name" : "LABELS",
          "value" : 
          [
            "D1.03"
          ]
        },
        {
          "name" : "TIMEOUT",
          "value" : 600.0
        },
        {
          "name" : "WORKING_DIRECTORY",
          "value" : "J:/Code/Kernel_v2/build/d1.06-release/tests/contract/registration"
        }
      ]
    },
    {
      "command" : 
      [
        "J:/Code/Kernel_v2/build/d1.06-release/tests/contract/registration/Release/ock_registration_tests.exe",
        "T02.registration.error_budget_sticky"
      ],
      "config" : "Release",
      "name" : "T02.registration.error_budget_sticky",
      "properties" : 
      [
        {
          "name" : "ENVIRONMENT",
          "value" : 
          [
            "MSBUILDDISABLENODEREUSE=1"
          ]
        },
        {
          "name" : "ENVIRONMENT_MODIFICATION",
          "value" : 
          [
            "PATH=path_list_prepend:J:/Code/Kernel_v2/build/msvc-validation/e8697b7e3597a578/bin"
          ]
        },
        {
          "name" : "LABELS",
          "value" : 
          [
            "D1.03"
          ]
        },
        {
          "name" : "TIMEOUT",
          "value" : 600.0
        },
        {
          "name" : "WORKING_DIRECTORY",
          "value" : "J:/Code/Kernel_v2/build/d1.06-release/tests/contract/registration"
        }
      ]
    },
    {
      "command" : 
      [
        "J:/Code/Kernel_v2/build/d1.06-release/tests/contract/registration/Release/ock_registration_tests.exe",
        "T02.registration.exact_operation_versions"
      ],
      "config" : "Release",
      "name" : "T02.registration.exact_operation_versions",
      "properties" : 
      [
        {
          "name" : "ENVIRONMENT",
          "value" : 
          [
            "MSBUILDDISABLENODEREUSE=1"
          ]
        },
        {
          "name" : "ENVIRONMENT_MODIFICATION",
          "value" : 
          [
            "PATH=path_list_prepend:J:/Code/Kernel_v2/build/msvc-validation/e8697b7e3597a578/bin"
          ]
        },
        {
          "name" : "LABELS",
          "value" : 
          [
            "D1.03"
          ]
        },
        {
          "name" : "TIMEOUT",
          "value" : 600.0
        },
        {
          "name" : "WORKING_DIRECTORY",
          "value" : "J:/Code/Kernel_v2/build/d1.06-release/tests/contract/registration"
        }
      ]
    },
    {
      "command" : 
      [
        "J:/Code/Kernel_v2/build/d1.06-release/tests/contract/registration/Release/ock_registration_tests.exe",
        "T02.registration.execution_capabilities"
      ],
      "config" : "Release",
      "name" : "T02.registration.execution_capabilities",
      "properties" : 
      [
        {
          "name" : "ENVIRONMENT",
          "value" : 
          [
            "MSBUILDDISABLENODEREUSE=1"
          ]
        },
        {
          "name" : "ENVIRONMENT_MODIFICATION",
          "value" : 
          [
            "PATH=path_list_prepend:J:/Code/Kernel_v2/build/msvc-validation/e8697b7e3597a578/bin"
          ]
        },
        {
          "name" : "LABELS",
          "value" : 
          [
            "D1.03"
          ]
        },
        {
          "name" : "TIMEOUT",
          "value" : 600.0
        },
        {
          "name" : "WORKING_DIRECTORY",
          "value" : "J:/Code/Kernel_v2/build/d1.06-release/tests/contract/registration"
        }
      ]
    },
    {
      "command" : 
      [
        "J:/Code/Kernel_v2/build/d1.06-release/tests/contract/registration/Release/ock_registration_tests.exe",
        "T02.registration.ignored_errors_sticky"
      ],
      "config" : "Release",
      "name" : "T02.registration.ignored_errors_sticky",
      "properties" : 
      [
        {
          "name" : "ENVIRONMENT",
          "value" : 
          [
            "MSBUILDDISABLENODEREUSE=1"
          ]
        },
        {
          "name" : "ENVIRONMENT_MODIFICATION",
          "value" : 
          [
            "PATH=path_list_prepend:J:/Code/Kernel_v2/build/msvc-validation/e8697b7e3597a578/bin"
          ]
        },
        {
          "name" : "LABELS",
          "value" : 
          [
            "D1.03"
          ]
        },
        {
          "name" : "TIMEOUT",
          "value" : 600.0
        },
        {
          "name" : "WORKING_DIRECTORY",
          "value" : "J:/Code/Kernel_v2/build/d1.06-release/tests/contract/registration"
        }
      ]
    },
    {
      "command" : 
      [
        "J:/Code/Kernel_v2/build/runtime/python311/python.exe",
        "-X",
        "utf8",
        "J:\\Code\\Kernel_v2\\tests\\contract\\registration\\verify_children.py",
        "--case",
        "T02.registration.manifest_owned_budget",
        "--binary",
        "J:/Code/Kernel_v2/build/d1.06-release/tests/contract/registration/Release/ock_registration_tests.exe",
        "--runtime-dir",
        "J:/Code/Kernel_v2/build/msvc-validation/e8697b7e3597a578/bin",
        "--includes",
        "J:/Code/Kernel_v2|J:/Code/Kernel_v2/tests/compile/contracts|J:/Code/Kernel_v2/packages/runtime/include|J:/Code/Kernel_v2/packages/contracts/include|J:/Code/Kernel_v2/packages/foundation/include|J:/Code/Kernel_v2/build/d0.06-a/cache/sources/expected-fe3b18aecb84/include",
        "--generator",
        "Visual Studio 17 2022",
        "--platform",
        "x64",
        "--toolset",
        "v143,version=14.44.35207",
        "--sdk",
        "10.0.26100.0",
        "--config",
        "Release",
        "--work",
        "J:/Code/Kernel_v2/build/d1.06-release/tests/contract/registration/child-runs",
        "--root-build",
        "J:/Code/Kernel_v2/build/d1.06-release",
        "--target-metadata",
        "J:/Code/Kernel_v2/build/d1.06-release/tests/contract/registration/registry-target-Release.json"
      ],
      "config" : "Release",
      "name" : "T02.registration.manifest_owned_budget",
      "properties" : 
      [
        {
          "name" : "ENVIRONMENT",
          "value" : 
          [
            "MSBUILDDISABLENODEREUSE=1"
          ]
        },
        {
          "name" : "ENVIRONMENT_MODIFICATION",
          "value" : 
          [
            "PATH=path_list_prepend:J:/Code/Kernel_v2/build/msvc-validation/e8697b7e3597a578/bin"
          ]
        },
        {
          "name" : "LABELS",
          "value" : 
          [
            "D1.03"
          ]
        },
        {
          "name" : "TIMEOUT",
          "value" : 600.0
        },
        {
          "name" : "WORKING_DIRECTORY",
          "value" : "J:/Code/Kernel_v2/build/d1.06-release/tests/contract/registration"
        }
      ]
    },
    {
      "command" : 
      [
        "J:/Code/Kernel_v2/build/d1.06-release/tests/contract/registration/Release/ock_registration_tests.exe",
        "T02.registration.module_cycles_rejected"
      ],
      "config" : "Release",
      "name" : "T02.registration.module_cycles_rejected",
      "properties" : 
      [
        {
          "name" : "ENVIRONMENT",
          "value" : 
          [
            "MSBUILDDISABLENODEREUSE=1"
          ]
        },
        {
          "name" : "ENVIRONMENT_MODIFICATION",
          "value" : 
          [
            "PATH=path_list_prepend:J:/Code/Kernel_v2/build/msvc-validation/e8697b7e3597a578/bin"
          ]
        },
        {
          "name" : "LABELS",
          "value" : 
          [
            "D1.03"
          ]
        },
        {
          "name" : "TIMEOUT",
          "value" : 600.0
        },
        {
          "name" : "WORKING_DIRECTORY",
          "value" : "J:/Code/Kernel_v2/build/d1.06-release/tests/contract/registration"
        }
      ]
    },
    {
      "command" : 
      [
        "J:/Code/Kernel_v2/build/d1.06-release/tests/contract/registration/Release/ock_registration_tests.exe",
        "T02.registration.module_dag_order"
      ],
      "config" : "Release",
      "name" : "T02.registration.module_dag_order",
      "properties" : 
      [
        {
          "name" : "ENVIRONMENT",
          "value" : 
          [
            "MSBUILDDISABLENODEREUSE=1"
          ]
        },
        {
          "name" : "ENVIRONMENT_MODIFICATION",
          "value" : 
          [
            "PATH=path_list_prepend:J:/Code/Kernel_v2/build/msvc-validation/e8697b7e3597a578/bin"
          ]
        },
        {
          "name" : "LABELS",
          "value" : 
          [
            "D1.03"
          ]
        },
        {
          "name" : "TIMEOUT",
          "value" : 600.0
        },
        {
          "name" : "WORKING_DIRECTORY",
          "value" : "J:/Code/Kernel_v2/build/d1.06-release/tests/contract/registration"
        }
      ]
    },
    {
      "command" : 
      [
        "J:/Code/Kernel_v2/build/d1.06-release/tests/contract/registration/Release/ock_registration_tests.exe",
        "T02.registration.module_identity_versions"
      ],
      "config" : "Release",
      "name" : "T02.registration.module_identity_versions",
      "properties" : 
      [
        {
          "name" : "ENVIRONMENT",
          "value" : 
          [
            "MSBUILDDISABLENODEREUSE=1"
          ]
        },
        {
          "name" : "ENVIRONMENT_MODIFICATION",
          "value" : 
          [
            "PATH=path_list_prepend:J:/Code/Kernel_v2/build/msvc-validation/e8697b7e3597a578/bin"
          ]
        },
        {
          "name" : "LABELS",
          "value" : 
          [
            "D1.03"
          ]
        },
        {
          "name" : "TIMEOUT",
          "value" : 600.0
        },
        {
          "name" : "WORKING_DIRECTORY",
          "value" : "J:/Code/Kernel_v2/build/d1.06-release/tests/contract/registration"
        }
      ]
    },
    {
      "command" : 
      [
        "J:/Code/Kernel_v2/build/d1.06-release/tests/contract/registration/Release/ock_registration_tests.exe",
        "T02.registration.provider_binding"
      ],
      "config" : "Release",
      "name" : "T02.registration.provider_binding",
      "properties" : 
      [
        {
          "name" : "ENVIRONMENT",
          "value" : 
          [
            "MSBUILDDISABLENODEREUSE=1"
          ]
        },
        {
          "name" : "ENVIRONMENT_MODIFICATION",
          "value" : 
          [
            "PATH=path_list_prepend:J:/Code/Kernel_v2/build/msvc-validation/e8697b7e3597a578/bin"
          ]
        },
        {
          "name" : "LABELS",
          "value" : 
          [
            "D1.03"
          ]
        },
        {
          "name" : "TIMEOUT",
          "value" : 600.0
        },
        {
          "name" : "WORKING_DIRECTORY",
          "value" : "J:/Code/Kernel_v2/build/d1.06-release/tests/contract/registration"
        }
      ]
    },
    {
      "command" : 
      [
        "J:/Code/Kernel_v2/build/d1.06-release/tests/contract/registration/Release/ock_registration_tests.exe",
        "T02.registration.schema_capability_absent"
      ],
      "config" : "Release",
      "name" : "T02.registration.schema_capability_absent",
      "properties" : 
      [
        {
          "name" : "ENVIRONMENT",
          "value" : 
          [
            "MSBUILDDISABLENODEREUSE=1"
          ]
        },
        {
          "name" : "ENVIRONMENT_MODIFICATION",
          "value" : 
          [
            "PATH=path_list_prepend:J:/Code/Kernel_v2/build/msvc-validation/e8697b7e3597a578/bin"
          ]
        },
        {
          "name" : "LABELS",
          "value" : 
          [
            "D1.03"
          ]
        },
        {
          "name" : "TIMEOUT",
          "value" : 600.0
        },
        {
          "name" : "WORKING_DIRECTORY",
          "value" : "J:/Code/Kernel_v2/build/d1.06-release/tests/contract/registration"
        }
      ]
    },
    {
      "command" : 
      [
        "J:/Code/Kernel_v2/build/d1.06-release/tests/contract/registration/Release/ock_registration_tests.exe",
        "T02.registration.service_binding"
      ],
      "config" : "Release",
      "name" : "T02.registration.service_binding",
      "properties" : 
      [
        {
          "name" : "ENVIRONMENT",
          "value" : 
          [
            "MSBUILDDISABLENODEREUSE=1"
          ]
        },
        {
          "name" : "ENVIRONMENT_MODIFICATION",
          "value" : 
          [
            "PATH=path_list_prepend:J:/Code/Kernel_v2/build/msvc-validation/e8697b7e3597a578/bin"
          ]
        },
        {
          "name" : "LABELS",
          "value" : 
          [
            "D1.03"
          ]
        },
        {
          "name" : "TIMEOUT",
          "value" : 600.0
        },
        {
          "name" : "WORKING_DIRECTORY",
          "value" : "J:/Code/Kernel_v2/build/d1.06-release/tests/contract/registration"
        }
      ]
    },
    {
      "command" : 
      [
        "J:/Code/Kernel_v2/build/runtime/python311/python.exe",
        "-X",
        "utf8",
        "J:\\Code\\Kernel_v2\\tests\\contract\\registration\\verify_children.py",
        "--case",
        "T02.registration.shape_compile_contract",
        "--binary",
        "J:/Code/Kernel_v2/build/d1.06-release/tests/contract/registration/Release/ock_registration_tests.exe",
        "--runtime-dir",
        "J:/Code/Kernel_v2/build/msvc-validation/e8697b7e3597a578/bin",
        "--includes",
        "J:/Code/Kernel_v2|J:/Code/Kernel_v2/tests/compile/contracts|J:/Code/Kernel_v2/packages/runtime/include|J:/Code/Kernel_v2/packages/contracts/include|J:/Code/Kernel_v2/packages/foundation/include|J:/Code/Kernel_v2/build/d0.06-a/cache/sources/expected-fe3b18aecb84/include",
        "--generator",
        "Visual Studio 17 2022",
        "--platform",
        "x64",
        "--toolset",
        "v143,version=14.44.35207",
        "--sdk",
        "10.0.26100.0",
        "--config",
        "Release",
        "--work",
        "J:/Code/Kernel_v2/build/d1.06-release/tests/contract/registration/child-runs",
        "--root-build",
        "J:/Code/Kernel_v2/build/d1.06-release",
        "--target-metadata",
        "J:/Code/Kernel_v2/build/d1.06-release/tests/contract/registration/registry-target-Release.json"
      ],
      "config" : "Release",
      "name" : "T02.registration.shape_compile_contract",
      "properties" : 
      [
        {
          "name" : "ENVIRONMENT",
          "value" : 
          [
            "MSBUILDDISABLENODEREUSE=1"
          ]
        },
        {
          "name" : "ENVIRONMENT_MODIFICATION",
          "value" : 
          [
            "PATH=path_list_prepend:J:/Code/Kernel_v2/build/msvc-validation/e8697b7e3597a578/bin"
          ]
        },
        {
          "name" : "LABELS",
          "value" : 
          [
            "D1.03"
          ]
        },
        {
          "name" : "TIMEOUT",
          "value" : 600.0
        },
        {
          "name" : "WORKING_DIRECTORY",
          "value" : "J:/Code/Kernel_v2/build/d1.06-release/tests/contract/registration"
        }
      ]
    },
    {
      "command" : 
      [
        "J:/Code/Kernel_v2/build/d1.06-release/tests/contract/registration/Release/ock_registration_tests.exe",
        "T05.registration.exact_fingerprint"
      ],
      "config" : "Release",
      "name" : "T05.registration.exact_fingerprint",
      "properties" : 
      [
        {
          "name" : "ENVIRONMENT",
          "value" : 
          [
            "MSBUILDDISABLENODEREUSE=1"
          ]
        },
        {
          "name" : "ENVIRONMENT_MODIFICATION",
          "value" : 
          [
            "PATH=path_list_prepend:J:/Code/Kernel_v2/build/msvc-validation/e8697b7e3597a578/bin"
          ]
        },
        {
          "name" : "LABELS",
          "value" : 
          [
            "D1.03"
          ]
        },
        {
          "name" : "TIMEOUT",
          "value" : 600.0
        },
        {
          "name" : "WORKING_DIRECTORY",
          "value" : "J:/Code/Kernel_v2/build/d1.06-release/tests/contract/registration"
        }
      ]
    },
    {
      "command" : 
      [
        "J:/Code/Kernel_v2/build/d1.06-release/tests/contract/registration/Release/ock_registration_tests.exe",
        "T05.registration.failure_preserves_catalog"
      ],
      "config" : "Release",
      "name" : "T05.registration.failure_preserves_catalog",
      "properties" : 
      [
        {
          "name" : "ENVIRONMENT",
          "value" : 
          [
            "MSBUILDDISABLENODEREUSE=1"
          ]
        },
        {
          "name" : "ENVIRONMENT_MODIFICATION",
          "value" : 
          [
            "PATH=path_list_prepend:J:/Code/Kernel_v2/build/msvc-validation/e8697b7e3597a578/bin"
          ]
        },
        {
          "name" : "LABELS",
          "value" : 
          [
            "D1.03"
          ]
        },
        {
          "name" : "TIMEOUT",
          "value" : 600.0
        },
        {
          "name" : "WORKING_DIRECTORY",
          "value" : "J:/Code/Kernel_v2/build/d1.06-release/tests/contract/registration"
        }
      ]
    },
    {
      "command" : 
      [
        "J:/Code/Kernel_v2/build/d1.06-release/tests/contract/registration/Release/ock_registration_tests.exe",
        "T05.registration.publish_once_freeze"
      ],
      "config" : "Release",
      "name" : "T05.registration.publish_once_freeze",
      "properties" : 
      [
        {
          "name" : "ENVIRONMENT",
          "value" : 
          [
            "MSBUILDDISABLENODEREUSE=1"
          ]
        },
        {
          "name" : "ENVIRONMENT_MODIFICATION",
          "value" : 
          [
            "PATH=path_list_prepend:J:/Code/Kernel_v2/build/msvc-validation/e8697b7e3597a578/bin"
          ]
        },
        {
          "name" : "LABELS",
          "value" : 
          [
            "D1.03"
          ]
        },
        {
          "name" : "TIMEOUT",
          "value" : 600.0
        },
        {
          "name" : "WORKING_DIRECTORY",
          "value" : "J:/Code/Kernel_v2/build/d1.06-release/tests/contract/registration"
        }
      ]
    },
    {
      "command" : 
      [
        "J:/Code/Kernel_v2/build/d1.06-release/tests/contract/registration/Release/ock_registration_tests.exe",
        "T05.registration.registry_generation"
      ],
      "config" : "Release",
      "name" : "T05.registration.registry_generation",
      "properties" : 
      [
        {
          "name" : "ENVIRONMENT",
          "value" : 
          [
            "MSBUILDDISABLENODEREUSE=1"
          ]
        },
        {
          "name" : "ENVIRONMENT_MODIFICATION",
          "value" : 
          [
            "PATH=path_list_prepend:J:/Code/Kernel_v2/build/msvc-validation/e8697b7e3597a578/bin"
          ]
        },
        {
          "name" : "LABELS",
          "value" : 
          [
            "D1.03"
          ]
        },
        {
          "name" : "TIMEOUT",
          "value" : 600.0
        },
        {
          "name" : "WORKING_DIRECTORY",
          "value" : "J:/Code/Kernel_v2/build/d1.06-release/tests/contract/registration"
        }
      ]
    },
    {
      "command" : 
      [
        "J:/Code/Kernel_v2/build/d1.06-release/tests/contract/registration/Release/ock_registration_tests.exe",
        "T05.registration.snapshot_lifetime"
      ],
      "config" : "Release",
      "name" : "T05.registration.snapshot_lifetime",
      "properties" : 
      [
        {
          "name" : "ENVIRONMENT",
          "value" : 
          [
            "MSBUILDDISABLENODEREUSE=1"
          ]
        },
        {
          "name" : "ENVIRONMENT_MODIFICATION",
          "value" : 
          [
            "PATH=path_list_prepend:J:/Code/Kernel_v2/build/msvc-validation/e8697b7e3597a578/bin"
          ]
        },
        {
          "name" : "LABELS",
          "value" : 
          [
            "D1.03"
          ]
        },
        {
          "name" : "TIMEOUT",
          "value" : 600.0
        },
        {
          "name" : "WORKING_DIRECTORY",
          "value" : "J:/Code/Kernel_v2/build/d1.06-release/tests/contract/registration"
        }
      ]
    },
    {
      "command" : 
      [
        "J:/Code/Kernel_v2/build/d1.06-release/tests/contract/registration/Release/ock_registration_tests.exe",
        "T05.registration.typed_binding_success"
      ],
      "config" : "Release",
      "name" : "T05.registration.typed_binding_success",
      "properties" : 
      [
        {
          "name" : "ENVIRONMENT",
          "value" : 
          [
            "MSBUILDDISABLENODEREUSE=1"
          ]
        },
        {
          "name" : "ENVIRONMENT_MODIFICATION",
          "value" : 
          [
            "PATH=path_list_prepend:J:/Code/Kernel_v2/build/msvc-validation/e8697b7e3597a578/bin"
          ]
        },
        {
          "name" : "LABELS",
          "value" : 
          [
            "D1.03"
          ]
        },
        {
          "name" : "TIMEOUT",
          "value" : 600.0
        },
        {
          "name" : "WORKING_DIRECTORY",
          "value" : "J:/Code/Kernel_v2/build/d1.06-release/tests/contract/registration"
        }
      ]
    },
    {
      "command" : 
      [
        "J:/Code/Kernel_v2/build/runtime/python311/python.exe",
        "-X",
        "utf8",
        "J:\\Code\\Kernel_v2\\tests\\contract\\registration\\verify_children.py",
        "--case",
        "T24.registration.cold_docs_separation",
        "--binary",
        "J:/Code/Kernel_v2/build/d1.06-release/tests/contract/registration/Release/ock_registration_tests.exe",
        "--runtime-dir",
        "J:/Code/Kernel_v2/build/msvc-validation/e8697b7e3597a578/bin",
        "--includes",
        "J:/Code/Kernel_v2|J:/Code/Kernel_v2/tests/compile/contracts|J:/Code/Kernel_v2/packages/runtime/include|J:/Code/Kernel_v2/packages/contracts/include|J:/Code/Kernel_v2/packages/foundation/include|J:/Code/Kernel_v2/build/d0.06-a/cache/sources/expected-fe3b18aecb84/include",
        "--generator",
        "Visual Studio 17 2022",
        "--platform",
        "x64",
        "--toolset",
        "v143,version=14.44.35207",
        "--sdk",
        "10.0.26100.0",
        "--config",
        "Release",
        "--work",
        "J:/Code/Kernel_v2/build/d1.06-release/tests/contract/registration/child-runs",
        "--root-build",
        "J:/Code/Kernel_v2/build/d1.06-release",
        "--target-metadata",
        "J:/Code/Kernel_v2/build/d1.06-release/tests/contract/registration/registry-target-Release.json"
      ],
      "config" : "Release",
      "name" : "T24.registration.cold_docs_separation",
      "properties" : 
      [
        {
          "name" : "ENVIRONMENT",
          "value" : 
          [
            "MSBUILDDISABLENODEREUSE=1"
          ]
        },
        {
          "name" : "ENVIRONMENT_MODIFICATION",
          "value" : 
          [
            "PATH=path_list_prepend:J:/Code/Kernel_v2/build/msvc-validation/e8697b7e3597a578/bin"
          ]
        },
        {
          "name" : "LABELS",
          "value" : 
          [
            "D1.03"
          ]
        },
        {
          "name" : "TIMEOUT",
          "value" : 600.0
        },
        {
          "name" : "WORKING_DIRECTORY",
          "value" : "J:/Code/Kernel_v2/build/d1.06-release/tests/contract/registration"
        }
      ]
    },
    {
      "command" : 
      [
        "J:/Code/Kernel_v2/build/runtime/python311/python.exe",
        "-X",
        "utf8",
        "J:\\Code\\Kernel_v2\\tests\\contract\\registration\\verify_children.py",
        "--case",
        "T24.registration.handler_not_exposed",
        "--binary",
        "J:/Code/Kernel_v2/build/d1.06-release/tests/contract/registration/Release/ock_registration_tests.exe",
        "--runtime-dir",
        "J:/Code/Kernel_v2/build/msvc-validation/e8697b7e3597a578/bin",
        "--includes",
        "J:/Code/Kernel_v2|J:/Code/Kernel_v2/tests/compile/contracts|J:/Code/Kernel_v2/packages/runtime/include|J:/Code/Kernel_v2/packages/contracts/include|J:/Code/Kernel_v2/packages/foundation/include|J:/Code/Kernel_v2/build/d0.06-a/cache/sources/expected-fe3b18aecb84/include",
        "--generator",
        "Visual Studio 17 2022",
        "--platform",
        "x64",
        "--toolset",
        "v143,version=14.44.35207",
        "--sdk",
        "10.0.26100.0",
        "--config",
        "Release",
        "--work",
        "J:/Code/Kernel_v2/build/d1.06-release/tests/contract/registration/child-runs",
        "--root-build",
        "J:/Code/Kernel_v2/build/d1.06-release",
        "--target-metadata",
        "J:/Code/Kernel_v2/build/d1.06-release/tests/contract/registration/registry-target-Release.json"
      ],
      "config" : "Release",
      "name" : "T24.registration.handler_not_exposed",
      "properties" : 
      [
        {
          "name" : "ENVIRONMENT",
          "value" : 
          [
            "MSBUILDDISABLENODEREUSE=1"
          ]
        },
        {
          "name" : "ENVIRONMENT_MODIFICATION",
          "value" : 
          [
            "PATH=path_list_prepend:J:/Code/Kernel_v2/build/msvc-validation/e8697b7e3597a578/bin"
          ]
        },
        {
          "name" : "LABELS",
          "value" : 
          [
            "D1.03"
          ]
        },
        {
          "name" : "TIMEOUT",
          "value" : 600.0
        },
        {
          "name" : "WORKING_DIRECTORY",
          "value" : "J:/Code/Kernel_v2/build/d1.06-release/tests/contract/registration"
        }
      ]
    },
    {
      "command" : 
      [
        "J:/Code/Kernel_v2/build/runtime/python311/python.exe",
        "-X",
        "utf8",
        "J:\\Code\\Kernel_v2\\tests\\contract\\registration\\verify_children.py",
        "--case",
        "T24.registration.internal_component_boundary",
        "--binary",
        "J:/Code/Kernel_v2/build/d1.06-release/tests/contract/registration/Release/ock_registration_tests.exe",
        "--runtime-dir",
        "J:/Code/Kernel_v2/build/msvc-validation/e8697b7e3597a578/bin",
        "--includes",
        "J:/Code/Kernel_v2|J:/Code/Kernel_v2/tests/compile/contracts|J:/Code/Kernel_v2/packages/runtime/include|J:/Code/Kernel_v2/packages/contracts/include|J:/Code/Kernel_v2/packages/foundation/include|J:/Code/Kernel_v2/build/d0.06-a/cache/sources/expected-fe3b18aecb84/include",
        "--generator",
        "Visual Studio 17 2022",
        "--platform",
        "x64",
        "--toolset",
        "v143,version=14.44.35207",
        "--sdk",
        "10.0.26100.0",
        "--config",
        "Release",
        "--work",
        "J:/Code/Kernel_v2/build/d1.06-release/tests/contract/registration/child-runs",
        "--root-build",
        "J:/Code/Kernel_v2/build/d1.06-release",
        "--target-metadata",
        "J:/Code/Kernel_v2/build/d1.06-release/tests/contract/registration/registry-target-Release.json"
      ],
      "config" : "Release",
      "name" : "T24.registration.internal_component_boundary",
      "properties" : 
      [
        {
          "name" : "ENVIRONMENT",
          "value" : 
          [
            "MSBUILDDISABLENODEREUSE=1"
          ]
        },
        {
          "name" : "ENVIRONMENT_MODIFICATION",
          "value" : 
          [
            "PATH=path_list_prepend:J:/Code/Kernel_v2/build/msvc-validation/e8697b7e3597a578/bin"
          ]
        },
        {
          "name" : "LABELS",
          "value" : 
          [
            "D1.03"
          ]
        },
        {
          "name" : "TIMEOUT",
          "value" : 600.0
        },
        {
          "name" : "WORKING_DIRECTORY",
          "value" : "J:/Code/Kernel_v2/build/d1.06-release/tests/contract/registration"
        }
      ]
    },
    {
      "command" : 
      [
        "J:/Code/Kernel_v2/build/runtime/python311/python.exe",
        "-X",
        "utf8",
        "J:\\Code\\Kernel_v2\\tests\\contract\\authorization\\verify_children.py",
        "--case",
        "T07.policy.authentication_source",
        "--binary",
        "J:/Code/Kernel_v2/build/d1.06-release/tests/contract/authorization/Release/ock_policy_tests.exe",
        "--runtime-dir",
        "J:/Code/Kernel_v2/build/msvc-validation/e8697b7e3597a578/bin",
        "--includes",
        "J:/Code/Kernel_v2|J:/Code/Kernel_v2/tests/compile/contracts|J:/Code/Kernel_v2/packages/runtime/include|J:/Code/Kernel_v2/packages/contracts/include|J:/Code/Kernel_v2/packages/foundation/include|J:/Code/Kernel_v2/build/d0.06-a/cache/sources/expected-fe3b18aecb84/include",
        "--generator",
        "Visual Studio 17 2022",
        "--platform",
        "x64",
        "--toolset",
        "v143,version=14.44.35207",
        "--sdk",
        "10.0.26100.0",
        "--config",
        "Release",
        "--work",
        "J:/Code/Kernel_v2/build/d1.06-release/tests/contract/authorization/child-runs",
        "--root-build",
        "J:/Code/Kernel_v2/build/d1.06-release",
        "--target-metadata",
        "J:/Code/Kernel_v2/build/d1.06-release/tests/contract/authorization/policy-target-Release.json"
      ],
      "config" : "Release",
      "name" : "T07.policy.authentication_source",
      "properties" : 
      [
        {
          "name" : "ENVIRONMENT",
          "value" : 
          [
            "MSBUILDDISABLENODEREUSE=1"
          ]
        },
        {
          "name" : "ENVIRONMENT_MODIFICATION",
          "value" : 
          [
            "PATH=path_list_prepend:J:/Code/Kernel_v2/build/msvc-validation/e8697b7e3597a578/bin"
          ]
        },
        {
          "name" : "LABELS",
          "value" : 
          [
            "D1.04"
          ]
        },
        {
          "name" : "TIMEOUT",
          "value" : 600.0
        },
        {
          "name" : "WORKING_DIRECTORY",
          "value" : "J:/Code/Kernel_v2/build/d1.06-release/tests/contract/authorization"
        }
      ]
    },
    {
      "command" : 
      [
        "J:/Code/Kernel_v2/build/d1.06-release/tests/contract/authorization/Release/ock_policy_tests.exe",
        "T07.policy.cancel_arbitration"
      ],
      "config" : "Release",
      "name" : "T07.policy.cancel_arbitration",
      "properties" : 
      [
        {
          "name" : "ENVIRONMENT",
          "value" : 
          [
            "MSBUILDDISABLENODEREUSE=1"
          ]
        },
        {
          "name" : "ENVIRONMENT_MODIFICATION",
          "value" : 
          [
            "PATH=path_list_prepend:J:/Code/Kernel_v2/build/msvc-validation/e8697b7e3597a578/bin"
          ]
        },
        {
          "name" : "LABELS",
          "value" : 
          [
            "D1.04"
          ]
        },
        {
          "name" : "TIMEOUT",
          "value" : 600.0
        },
        {
          "name" : "WORKING_DIRECTORY",
          "value" : "J:/Code/Kernel_v2/build/d1.06-release/tests/contract/authorization"
        }
      ]
    },
    {
      "command" : 
      [
        "J:/Code/Kernel_v2/build/d1.06-release/tests/contract/authorization/Release/ock_policy_tests.exe",
        "T07.policy.consume_before_revoke"
      ],
      "config" : "Release",
      "name" : "T07.policy.consume_before_revoke",
      "properties" : 
      [
        {
          "name" : "ENVIRONMENT",
          "value" : 
          [
            "MSBUILDDISABLENODEREUSE=1"
          ]
        },
        {
          "name" : "ENVIRONMENT_MODIFICATION",
          "value" : 
          [
            "PATH=path_list_prepend:J:/Code/Kernel_v2/build/msvc-validation/e8697b7e3597a578/bin"
          ]
        },
        {
          "name" : "LABELS",
          "value" : 
          [
            "D1.04"
          ]
        },
        {
          "name" : "TIMEOUT",
          "value" : 600.0
        },
        {
          "name" : "WORKING_DIRECTORY",
          "value" : "J:/Code/Kernel_v2/build/d1.06-release/tests/contract/authorization"
        }
      ]
    },
    {
      "command" : 
      [
        "J:/Code/Kernel_v2/build/d1.06-release/tests/contract/authorization/Release/ock_policy_tests.exe",
        "T07.policy.delegation_shrink"
      ],
      "config" : "Release",
      "name" : "T07.policy.delegation_shrink",
      "properties" : 
      [
        {
          "name" : "ENVIRONMENT",
          "value" : 
          [
            "MSBUILDDISABLENODEREUSE=1"
          ]
        },
        {
          "name" : "ENVIRONMENT_MODIFICATION",
          "value" : 
          [
            "PATH=path_list_prepend:J:/Code/Kernel_v2/build/msvc-validation/e8697b7e3597a578/bin"
          ]
        },
        {
          "name" : "LABELS",
          "value" : 
          [
            "D1.04"
          ]
        },
        {
          "name" : "TIMEOUT",
          "value" : 600.0
        },
        {
          "name" : "WORKING_DIRECTORY",
          "value" : "J:/Code/Kernel_v2/build/d1.06-release/tests/contract/authorization"
        }
      ]
    },
    {
      "command" : 
      [
        "J:/Code/Kernel_v2/build/d1.06-release/tests/contract/authorization/Release/ock_policy_tests.exe",
        "T07.policy.exception_atomicity"
      ],
      "config" : "Release",
      "name" : "T07.policy.exception_atomicity",
      "properties" : 
      [
        {
          "name" : "ENVIRONMENT",
          "value" : 
          [
            "MSBUILDDISABLENODEREUSE=1"
          ]
        },
        {
          "name" : "ENVIRONMENT_MODIFICATION",
          "value" : 
          [
            "PATH=path_list_prepend:J:/Code/Kernel_v2/build/msvc-validation/e8697b7e3597a578/bin"
          ]
        },
        {
          "name" : "LABELS",
          "value" : 
          [
            "D1.04"
          ]
        },
        {
          "name" : "TIMEOUT",
          "value" : 600.0
        },
        {
          "name" : "WORKING_DIRECTORY",
          "value" : "J:/Code/Kernel_v2/build/d1.06-release/tests/contract/authorization"
        }
      ]
    },
    {
      "command" : 
      [
        "J:/Code/Kernel_v2/build/d1.06-release/tests/contract/authorization/Release/ock_policy_tests.exe",
        "T07.policy.expiry_boundary"
      ],
      "config" : "Release",
      "name" : "T07.policy.expiry_boundary",
      "properties" : 
      [
        {
          "name" : "ENVIRONMENT",
          "value" : 
          [
            "MSBUILDDISABLENODEREUSE=1"
          ]
        },
        {
          "name" : "ENVIRONMENT_MODIFICATION",
          "value" : 
          [
            "PATH=path_list_prepend:J:/Code/Kernel_v2/build/msvc-validation/e8697b7e3597a578/bin"
          ]
        },
        {
          "name" : "LABELS",
          "value" : 
          [
            "D1.04"
          ]
        },
        {
          "name" : "TIMEOUT",
          "value" : 600.0
        },
        {
          "name" : "WORKING_DIRECTORY",
          "value" : "J:/Code/Kernel_v2/build/d1.06-release/tests/contract/authorization"
        }
      ]
    },
    {
      "command" : 
      [
        "J:/Code/Kernel_v2/build/d1.06-release/tests/contract/authorization/Release/ock_policy_tests.exe",
        "T07.policy.generation_exhaustion"
      ],
      "config" : "Release",
      "name" : "T07.policy.generation_exhaustion",
      "properties" : 
      [
        {
          "name" : "ENVIRONMENT",
          "value" : 
          [
            "MSBUILDDISABLENODEREUSE=1"
          ]
        },
        {
          "name" : "ENVIRONMENT_MODIFICATION",
          "value" : 
          [
            "PATH=path_list_prepend:J:/Code/Kernel_v2/build/msvc-validation/e8697b7e3597a578/bin"
          ]
        },
        {
          "name" : "LABELS",
          "value" : 
          [
            "D1.04"
          ]
        },
        {
          "name" : "TIMEOUT",
          "value" : 600.0
        },
        {
          "name" : "WORKING_DIRECTORY",
          "value" : "J:/Code/Kernel_v2/build/d1.06-release/tests/contract/authorization"
        }
      ]
    },
    {
      "command" : 
      [
        "J:/Code/Kernel_v2/build/d1.06-release/tests/contract/authorization/Release/ock_policy_tests.exe",
        "T07.policy.group_members_complete"
      ],
      "config" : "Release",
      "name" : "T07.policy.group_members_complete",
      "properties" : 
      [
        {
          "name" : "ENVIRONMENT",
          "value" : 
          [
            "MSBUILDDISABLENODEREUSE=1"
          ]
        },
        {
          "name" : "ENVIRONMENT_MODIFICATION",
          "value" : 
          [
            "PATH=path_list_prepend:J:/Code/Kernel_v2/build/msvc-validation/e8697b7e3597a578/bin"
          ]
        },
        {
          "name" : "LABELS",
          "value" : 
          [
            "D1.04"
          ]
        },
        {
          "name" : "TIMEOUT",
          "value" : 600.0
        },
        {
          "name" : "WORKING_DIRECTORY",
          "value" : "J:/Code/Kernel_v2/build/d1.06-release/tests/contract/authorization"
        }
      ]
    },
    {
      "command" : 
      [
        "J:/Code/Kernel_v2/build/runtime/python311/python.exe",
        "-X",
        "utf8",
        "J:\\Code\\Kernel_v2\\tests\\contract\\authorization\\verify_children.py",
        "--case",
        "T07.policy.group_substitution",
        "--binary",
        "J:/Code/Kernel_v2/build/d1.06-release/tests/contract/authorization/Release/ock_policy_tests.exe",
        "--runtime-dir",
        "J:/Code/Kernel_v2/build/msvc-validation/e8697b7e3597a578/bin",
        "--includes",
        "J:/Code/Kernel_v2|J:/Code/Kernel_v2/tests/compile/contracts|J:/Code/Kernel_v2/packages/runtime/include|J:/Code/Kernel_v2/packages/contracts/include|J:/Code/Kernel_v2/packages/foundation/include|J:/Code/Kernel_v2/build/d0.06-a/cache/sources/expected-fe3b18aecb84/include",
        "--generator",
        "Visual Studio 17 2022",
        "--platform",
        "x64",
        "--toolset",
        "v143,version=14.44.35207",
        "--sdk",
        "10.0.26100.0",
        "--config",
        "Release",
        "--work",
        "J:/Code/Kernel_v2/build/d1.06-release/tests/contract/authorization/child-runs",
        "--root-build",
        "J:/Code/Kernel_v2/build/d1.06-release",
        "--target-metadata",
        "J:/Code/Kernel_v2/build/d1.06-release/tests/contract/authorization/policy-target-Release.json"
      ],
      "config" : "Release",
      "name" : "T07.policy.group_substitution",
      "properties" : 
      [
        {
          "name" : "ENVIRONMENT",
          "value" : 
          [
            "MSBUILDDISABLENODEREUSE=1"
          ]
        },
        {
          "name" : "ENVIRONMENT_MODIFICATION",
          "value" : 
          [
            "PATH=path_list_prepend:J:/Code/Kernel_v2/build/msvc-validation/e8697b7e3597a578/bin"
          ]
        },
        {
          "name" : "LABELS",
          "value" : 
          [
            "D1.04"
          ]
        },
        {
          "name" : "TIMEOUT",
          "value" : 600.0
        },
        {
          "name" : "WORKING_DIRECTORY",
          "value" : "J:/Code/Kernel_v2/build/d1.06-release/tests/contract/authorization"
        }
      ]
    },
    {
      "command" : 
      [
        "J:/Code/Kernel_v2/build/d1.06-release/tests/contract/authorization/Release/ock_policy_tests.exe",
        "T07.policy.operation_exact_contract"
      ],
      "config" : "Release",
      "name" : "T07.policy.operation_exact_contract",
      "properties" : 
      [
        {
          "name" : "ENVIRONMENT",
          "value" : 
          [
            "MSBUILDDISABLENODEREUSE=1"
          ]
        },
        {
          "name" : "ENVIRONMENT_MODIFICATION",
          "value" : 
          [
            "PATH=path_list_prepend:J:/Code/Kernel_v2/build/msvc-validation/e8697b7e3597a578/bin"
          ]
        },
        {
          "name" : "LABELS",
          "value" : 
          [
            "D1.04"
          ]
        },
        {
          "name" : "TIMEOUT",
          "value" : 600.0
        },
        {
          "name" : "WORKING_DIRECTORY",
          "value" : "J:/Code/Kernel_v2/build/d1.06-release/tests/contract/authorization"
        }
      ]
    },
    {
      "command" : 
      [
        "J:/Code/Kernel_v2/build/d1.06-release/tests/contract/authorization/Release/ock_policy_tests.exe",
        "T07.policy.owned_inputs_budget"
      ],
      "config" : "Release",
      "name" : "T07.policy.owned_inputs_budget",
      "properties" : 
      [
        {
          "name" : "ENVIRONMENT",
          "value" : 
          [
            "MSBUILDDISABLENODEREUSE=1"
          ]
        },
        {
          "name" : "ENVIRONMENT_MODIFICATION",
          "value" : 
          [
            "PATH=path_list_prepend:J:/Code/Kernel_v2/build/msvc-validation/e8697b7e3597a578/bin"
          ]
        },
        {
          "name" : "LABELS",
          "value" : 
          [
            "D1.04"
          ]
        },
        {
          "name" : "TIMEOUT",
          "value" : 600.0
        },
        {
          "name" : "WORKING_DIRECTORY",
          "value" : "J:/Code/Kernel_v2/build/d1.06-release/tests/contract/authorization"
        }
      ]
    },
    {
      "command" : 
      [
        "J:/Code/Kernel_v2/build/d1.06-release/tests/contract/authorization/Release/ock_policy_tests.exe",
        "T07.policy.owner_scope"
      ],
      "config" : "Release",
      "name" : "T07.policy.owner_scope",
      "properties" : 
      [
        {
          "name" : "ENVIRONMENT",
          "value" : 
          [
            "MSBUILDDISABLENODEREUSE=1"
          ]
        },
        {
          "name" : "ENVIRONMENT_MODIFICATION",
          "value" : 
          [
            "PATH=path_list_prepend:J:/Code/Kernel_v2/build/msvc-validation/e8697b7e3597a578/bin"
          ]
        },
        {
          "name" : "LABELS",
          "value" : 
          [
            "D1.04"
          ]
        },
        {
          "name" : "TIMEOUT",
          "value" : 600.0
        },
        {
          "name" : "WORKING_DIRECTORY",
          "value" : "J:/Code/Kernel_v2/build/d1.06-release/tests/contract/authorization"
        }
      ]
    },
    {
      "command" : 
      [
        "J:/Code/Kernel_v2/build/d1.06-release/tests/contract/authorization/Release/ock_policy_tests.exe",
        "T07.policy.permit_concurrent"
      ],
      "config" : "Release",
      "name" : "T07.policy.permit_concurrent",
      "properties" : 
      [
        {
          "name" : "ENVIRONMENT",
          "value" : 
          [
            "MSBUILDDISABLENODEREUSE=1"
          ]
        },
        {
          "name" : "ENVIRONMENT_MODIFICATION",
          "value" : 
          [
            "PATH=path_list_prepend:J:/Code/Kernel_v2/build/msvc-validation/e8697b7e3597a578/bin"
          ]
        },
        {
          "name" : "LABELS",
          "value" : 
          [
            "D1.04"
          ]
        },
        {
          "name" : "TIMEOUT",
          "value" : 600.0
        },
        {
          "name" : "WORKING_DIRECTORY",
          "value" : "J:/Code/Kernel_v2/build/d1.06-release/tests/contract/authorization"
        }
      ]
    },
    {
      "command" : 
      [
        "J:/Code/Kernel_v2/build/d1.06-release/tests/contract/authorization/Release/ock_policy_tests.exe",
        "T07.policy.permit_once"
      ],
      "config" : "Release",
      "name" : "T07.policy.permit_once",
      "properties" : 
      [
        {
          "name" : "ENVIRONMENT",
          "value" : 
          [
            "MSBUILDDISABLENODEREUSE=1"
          ]
        },
        {
          "name" : "ENVIRONMENT_MODIFICATION",
          "value" : 
          [
            "PATH=path_list_prepend:J:/Code/Kernel_v2/build/msvc-validation/e8697b7e3597a578/bin"
          ]
        },
        {
          "name" : "LABELS",
          "value" : 
          [
            "D1.04"
          ]
        },
        {
          "name" : "TIMEOUT",
          "value" : 600.0
        },
        {
          "name" : "WORKING_DIRECTORY",
          "value" : "J:/Code/Kernel_v2/build/d1.06-release/tests/contract/authorization"
        }
      ]
    },
    {
      "command" : 
      [
        "J:/Code/Kernel_v2/build/runtime/python311/python.exe",
        "-X",
        "utf8",
        "J:\\Code\\Kernel_v2\\tests\\contract\\authorization\\verify_children.py",
        "--case",
        "T07.policy.permit_origin_binding",
        "--binary",
        "J:/Code/Kernel_v2/build/d1.06-release/tests/contract/authorization/Release/ock_policy_tests.exe",
        "--runtime-dir",
        "J:/Code/Kernel_v2/build/msvc-validation/e8697b7e3597a578/bin",
        "--includes",
        "J:/Code/Kernel_v2|J:/Code/Kernel_v2/tests/compile/contracts|J:/Code/Kernel_v2/packages/runtime/include|J:/Code/Kernel_v2/packages/contracts/include|J:/Code/Kernel_v2/packages/foundation/include|J:/Code/Kernel_v2/build/d0.06-a/cache/sources/expected-fe3b18aecb84/include",
        "--generator",
        "Visual Studio 17 2022",
        "--platform",
        "x64",
        "--toolset",
        "v143,version=14.44.35207",
        "--sdk",
        "10.0.26100.0",
        "--config",
        "Release",
        "--work",
        "J:/Code/Kernel_v2/build/d1.06-release/tests/contract/authorization/child-runs",
        "--root-build",
        "J:/Code/Kernel_v2/build/d1.06-release",
        "--target-metadata",
        "J:/Code/Kernel_v2/build/d1.06-release/tests/contract/authorization/policy-target-Release.json"
      ],
      "config" : "Release",
      "name" : "T07.policy.permit_origin_binding",
      "properties" : 
      [
        {
          "name" : "ENVIRONMENT",
          "value" : 
          [
            "MSBUILDDISABLENODEREUSE=1"
          ]
        },
        {
          "name" : "ENVIRONMENT_MODIFICATION",
          "value" : 
          [
            "PATH=path_list_prepend:J:/Code/Kernel_v2/build/msvc-validation/e8697b7e3597a578/bin"
          ]
        },
        {
          "name" : "LABELS",
          "value" : 
          [
            "D1.04"
          ]
        },
        {
          "name" : "TIMEOUT",
          "value" : 600.0
        },
        {
          "name" : "WORKING_DIRECTORY",
          "value" : "J:/Code/Kernel_v2/build/d1.06-release/tests/contract/authorization"
        }
      ]
    },
    {
      "command" : 
      [
        "J:/Code/Kernel_v2/build/d1.06-release/tests/contract/authorization/Release/ock_policy_tests.exe",
        "T07.policy.recursive_delegation_denied"
      ],
      "config" : "Release",
      "name" : "T07.policy.recursive_delegation_denied",
      "properties" : 
      [
        {
          "name" : "ENVIRONMENT",
          "value" : 
          [
            "MSBUILDDISABLENODEREUSE=1"
          ]
        },
        {
          "name" : "ENVIRONMENT_MODIFICATION",
          "value" : 
          [
            "PATH=path_list_prepend:J:/Code/Kernel_v2/build/msvc-validation/e8697b7e3597a578/bin"
          ]
        },
        {
          "name" : "LABELS",
          "value" : 
          [
            "D1.04"
          ]
        },
        {
          "name" : "TIMEOUT",
          "value" : 600.0
        },
        {
          "name" : "WORKING_DIRECTORY",
          "value" : "J:/Code/Kernel_v2/build/d1.06-release/tests/contract/authorization"
        }
      ]
    },
    {
      "command" : 
      [
        "J:/Code/Kernel_v2/build/d1.06-release/tests/contract/authorization/Release/ock_policy_tests.exe",
        "T07.policy.revoke_before_consume"
      ],
      "config" : "Release",
      "name" : "T07.policy.revoke_before_consume",
      "properties" : 
      [
        {
          "name" : "ENVIRONMENT",
          "value" : 
          [
            "MSBUILDDISABLENODEREUSE=1"
          ]
        },
        {
          "name" : "ENVIRONMENT_MODIFICATION",
          "value" : 
          [
            "PATH=path_list_prepend:J:/Code/Kernel_v2/build/msvc-validation/e8697b7e3597a578/bin"
          ]
        },
        {
          "name" : "LABELS",
          "value" : 
          [
            "D1.04"
          ]
        },
        {
          "name" : "TIMEOUT",
          "value" : 600.0
        },
        {
          "name" : "WORKING_DIRECTORY",
          "value" : "J:/Code/Kernel_v2/build/d1.06-release/tests/contract/authorization"
        }
      ]
    },
    {
      "command" : 
      [
        "J:/Code/Kernel_v2/build/d1.06-release/tests/contract/authorization/Release/ock_policy_tests.exe",
        "T07.policy.scope_four_way"
      ],
      "config" : "Release",
      "name" : "T07.policy.scope_four_way",
      "properties" : 
      [
        {
          "name" : "ENVIRONMENT",
          "value" : 
          [
            "MSBUILDDISABLENODEREUSE=1"
          ]
        },
        {
          "name" : "ENVIRONMENT_MODIFICATION",
          "value" : 
          [
            "PATH=path_list_prepend:J:/Code/Kernel_v2/build/msvc-validation/e8697b7e3597a578/bin"
          ]
        },
        {
          "name" : "LABELS",
          "value" : 
          [
            "D1.04"
          ]
        },
        {
          "name" : "TIMEOUT",
          "value" : 600.0
        },
        {
          "name" : "WORKING_DIRECTORY",
          "value" : "J:/Code/Kernel_v2/build/d1.06-release/tests/contract/authorization"
        }
      ]
    },
    {
      "command" : 
      [
        "J:/Code/Kernel_v2/build/d1.06-release/tests/contract/authorization/Release/ock_policy_tests.exe",
        "T07.policy.service_principal"
      ],
      "config" : "Release",
      "name" : "T07.policy.service_principal",
      "properties" : 
      [
        {
          "name" : "ENVIRONMENT",
          "value" : 
          [
            "MSBUILDDISABLENODEREUSE=1"
          ]
        },
        {
          "name" : "ENVIRONMENT_MODIFICATION",
          "value" : 
          [
            "PATH=path_list_prepend:J:/Code/Kernel_v2/build/msvc-validation/e8697b7e3597a578/bin"
          ]
        },
        {
          "name" : "LABELS",
          "value" : 
          [
            "D1.04"
          ]
        },
        {
          "name" : "TIMEOUT",
          "value" : 600.0
        },
        {
          "name" : "WORKING_DIRECTORY",
          "value" : "J:/Code/Kernel_v2/build/d1.06-release/tests/contract/authorization"
        }
      ]
    },
    {
      "command" : 
      [
        "J:/Code/Kernel_v2/build/d1.06-release/tests/contract/authorization/Release/ock_policy_tests.exe",
        "T07.policy.session_isolation"
      ],
      "config" : "Release",
      "name" : "T07.policy.session_isolation",
      "properties" : 
      [
        {
          "name" : "ENVIRONMENT",
          "value" : 
          [
            "MSBUILDDISABLENODEREUSE=1"
          ]
        },
        {
          "name" : "ENVIRONMENT_MODIFICATION",
          "value" : 
          [
            "PATH=path_list_prepend:J:/Code/Kernel_v2/build/msvc-validation/e8697b7e3597a578/bin"
          ]
        },
        {
          "name" : "LABELS",
          "value" : 
          [
            "D1.04"
          ]
        },
        {
          "name" : "TIMEOUT",
          "value" : 600.0
        },
        {
          "name" : "WORKING_DIRECTORY",
          "value" : "J:/Code/Kernel_v2/build/d1.06-release/tests/contract/authorization"
        }
      ]
    },
    {
      "command" : 
      [
        "J:/Code/Kernel_v2/build/d1.06-release/tests/contract/authorization/Release/ock_policy_tests.exe",
        "T07.policy.target_frozen_set"
      ],
      "config" : "Release",
      "name" : "T07.policy.target_frozen_set",
      "properties" : 
      [
        {
          "name" : "ENVIRONMENT",
          "value" : 
          [
            "MSBUILDDISABLENODEREUSE=1"
          ]
        },
        {
          "name" : "ENVIRONMENT_MODIFICATION",
          "value" : 
          [
            "PATH=path_list_prepend:J:/Code/Kernel_v2/build/msvc-validation/e8697b7e3597a578/bin"
          ]
        },
        {
          "name" : "LABELS",
          "value" : 
          [
            "D1.04"
          ]
        },
        {
          "name" : "TIMEOUT",
          "value" : 600.0
        },
        {
          "name" : "WORKING_DIRECTORY",
          "value" : "J:/Code/Kernel_v2/build/d1.06-release/tests/contract/authorization"
        }
      ]
    },
    {
      "command" : 
      [
        "J:/Code/Kernel_v2/build/d1.06-release/tests/contract/authorization/Release/ock_policy_tests.exe",
        "T07.policy.target_issued_identity"
      ],
      "config" : "Release",
      "name" : "T07.policy.target_issued_identity",
      "properties" : 
      [
        {
          "name" : "ENVIRONMENT",
          "value" : 
          [
            "MSBUILDDISABLENODEREUSE=1"
          ]
        },
        {
          "name" : "ENVIRONMENT_MODIFICATION",
          "value" : 
          [
            "PATH=path_list_prepend:J:/Code/Kernel_v2/build/msvc-validation/e8697b7e3597a578/bin"
          ]
        },
        {
          "name" : "LABELS",
          "value" : 
          [
            "D1.04"
          ]
        },
        {
          "name" : "TIMEOUT",
          "value" : 600.0
        },
        {
          "name" : "WORKING_DIRECTORY",
          "value" : "J:/Code/Kernel_v2/build/d1.06-release/tests/contract/authorization"
        }
      ]
    },
    {
      "command" : 
      [
        "J:/Code/Kernel_v2/build/d1.06-release/tests/contract/authorization/Release/ock_policy_tests.exe",
        "T07.policy.target_lifecycle"
      ],
      "config" : "Release",
      "name" : "T07.policy.target_lifecycle",
      "properties" : 
      [
        {
          "name" : "ENVIRONMENT",
          "value" : 
          [
            "MSBUILDDISABLENODEREUSE=1"
          ]
        },
        {
          "name" : "ENVIRONMENT_MODIFICATION",
          "value" : 
          [
            "PATH=path_list_prepend:J:/Code/Kernel_v2/build/msvc-validation/e8697b7e3597a578/bin"
          ]
        },
        {
          "name" : "LABELS",
          "value" : 
          [
            "D1.04"
          ]
        },
        {
          "name" : "TIMEOUT",
          "value" : 600.0
        },
        {
          "name" : "WORKING_DIRECTORY",
          "value" : "J:/Code/Kernel_v2/build/d1.06-release/tests/contract/authorization"
        }
      ]
    },
    {
      "command" : 
      [
        "J:/Code/Kernel_v2/build/d1.06-release/tests/contract/authorization/Release/ock_policy_tests.exe",
        "T19.policy.page_binding_isolation"
      ],
      "config" : "Release",
      "name" : "T19.policy.page_binding_isolation",
      "properties" : 
      [
        {
          "name" : "ENVIRONMENT",
          "value" : 
          [
            "MSBUILDDISABLENODEREUSE=1"
          ]
        },
        {
          "name" : "ENVIRONMENT_MODIFICATION",
          "value" : 
          [
            "PATH=path_list_prepend:J:/Code/Kernel_v2/build/msvc-validation/e8697b7e3597a578/bin"
          ]
        },
        {
          "name" : "LABELS",
          "value" : 
          [
            "D1.04"
          ]
        },
        {
          "name" : "TIMEOUT",
          "value" : 600.0
        },
        {
          "name" : "WORKING_DIRECTORY",
          "value" : "J:/Code/Kernel_v2/build/d1.06-release/tests/contract/authorization"
        }
      ]
    },
    {
      "command" : 
      [
        "J:/Code/Kernel_v2/build/d1.06-release/tests/contract/authorization/Release/ock_policy_tests.exe",
        "T19.policy.page_owner_authorization"
      ],
      "config" : "Release",
      "name" : "T19.policy.page_owner_authorization",
      "properties" : 
      [
        {
          "name" : "ENVIRONMENT",
          "value" : 
          [
            "MSBUILDDISABLENODEREUSE=1"
          ]
        },
        {
          "name" : "ENVIRONMENT_MODIFICATION",
          "value" : 
          [
            "PATH=path_list_prepend:J:/Code/Kernel_v2/build/msvc-validation/e8697b7e3597a578/bin"
          ]
        },
        {
          "name" : "LABELS",
          "value" : 
          [
            "D1.04"
          ]
        },
        {
          "name" : "TIMEOUT",
          "value" : 600.0
        },
        {
          "name" : "WORKING_DIRECTORY",
          "value" : "J:/Code/Kernel_v2/build/d1.06-release/tests/contract/authorization"
        }
      ]
    },
    {
      "command" : 
      [
        "J:/Code/Kernel_v2/build/d1.06-release/tests/contract/authorization/Release/ock_policy_tests.exe",
        "T19.policy.page_revoke_live_keyset"
      ],
      "config" : "Release",
      "name" : "T19.policy.page_revoke_live_keyset",
      "properties" : 
      [
        {
          "name" : "ENVIRONMENT",
          "value" : 
          [
            "MSBUILDDISABLENODEREUSE=1"
          ]
        },
        {
          "name" : "ENVIRONMENT_MODIFICATION",
          "value" : 
          [
            "PATH=path_list_prepend:J:/Code/Kernel_v2/build/msvc-validation/e8697b7e3597a578/bin"
          ]
        },
        {
          "name" : "LABELS",
          "value" : 
          [
            "D1.04"
          ]
        },
        {
          "name" : "TIMEOUT",
          "value" : 600.0
        },
        {
          "name" : "WORKING_DIRECTORY",
          "value" : "J:/Code/Kernel_v2/build/d1.06-release/tests/contract/authorization"
        }
      ]
    },
    {
      "command" : 
      [
        "J:/Code/Kernel_v2/build/d1.06-release/tests/contract/authorization/Release/ock_policy_tests.exe",
        "T19.policy.query_field_projection"
      ],
      "config" : "Release",
      "name" : "T19.policy.query_field_projection",
      "properties" : 
      [
        {
          "name" : "ENVIRONMENT",
          "value" : 
          [
            "MSBUILDDISABLENODEREUSE=1"
          ]
        },
        {
          "name" : "ENVIRONMENT_MODIFICATION",
          "value" : 
          [
            "PATH=path_list_prepend:J:/Code/Kernel_v2/build/msvc-validation/e8697b7e3597a578/bin"
          ]
        },
        {
          "name" : "LABELS",
          "value" : 
          [
            "D1.04"
          ]
        },
        {
          "name" : "TIMEOUT",
          "value" : 600.0
        },
        {
          "name" : "WORKING_DIRECTORY",
          "value" : "J:/Code/Kernel_v2/build/d1.06-release/tests/contract/authorization"
        }
      ]
    },
    {
      "command" : 
      [
        "J:/Code/Kernel_v2/build/d1.06-release/tests/contract/authorization/Release/ock_policy_tests.exe",
        "T19.policy.subscription_connection_cleanup"
      ],
      "config" : "Release",
      "name" : "T19.policy.subscription_connection_cleanup",
      "properties" : 
      [
        {
          "name" : "ENVIRONMENT",
          "value" : 
          [
            "MSBUILDDISABLENODEREUSE=1"
          ]
        },
        {
          "name" : "ENVIRONMENT_MODIFICATION",
          "value" : 
          [
            "PATH=path_list_prepend:J:/Code/Kernel_v2/build/msvc-validation/e8697b7e3597a578/bin"
          ]
        },
        {
          "name" : "LABELS",
          "value" : 
          [
            "D1.04"
          ]
        },
        {
          "name" : "TIMEOUT",
          "value" : 600.0
        },
        {
          "name" : "WORKING_DIRECTORY",
          "value" : "J:/Code/Kernel_v2/build/d1.06-release/tests/contract/authorization"
        }
      ]
    },
    {
      "command" : 
      [
        "J:/Code/Kernel_v2/build/d1.06-release/tests/contract/authorization/Release/ock_policy_tests.exe",
        "T19.policy.subscription_scope_atomic"
      ],
      "config" : "Release",
      "name" : "T19.policy.subscription_scope_atomic",
      "properties" : 
      [
        {
          "name" : "ENVIRONMENT",
          "value" : 
          [
            "MSBUILDDISABLENODEREUSE=1"
          ]
        },
        {
          "name" : "ENVIRONMENT_MODIFICATION",
          "value" : 
          [
            "PATH=path_list_prepend:J:/Code/Kernel_v2/build/msvc-validation/e8697b7e3597a578/bin"
          ]
        },
        {
          "name" : "LABELS",
          "value" : 
          [
            "D1.04"
          ]
        },
        {
          "name" : "TIMEOUT",
          "value" : 600.0
        },
        {
          "name" : "WORKING_DIRECTORY",
          "value" : "J:/Code/Kernel_v2/build/d1.06-release/tests/contract/authorization"
        }
      ]
    },
    {
      "command" : 
      [
        "J:/Code/Kernel_v2/build/d1.06-release/tests/contract/authorization/Release/ock_policy_tests.exe",
        "T20.policy.failed_start_not_started"
      ],
      "config" : "Release",
      "name" : "T20.policy.failed_start_not_started",
      "properties" : 
      [
        {
          "name" : "ENVIRONMENT",
          "value" : 
          [
            "MSBUILDDISABLENODEREUSE=1"
          ]
        },
        {
          "name" : "ENVIRONMENT_MODIFICATION",
          "value" : 
          [
            "PATH=path_list_prepend:J:/Code/Kernel_v2/build/msvc-validation/e8697b7e3597a578/bin"
          ]
        },
        {
          "name" : "LABELS",
          "value" : 
          [
            "D1.04"
          ]
        },
        {
          "name" : "TIMEOUT",
          "value" : 600.0
        },
        {
          "name" : "WORKING_DIRECTORY",
          "value" : "J:/Code/Kernel_v2/build/d1.06-release/tests/contract/authorization"
        }
      ]
    },
    {
      "command" : 
      [
        "J:/Code/Kernel_v2/build/runtime/python311/python.exe",
        "-X",
        "utf8",
        "J:\\Code\\Kernel_v2\\tests\\contract\\authorization\\verify_children.py",
        "--case",
        "T20.policy.internal_component_boundary",
        "--binary",
        "J:/Code/Kernel_v2/build/d1.06-release/tests/contract/authorization/Release/ock_policy_tests.exe",
        "--runtime-dir",
        "J:/Code/Kernel_v2/build/msvc-validation/e8697b7e3597a578/bin",
        "--includes",
        "J:/Code/Kernel_v2|J:/Code/Kernel_v2/tests/compile/contracts|J:/Code/Kernel_v2/packages/runtime/include|J:/Code/Kernel_v2/packages/contracts/include|J:/Code/Kernel_v2/packages/foundation/include|J:/Code/Kernel_v2/build/d0.06-a/cache/sources/expected-fe3b18aecb84/include",
        "--generator",
        "Visual Studio 17 2022",
        "--platform",
        "x64",
        "--toolset",
        "v143,version=14.44.35207",
        "--sdk",
        "10.0.26100.0",
        "--config",
        "Release",
        "--work",
        "J:/Code/Kernel_v2/build/d1.06-release/tests/contract/authorization/child-runs",
        "--root-build",
        "J:/Code/Kernel_v2/build/d1.06-release",
        "--target-metadata",
        "J:/Code/Kernel_v2/build/d1.06-release/tests/contract/authorization/policy-target-Release.json"
      ],
      "config" : "Release",
      "name" : "T20.policy.internal_component_boundary",
      "properties" : 
      [
        {
          "name" : "ENVIRONMENT",
          "value" : 
          [
            "MSBUILDDISABLENODEREUSE=1"
          ]
        },
        {
          "name" : "ENVIRONMENT_MODIFICATION",
          "value" : 
          [
            "PATH=path_list_prepend:J:/Code/Kernel_v2/build/msvc-validation/e8697b7e3597a578/bin"
          ]
        },
        {
          "name" : "LABELS",
          "value" : 
          [
            "D1.04"
          ]
        },
        {
          "name" : "TIMEOUT",
          "value" : 600.0
        },
        {
          "name" : "WORKING_DIRECTORY",
          "value" : "J:/Code/Kernel_v2/build/d1.06-release/tests/contract/authorization"
        }
      ]
    },
    {
      "command" : 
      [
        "J:/Code/Kernel_v2/build/d1.06-release/tests/contract/authorization/Release/ock_policy_tests.exe",
        "T20.policy.queued_revoke_drop"
      ],
      "config" : "Release",
      "name" : "T20.policy.queued_revoke_drop",
      "properties" : 
      [
        {
          "name" : "ENVIRONMENT",
          "value" : 
          [
            "MSBUILDDISABLENODEREUSE=1"
          ]
        },
        {
          "name" : "ENVIRONMENT_MODIFICATION",
          "value" : 
          [
            "PATH=path_list_prepend:J:/Code/Kernel_v2/build/msvc-validation/e8697b7e3597a578/bin"
          ]
        },
        {
          "name" : "LABELS",
          "value" : 
          [
            "D1.04"
          ]
        },
        {
          "name" : "TIMEOUT",
          "value" : 600.0
        },
        {
          "name" : "WORKING_DIRECTORY",
          "value" : "J:/Code/Kernel_v2/build/d1.06-release/tests/contract/authorization"
        }
      ]
    },
    {
      "command" : 
      [
        "J:/Code/Kernel_v2/build/runtime/python311/python.exe",
        "-X",
        "utf8",
        "J:\\Code\\Kernel_v2\\tests\\contract\\authorization\\verify_children.py",
        "--case",
        "T20.policy.transmission_start_arbitration",
        "--binary",
        "J:/Code/Kernel_v2/build/d1.06-release/tests/contract/authorization/Release/ock_policy_tests.exe",
        "--runtime-dir",
        "J:/Code/Kernel_v2/build/msvc-validation/e8697b7e3597a578/bin",
        "--includes",
        "J:/Code/Kernel_v2|J:/Code/Kernel_v2/tests/compile/contracts|J:/Code/Kernel_v2/packages/runtime/include|J:/Code/Kernel_v2/packages/contracts/include|J:/Code/Kernel_v2/packages/foundation/include|J:/Code/Kernel_v2/build/d0.06-a/cache/sources/expected-fe3b18aecb84/include",
        "--generator",
        "Visual Studio 17 2022",
        "--platform",
        "x64",
        "--toolset",
        "v143,version=14.44.35207",
        "--sdk",
        "10.0.26100.0",
        "--config",
        "Release",
        "--work",
        "J:/Code/Kernel_v2/build/d1.06-release/tests/contract/authorization/child-runs",
        "--root-build",
        "J:/Code/Kernel_v2/build/d1.06-release",
        "--target-metadata",
        "J:/Code/Kernel_v2/build/d1.06-release/tests/contract/authorization/policy-target-Release.json"
      ],
      "config" : "Release",
      "name" : "T20.policy.transmission_start_arbitration",
      "properties" : 
      [
        {
          "name" : "ENVIRONMENT",
          "value" : 
          [
            "MSBUILDDISABLENODEREUSE=1"
          ]
        },
        {
          "name" : "ENVIRONMENT_MODIFICATION",
          "value" : 
          [
            "PATH=path_list_prepend:J:/Code/Kernel_v2/build/msvc-validation/e8697b7e3597a578/bin"
          ]
        },
        {
          "name" : "LABELS",
          "value" : 
          [
            "D1.04"
          ]
        },
        {
          "name" : "TIMEOUT",
          "value" : 600.0
        },
        {
          "name" : "WORKING_DIRECTORY",
          "value" : "J:/Code/Kernel_v2/build/d1.06-release/tests/contract/authorization"
        }
      ]
    },
    {
      "command" : 
      [
        "J:/Code/Kernel_v2/build/d1.06-release/tests/contract/authorization/Release/ock_policy_tests.exe",
        "T20.policy.unknown_start_no_retry"
      ],
      "config" : "Release",
      "name" : "T20.policy.unknown_start_no_retry",
      "properties" : 
      [
        {
          "name" : "ENVIRONMENT",
          "value" : 
          [
            "MSBUILDDISABLENODEREUSE=1"
          ]
        },
        {
          "name" : "ENVIRONMENT_MODIFICATION",
          "value" : 
          [
            "PATH=path_list_prepend:J:/Code/Kernel_v2/build/msvc-validation/e8697b7e3597a578/bin"
          ]
        },
        {
          "name" : "LABELS",
          "value" : 
          [
            "D1.04"
          ]
        },
        {
          "name" : "TIMEOUT",
          "value" : 600.0
        },
        {
          "name" : "WORKING_DIRECTORY",
          "value" : "J:/Code/Kernel_v2/build/d1.06-release/tests/contract/authorization"
        }
      ]
    },
    {
      "command" : 
      [
        "J:/Code/Kernel_v2/build/d1.06-release/tests/contract/authorization/Release/ock_policy_tests.exe",
        "T20.policy.unsubscribe_inflight"
      ],
      "config" : "Release",
      "name" : "T20.policy.unsubscribe_inflight",
      "properties" : 
      [
        {
          "name" : "ENVIRONMENT",
          "value" : 
          [
            "MSBUILDDISABLENODEREUSE=1"
          ]
        },
        {
          "name" : "ENVIRONMENT_MODIFICATION",
          "value" : 
          [
            "PATH=path_list_prepend:J:/Code/Kernel_v2/build/msvc-validation/e8697b7e3597a578/bin"
          ]
        },
        {
          "name" : "LABELS",
          "value" : 
          [
            "D1.04"
          ]
        },
        {
          "name" : "TIMEOUT",
          "value" : 600.0
        },
        {
          "name" : "WORKING_DIRECTORY",
          "value" : "J:/Code/Kernel_v2/build/d1.06-release/tests/contract/authorization"
        }
      ]
    },
    {
      "command" : 
      [
        "J:/Code/Kernel_v2/build/d1.06-release/tests/contract/native/Release/ock_native_tests.exe",
        "T02.native.candidate_read_dispatch"
      ],
      "config" : "Release",
      "name" : "T02.native.candidate_read_dispatch",
      "properties" : 
      [
        {
          "name" : "ENVIRONMENT",
          "value" : 
          [
            "MSBUILDDISABLENODEREUSE=1"
          ]
        },
        {
          "name" : "ENVIRONMENT_MODIFICATION",
          "value" : 
          [
            "PATH=path_list_prepend:J:/Code/Kernel_v2/build/msvc-validation/e8697b7e3597a578/bin"
          ]
        },
        {
          "name" : "LABELS",
          "value" : 
          [
            "D1.05"
          ]
        },
        {
          "name" : "TIMEOUT",
          "value" : 600.0
        },
        {
          "name" : "WORKING_DIRECTORY",
          "value" : "J:/Code/Kernel_v2/build/d1.06-release/tests/contract/native"
        }
      ]
    },
    {
      "command" : 
      [
        "J:/Code/Kernel_v2/build/d1.06-release/tests/contract/native/Release/ock_native_tests.exe",
        "T02.native.exact_binding"
      ],
      "config" : "Release",
      "name" : "T02.native.exact_binding",
      "properties" : 
      [
        {
          "name" : "ENVIRONMENT",
          "value" : 
          [
            "MSBUILDDISABLENODEREUSE=1"
          ]
        },
        {
          "name" : "ENVIRONMENT_MODIFICATION",
          "value" : 
          [
            "PATH=path_list_prepend:J:/Code/Kernel_v2/build/msvc-validation/e8697b7e3597a578/bin"
          ]
        },
        {
          "name" : "LABELS",
          "value" : 
          [
            "D1.05"
          ]
        },
        {
          "name" : "TIMEOUT",
          "value" : 600.0
        },
        {
          "name" : "WORKING_DIRECTORY",
          "value" : "J:/Code/Kernel_v2/build/d1.06-release/tests/contract/native"
        }
      ]
    },
    {
      "command" : 
      [
        "J:/Code/Kernel_v2/build/d1.06-release/tests/contract/native/Release/ock_native_tests.exe",
        "T02.native.invalid_input"
      ],
      "config" : "Release",
      "name" : "T02.native.invalid_input",
      "properties" : 
      [
        {
          "name" : "ENVIRONMENT",
          "value" : 
          [
            "MSBUILDDISABLENODEREUSE=1"
          ]
        },
        {
          "name" : "ENVIRONMENT_MODIFICATION",
          "value" : 
          [
            "PATH=path_list_prepend:J:/Code/Kernel_v2/build/msvc-validation/e8697b7e3597a578/bin"
          ]
        },
        {
          "name" : "LABELS",
          "value" : 
          [
            "D1.05"
          ]
        },
        {
          "name" : "TIMEOUT",
          "value" : 600.0
        },
        {
          "name" : "WORKING_DIRECTORY",
          "value" : "J:/Code/Kernel_v2/build/d1.06-release/tests/contract/native"
        }
      ]
    },
    {
      "command" : 
      [
        "J:/Code/Kernel_v2/build/runtime/python311/python.exe",
        "-X",
        "utf8",
        "J:\\Code\\Kernel_v2\\tests\\contract\\native\\verify_children.py",
        "--case",
        "T02.native.private_dispatch",
        "--binary",
        "J:/Code/Kernel_v2/build/d1.06-release/tests/contract/native/Release/ock_native_tests.exe",
        "--runtime-dir",
        "J:/Code/Kernel_v2/build/msvc-validation/e8697b7e3597a578/bin",
        "--includes",
        "J:/Code/Kernel_v2|J:/Code/Kernel_v2/tests/compile/contracts|J:/Code/Kernel_v2/packages/runtime/include|J:/Code/Kernel_v2/packages/contracts/include|J:/Code/Kernel_v2/packages/foundation/include|J:/Code/Kernel_v2/build/d0.06-a/cache/sources/expected-fe3b18aecb84/include",
        "--generator",
        "Visual Studio 17 2022",
        "--platform",
        "x64",
        "--toolset",
        "v143,version=14.44.35207",
        "--sdk",
        "10.0.26100.0",
        "--config",
        "Release",
        "--work",
        "J:/Code/Kernel_v2/build/d1.06-release/tests/contract/native/child-runs",
        "--root-build",
        "J:/Code/Kernel_v2/build/d1.06-release",
        "--target-metadata",
        "J:/Code/Kernel_v2/build/d1.06-release/tests/contract/native/native-target-Release.json",
        "--example",
        "J:/Code/Kernel_v2/build/d1.06-release/examples/native_service/Release/ock_native_service.exe"
      ],
      "config" : "Release",
      "name" : "T02.native.private_dispatch",
      "properties" : 
      [
        {
          "name" : "ENVIRONMENT",
          "value" : 
          [
            "MSBUILDDISABLENODEREUSE=1"
          ]
        },
        {
          "name" : "ENVIRONMENT_MODIFICATION",
          "value" : 
          [
            "PATH=path_list_prepend:J:/Code/Kernel_v2/build/msvc-validation/e8697b7e3597a578/bin"
          ]
        },
        {
          "name" : "LABELS",
          "value" : 
          [
            "D1.05"
          ]
        },
        {
          "name" : "TIMEOUT",
          "value" : 600.0
        },
        {
          "name" : "WORKING_DIRECTORY",
          "value" : "J:/Code/Kernel_v2/build/d1.06-release/tests/contract/native"
        }
      ]
    },
    {
      "command" : 
      [
        "J:/Code/Kernel_v2/build/d1.06-release/tests/contract/native/Release/ock_native_tests.exe",
        "T02.native.registered_compute"
      ],
      "config" : "Release",
      "name" : "T02.native.registered_compute",
      "properties" : 
      [
        {
          "name" : "ENVIRONMENT",
          "value" : 
          [
            "MSBUILDDISABLENODEREUSE=1"
          ]
        },
        {
          "name" : "ENVIRONMENT_MODIFICATION",
          "value" : 
          [
            "PATH=path_list_prepend:J:/Code/Kernel_v2/build/msvc-validation/e8697b7e3597a578/bin"
          ]
        },
        {
          "name" : "LABELS",
          "value" : 
          [
            "D1.05"
          ]
        },
        {
          "name" : "TIMEOUT",
          "value" : 600.0
        },
        {
          "name" : "WORKING_DIRECTORY",
          "value" : "J:/Code/Kernel_v2/build/d1.06-release/tests/contract/native"
        }
      ]
    },
    {
      "command" : 
      [
        "J:/Code/Kernel_v2/build/d1.06-release/tests/contract/native/Release/ock_native_tests.exe",
        "T02.native.registered_read"
      ],
      "config" : "Release",
      "name" : "T02.native.registered_read",
      "properties" : 
      [
        {
          "name" : "ENVIRONMENT",
          "value" : 
          [
            "MSBUILDDISABLENODEREUSE=1"
          ]
        },
        {
          "name" : "ENVIRONMENT_MODIFICATION",
          "value" : 
          [
            "PATH=path_list_prepend:J:/Code/Kernel_v2/build/msvc-validation/e8697b7e3597a578/bin"
          ]
        },
        {
          "name" : "LABELS",
          "value" : 
          [
            "D1.05"
          ]
        },
        {
          "name" : "TIMEOUT",
          "value" : 600.0
        },
        {
          "name" : "WORKING_DIRECTORY",
          "value" : "J:/Code/Kernel_v2/build/d1.06-release/tests/contract/native"
        }
      ]
    },
    {
      "command" : 
      [
        "J:/Code/Kernel_v2/build/d1.06-release/tests/contract/native/Release/ock_native_tests.exe",
        "T02.native.validation_exception"
      ],
      "config" : "Release",
      "name" : "T02.native.validation_exception",
      "properties" : 
      [
        {
          "name" : "ENVIRONMENT",
          "value" : 
          [
            "MSBUILDDISABLENODEREUSE=1"
          ]
        },
        {
          "name" : "ENVIRONMENT_MODIFICATION",
          "value" : 
          [
            "PATH=path_list_prepend:J:/Code/Kernel_v2/build/msvc-validation/e8697b7e3597a578/bin"
          ]
        },
        {
          "name" : "LABELS",
          "value" : 
          [
            "D1.05"
          ]
        },
        {
          "name" : "TIMEOUT",
          "value" : 600.0
        },
        {
          "name" : "WORKING_DIRECTORY",
          "value" : "J:/Code/Kernel_v2/build/d1.06-release/tests/contract/native"
        }
      ]
    },
    {
      "command" : 
      [
        "J:/Code/Kernel_v2/build/d1.06-release/tests/contract/native/Release/ock_native_tests.exe",
        "T03.native.cancel_and_budget"
      ],
      "config" : "Release",
      "name" : "T03.native.cancel_and_budget",
      "properties" : 
      [
        {
          "name" : "ENVIRONMENT",
          "value" : 
          [
            "MSBUILDDISABLENODEREUSE=1"
          ]
        },
        {
          "name" : "ENVIRONMENT_MODIFICATION",
          "value" : 
          [
            "PATH=path_list_prepend:J:/Code/Kernel_v2/build/msvc-validation/e8697b7e3597a578/bin"
          ]
        },
        {
          "name" : "LABELS",
          "value" : 
          [
            "D1.05"
          ]
        },
        {
          "name" : "TIMEOUT",
          "value" : 600.0
        },
        {
          "name" : "WORKING_DIRECTORY",
          "value" : "J:/Code/Kernel_v2/build/d1.06-release/tests/contract/native"
        }
      ]
    },
    {
      "command" : 
      [
        "J:/Code/Kernel_v2/build/runtime/python311/python.exe",
        "-X",
        "utf8",
        "J:\\Code\\Kernel_v2\\tests\\contract\\native\\verify_children.py",
        "--case",
        "T03.native.component_boundary",
        "--binary",
        "J:/Code/Kernel_v2/build/d1.06-release/tests/contract/native/Release/ock_native_tests.exe",
        "--runtime-dir",
        "J:/Code/Kernel_v2/build/msvc-validation/e8697b7e3597a578/bin",
        "--includes",
        "J:/Code/Kernel_v2|J:/Code/Kernel_v2/tests/compile/contracts|J:/Code/Kernel_v2/packages/runtime/include|J:/Code/Kernel_v2/packages/contracts/include|J:/Code/Kernel_v2/packages/foundation/include|J:/Code/Kernel_v2/build/d0.06-a/cache/sources/expected-fe3b18aecb84/include",
        "--generator",
        "Visual Studio 17 2022",
        "--platform",
        "x64",
        "--toolset",
        "v143,version=14.44.35207",
        "--sdk",
        "10.0.26100.0",
        "--config",
        "Release",
        "--work",
        "J:/Code/Kernel_v2/build/d1.06-release/tests/contract/native/child-runs",
        "--root-build",
        "J:/Code/Kernel_v2/build/d1.06-release",
        "--target-metadata",
        "J:/Code/Kernel_v2/build/d1.06-release/tests/contract/native/native-target-Release.json",
        "--example",
        "J:/Code/Kernel_v2/build/d1.06-release/examples/native_service/Release/ock_native_service.exe"
      ],
      "config" : "Release",
      "name" : "T03.native.component_boundary",
      "properties" : 
      [
        {
          "name" : "ENVIRONMENT",
          "value" : 
          [
            "MSBUILDDISABLENODEREUSE=1"
          ]
        },
        {
          "name" : "ENVIRONMENT_MODIFICATION",
          "value" : 
          [
            "PATH=path_list_prepend:J:/Code/Kernel_v2/build/msvc-validation/e8697b7e3597a578/bin"
          ]
        },
        {
          "name" : "LABELS",
          "value" : 
          [
            "D1.05"
          ]
        },
        {
          "name" : "TIMEOUT",
          "value" : 600.0
        },
        {
          "name" : "WORKING_DIRECTORY",
          "value" : "J:/Code/Kernel_v2/build/d1.06-release/tests/contract/native"
        }
      ]
    },
    {
      "command" : 
      [
        "J:/Code/Kernel_v2/build/runtime/python311/python.exe",
        "-X",
        "utf8",
        "J:\\Code\\Kernel_v2\\tests\\contract\\native\\verify_children.py",
        "--case",
        "T03.native.example_consumer",
        "--binary",
        "J:/Code/Kernel_v2/build/d1.06-release/tests/contract/native/Release/ock_native_tests.exe",
        "--runtime-dir",
        "J:/Code/Kernel_v2/build/msvc-validation/e8697b7e3597a578/bin",
        "--includes",
        "J:/Code/Kernel_v2|J:/Code/Kernel_v2/tests/compile/contracts|J:/Code/Kernel_v2/packages/runtime/include|J:/Code/Kernel_v2/packages/contracts/include|J:/Code/Kernel_v2/packages/foundation/include|J:/Code/Kernel_v2/build/d0.06-a/cache/sources/expected-fe3b18aecb84/include",
        "--generator",
        "Visual Studio 17 2022",
        "--platform",
        "x64",
        "--toolset",
        "v143,version=14.44.35207",
        "--sdk",
        "10.0.26100.0",
        "--config",
        "Release",
        "--work",
        "J:/Code/Kernel_v2/build/d1.06-release/tests/contract/native/child-runs",
        "--root-build",
        "J:/Code/Kernel_v2/build/d1.06-release",
        "--target-metadata",
        "J:/Code/Kernel_v2/build/d1.06-release/tests/contract/native/native-target-Release.json",
        "--example",
        "J:/Code/Kernel_v2/build/d1.06-release/examples/native_service/Release/ock_native_service.exe"
      ],
      "config" : "Release",
      "name" : "T03.native.example_consumer",
      "properties" : 
      [
        {
          "name" : "ENVIRONMENT",
          "value" : 
          [
            "MSBUILDDISABLENODEREUSE=1"
          ]
        },
        {
          "name" : "ENVIRONMENT_MODIFICATION",
          "value" : 
          [
            "PATH=path_list_prepend:J:/Code/Kernel_v2/build/msvc-validation/e8697b7e3597a578/bin"
          ]
        },
        {
          "name" : "LABELS",
          "value" : 
          [
            "D1.05"
          ]
        },
        {
          "name" : "TIMEOUT",
          "value" : 600.0
        },
        {
          "name" : "WORKING_DIRECTORY",
          "value" : "J:/Code/Kernel_v2/build/d1.06-release/tests/contract/native"
        }
      ]
    },
    {
      "command" : 
      [
        "J:/Code/Kernel_v2/build/runtime/python311/python.exe",
        "-X",
        "utf8",
        "J:\\Code\\Kernel_v2\\tests\\contract\\native\\verify_children.py",
        "--case",
        "T03.native.no_self_wait",
        "--binary",
        "J:/Code/Kernel_v2/build/d1.06-release/tests/contract/native/Release/ock_native_tests.exe",
        "--runtime-dir",
        "J:/Code/Kernel_v2/build/msvc-validation/e8697b7e3597a578/bin",
        "--includes",
        "J:/Code/Kernel_v2|J:/Code/Kernel_v2/tests/compile/contracts|J:/Code/Kernel_v2/packages/runtime/include|J:/Code/Kernel_v2/packages/contracts/include|J:/Code/Kernel_v2/packages/foundation/include|J:/Code/Kernel_v2/build/d0.06-a/cache/sources/expected-fe3b18aecb84/include",
        "--generator",
        "Visual Studio 17 2022",
        "--platform",
        "x64",
        "--toolset",
        "v143,version=14.44.35207",
        "--sdk",
        "10.0.26100.0",
        "--config",
        "Release",
        "--work",
        "J:/Code/Kernel_v2/build/d1.06-release/tests/contract/native/child-runs",
        "--root-build",
        "J:/Code/Kernel_v2/build/d1.06-release",
        "--target-metadata",
        "J:/Code/Kernel_v2/build/d1.06-release/tests/contract/native/native-target-Release.json",
        "--example",
        "J:/Code/Kernel_v2/build/d1.06-release/examples/native_service/Release/ock_native_service.exe"
      ],
      "config" : "Release",
      "name" : "T03.native.no_self_wait",
      "properties" : 
      [
        {
          "name" : "ENVIRONMENT",
          "value" : 
          [
            "MSBUILDDISABLENODEREUSE=1"
          ]
        },
        {
          "name" : "ENVIRONMENT_MODIFICATION",
          "value" : 
          [
            "PATH=path_list_prepend:J:/Code/Kernel_v2/build/msvc-validation/e8697b7e3597a578/bin"
          ]
        },
        {
          "name" : "LABELS",
          "value" : 
          [
            "D1.05"
          ]
        },
        {
          "name" : "TIMEOUT",
          "value" : 600.0
        },
        {
          "name" : "WORKING_DIRECTORY",
          "value" : "J:/Code/Kernel_v2/build/d1.06-release/tests/contract/native"
        }
      ]
    },
    {
      "command" : 
      [
        "J:/Code/Kernel_v2/build/d1.06-release/tests/contract/native/Release/ock_native_tests.exe",
        "T03.native.no_task_path"
      ],
      "config" : "Release",
      "name" : "T03.native.no_task_path",
      "properties" : 
      [
        {
          "name" : "ENVIRONMENT",
          "value" : 
          [
            "MSBUILDDISABLENODEREUSE=1"
          ]
        },
        {
          "name" : "ENVIRONMENT_MODIFICATION",
          "value" : 
          [
            "PATH=path_list_prepend:J:/Code/Kernel_v2/build/msvc-validation/e8697b7e3597a578/bin"
          ]
        },
        {
          "name" : "LABELS",
          "value" : 
          [
            "D1.05"
          ]
        },
        {
          "name" : "TIMEOUT",
          "value" : 600.0
        },
        {
          "name" : "WORKING_DIRECTORY",
          "value" : "J:/Code/Kernel_v2/build/d1.06-release/tests/contract/native"
        }
      ]
    },
    {
      "command" : 
      [
        "J:/Code/Kernel_v2/build/d1.06-release/tests/contract/native/Release/ock_native_tests.exe",
        "T03.native.provider_unavailable"
      ],
      "config" : "Release",
      "name" : "T03.native.provider_unavailable",
      "properties" : 
      [
        {
          "name" : "ENVIRONMENT",
          "value" : 
          [
            "MSBUILDDISABLENODEREUSE=1"
          ]
        },
        {
          "name" : "ENVIRONMENT_MODIFICATION",
          "value" : 
          [
            "PATH=path_list_prepend:J:/Code/Kernel_v2/build/msvc-validation/e8697b7e3597a578/bin"
          ]
        },
        {
          "name" : "LABELS",
          "value" : 
          [
            "D1.05"
          ]
        },
        {
          "name" : "TIMEOUT",
          "value" : 600.0
        },
        {
          "name" : "WORKING_DIRECTORY",
          "value" : "J:/Code/Kernel_v2/build/d1.06-release/tests/contract/native"
        }
      ]
    },
    {
      "command" : 
      [
        "J:/Code/Kernel_v2/build/d1.06-release/tests/contract/native/Release/ock_native_tests.exe",
        "T03.native.reentrant_and_concurrent"
      ],
      "config" : "Release",
      "name" : "T03.native.reentrant_and_concurrent",
      "properties" : 
      [
        {
          "name" : "ENVIRONMENT",
          "value" : 
          [
            "MSBUILDDISABLENODEREUSE=1"
          ]
        },
        {
          "name" : "ENVIRONMENT_MODIFICATION",
          "value" : 
          [
            "PATH=path_list_prepend:J:/Code/Kernel_v2/build/msvc-validation/e8697b7e3597a578/bin"
          ]
        },
        {
          "name" : "LABELS",
          "value" : 
          [
            "D1.05"
          ]
        },
        {
          "name" : "TIMEOUT",
          "value" : 600.0
        },
        {
          "name" : "WORKING_DIRECTORY",
          "value" : "J:/Code/Kernel_v2/build/d1.06-release/tests/contract/native"
        }
      ]
    },
    {
      "command" : 
      [
        "J:/Code/Kernel_v2/build/d1.06-release/tests/contract/native/Release/ock_native_tests.exe",
        "T03.native.resource_lifetime"
      ],
      "config" : "Release",
      "name" : "T03.native.resource_lifetime",
      "properties" : 
      [
        {
          "name" : "ENVIRONMENT",
          "value" : 
          [
            "MSBUILDDISABLENODEREUSE=1"
          ]
        },
        {
          "name" : "ENVIRONMENT_MODIFICATION",
          "value" : 
          [
            "PATH=path_list_prepend:J:/Code/Kernel_v2/build/msvc-validation/e8697b7e3597a578/bin"
          ]
        },
        {
          "name" : "LABELS",
          "value" : 
          [
            "D1.05"
          ]
        },
        {
          "name" : "TIMEOUT",
          "value" : 600.0
        },
        {
          "name" : "WORKING_DIRECTORY",
          "value" : "J:/Code/Kernel_v2/build/d1.06-release/tests/contract/native"
        }
      ]
    },
    {
      "command" : 
      [
        "J:/Code/Kernel_v2/build/d1.06-release/tests/contract/native/Release/ock_native_tests.exe",
        "T03.native.thread_modes"
      ],
      "config" : "Release",
      "name" : "T03.native.thread_modes",
      "properties" : 
      [
        {
          "name" : "ENVIRONMENT",
          "value" : 
          [
            "MSBUILDDISABLENODEREUSE=1"
          ]
        },
        {
          "name" : "ENVIRONMENT_MODIFICATION",
          "value" : 
          [
            "PATH=path_list_prepend:J:/Code/Kernel_v2/build/msvc-validation/e8697b7e3597a578/bin"
          ]
        },
        {
          "name" : "LABELS",
          "value" : 
          [
            "D1.05"
          ]
        },
        {
          "name" : "TIMEOUT",
          "value" : 600.0
        },
        {
          "name" : "WORKING_DIRECTORY",
          "value" : "J:/Code/Kernel_v2/build/d1.06-release/tests/contract/native"
        }
      ]
    },
    {
      "command" : 
      [
        "J:/Code/Kernel_v2/build/d1.06-release/tests/contract/native/Release/ock_native_tests.exe",
        "T03.native.thread_origin"
      ],
      "config" : "Release",
      "name" : "T03.native.thread_origin",
      "properties" : 
      [
        {
          "name" : "ENVIRONMENT",
          "value" : 
          [
            "MSBUILDDISABLENODEREUSE=1"
          ]
        },
        {
          "name" : "ENVIRONMENT_MODIFICATION",
          "value" : 
          [
            "PATH=path_list_prepend:J:/Code/Kernel_v2/build/msvc-validation/e8697b7e3597a578/bin"
          ]
        },
        {
          "name" : "LABELS",
          "value" : 
          [
            "D1.05"
          ]
        },
        {
          "name" : "TIMEOUT",
          "value" : 600.0
        },
        {
          "name" : "WORKING_DIRECTORY",
          "value" : "J:/Code/Kernel_v2/build/d1.06-release/tests/contract/native"
        }
      ]
    },
    {
      "command" : 
      [
        "J:/Code/Kernel_v2/build/d1.06-release/tests/contract/native/Release/ock_native_tests.exe",
        "T06.native.admission_order"
      ],
      "config" : "Release",
      "name" : "T06.native.admission_order",
      "properties" : 
      [
        {
          "name" : "ENVIRONMENT",
          "value" : 
          [
            "MSBUILDDISABLENODEREUSE=1"
          ]
        },
        {
          "name" : "ENVIRONMENT_MODIFICATION",
          "value" : 
          [
            "PATH=path_list_prepend:J:/Code/Kernel_v2/build/msvc-validation/e8697b7e3597a578/bin"
          ]
        },
        {
          "name" : "LABELS",
          "value" : 
          [
            "D1.05"
          ]
        },
        {
          "name" : "TIMEOUT",
          "value" : 600.0
        },
        {
          "name" : "WORKING_DIRECTORY",
          "value" : "J:/Code/Kernel_v2/build/d1.06-release/tests/contract/native"
        }
      ]
    },
    {
      "command" : 
      [
        "J:/Code/Kernel_v2/build/d1.06-release/tests/contract/native/Release/ock_native_tests.exe",
        "T06.native.authority_origin"
      ],
      "config" : "Release",
      "name" : "T06.native.authority_origin",
      "properties" : 
      [
        {
          "name" : "ENVIRONMENT",
          "value" : 
          [
            "MSBUILDDISABLENODEREUSE=1"
          ]
        },
        {
          "name" : "ENVIRONMENT_MODIFICATION",
          "value" : 
          [
            "PATH=path_list_prepend:J:/Code/Kernel_v2/build/msvc-validation/e8697b7e3597a578/bin"
          ]
        },
        {
          "name" : "LABELS",
          "value" : 
          [
            "D1.05"
          ]
        },
        {
          "name" : "TIMEOUT",
          "value" : 600.0
        },
        {
          "name" : "WORKING_DIRECTORY",
          "value" : "J:/Code/Kernel_v2/build/d1.06-release/tests/contract/native"
        }
      ]
    },
    {
      "command" : 
      [
        "J:/Code/Kernel_v2/build/d1.06-release/tests/contract/native/Release/ock_native_tests.exe",
        "T06.native.business_failure"
      ],
      "config" : "Release",
      "name" : "T06.native.business_failure",
      "properties" : 
      [
        {
          "name" : "ENVIRONMENT",
          "value" : 
          [
            "MSBUILDDISABLENODEREUSE=1"
          ]
        },
        {
          "name" : "ENVIRONMENT_MODIFICATION",
          "value" : 
          [
            "PATH=path_list_prepend:J:/Code/Kernel_v2/build/msvc-validation/e8697b7e3597a578/bin"
          ]
        },
        {
          "name" : "LABELS",
          "value" : 
          [
            "D1.05"
          ]
        },
        {
          "name" : "TIMEOUT",
          "value" : 600.0
        },
        {
          "name" : "WORKING_DIRECTORY",
          "value" : "J:/Code/Kernel_v2/build/d1.06-release/tests/contract/native"
        }
      ]
    },
    {
      "command" : 
      [
        "J:/Code/Kernel_v2/build/d1.06-release/tests/contract/native/Release/ock_native_tests.exe",
        "T06.native.invalid_output"
      ],
      "config" : "Release",
      "name" : "T06.native.invalid_output",
      "properties" : 
      [
        {
          "name" : "ENVIRONMENT",
          "value" : 
          [
            "MSBUILDDISABLENODEREUSE=1"
          ]
        },
        {
          "name" : "ENVIRONMENT_MODIFICATION",
          "value" : 
          [
            "PATH=path_list_prepend:J:/Code/Kernel_v2/build/msvc-validation/e8697b7e3597a578/bin"
          ]
        },
        {
          "name" : "LABELS",
          "value" : 
          [
            "D1.05"
          ]
        },
        {
          "name" : "TIMEOUT",
          "value" : 600.0
        },
        {
          "name" : "WORKING_DIRECTORY",
          "value" : "J:/Code/Kernel_v2/build/d1.06-release/tests/contract/native"
        }
      ]
    },
    {
      "command" : 
      [
        "J:/Code/Kernel_v2/build/d1.06-release/tests/contract/native/Release/ock_native_tests.exe",
        "T06.native.lifecycle_replacement"
      ],
      "config" : "Release",
      "name" : "T06.native.lifecycle_replacement",
      "properties" : 
      [
        {
          "name" : "ENVIRONMENT",
          "value" : 
          [
            "MSBUILDDISABLENODEREUSE=1"
          ]
        },
        {
          "name" : "ENVIRONMENT_MODIFICATION",
          "value" : 
          [
            "PATH=path_list_prepend:J:/Code/Kernel_v2/build/msvc-validation/e8697b7e3597a578/bin"
          ]
        },
        {
          "name" : "LABELS",
          "value" : 
          [
            "D1.05"
          ]
        },
        {
          "name" : "TIMEOUT",
          "value" : 600.0
        },
        {
          "name" : "WORKING_DIRECTORY",
          "value" : "J:/Code/Kernel_v2/build/d1.06-release/tests/contract/native"
        }
      ]
    },
    {
      "command" : 
      [
        "J:/Code/Kernel_v2/build/d1.06-release/tests/contract/native/Release/ock_native_tests.exe",
        "T06.native.outcome_consistency"
      ],
      "config" : "Release",
      "name" : "T06.native.outcome_consistency",
      "properties" : 
      [
        {
          "name" : "ENVIRONMENT",
          "value" : 
          [
            "MSBUILDDISABLENODEREUSE=1"
          ]
        },
        {
          "name" : "ENVIRONMENT_MODIFICATION",
          "value" : 
          [
            "PATH=path_list_prepend:J:/Code/Kernel_v2/build/msvc-validation/e8697b7e3597a578/bin"
          ]
        },
        {
          "name" : "LABELS",
          "value" : 
          [
            "D1.05"
          ]
        },
        {
          "name" : "TIMEOUT",
          "value" : 600.0
        },
        {
          "name" : "WORKING_DIRECTORY",
          "value" : "J:/Code/Kernel_v2/build/d1.06-release/tests/contract/native"
        }
      ]
    },
    {
      "command" : 
      [
        "J:/Code/Kernel_v2/build/d1.06-release/tests/contract/native/Release/ock_native_tests.exe",
        "T06.native.permission_intersection"
      ],
      "config" : "Release",
      "name" : "T06.native.permission_intersection",
      "properties" : 
      [
        {
          "name" : "ENVIRONMENT",
          "value" : 
          [
            "MSBUILDDISABLENODEREUSE=1"
          ]
        },
        {
          "name" : "ENVIRONMENT_MODIFICATION",
          "value" : 
          [
            "PATH=path_list_prepend:J:/Code/Kernel_v2/build/msvc-validation/e8697b7e3597a578/bin"
          ]
        },
        {
          "name" : "LABELS",
          "value" : 
          [
            "D1.05"
          ]
        },
        {
          "name" : "TIMEOUT",
          "value" : 600.0
        },
        {
          "name" : "WORKING_DIRECTORY",
          "value" : "J:/Code/Kernel_v2/build/d1.06-release/tests/contract/native"
        }
      ]
    },
    {
      "command" : 
      [
        "J:/Code/Kernel_v2/build/d1.06-release/tests/contract/native/Release/ock_native_tests.exe",
        "T06.native.policy_contract_alignment"
      ],
      "config" : "Release",
      "name" : "T06.native.policy_contract_alignment",
      "properties" : 
      [
        {
          "name" : "ENVIRONMENT",
          "value" : 
          [
            "MSBUILDDISABLENODEREUSE=1"
          ]
        },
        {
          "name" : "ENVIRONMENT_MODIFICATION",
          "value" : 
          [
            "PATH=path_list_prepend:J:/Code/Kernel_v2/build/msvc-validation/e8697b7e3597a578/bin"
          ]
        },
        {
          "name" : "LABELS",
          "value" : 
          [
            "D1.05"
          ]
        },
        {
          "name" : "TIMEOUT",
          "value" : 600.0
        },
        {
          "name" : "WORKING_DIRECTORY",
          "value" : "J:/Code/Kernel_v2/build/d1.06-release/tests/contract/native"
        }
      ]
    },
    {
      "command" : 
      [
        "J:/Code/Kernel_v2/build/d1.06-release/tests/contract/native/Release/ock_native_tests.exe",
        "T06.native.revoke_and_regrant"
      ],
      "config" : "Release",
      "name" : "T06.native.revoke_and_regrant",
      "properties" : 
      [
        {
          "name" : "ENVIRONMENT",
          "value" : 
          [
            "MSBUILDDISABLENODEREUSE=1"
          ]
        },
        {
          "name" : "ENVIRONMENT_MODIFICATION",
          "value" : 
          [
            "PATH=path_list_prepend:J:/Code/Kernel_v2/build/msvc-validation/e8697b7e3597a578/bin"
          ]
        },
        {
          "name" : "LABELS",
          "value" : 
          [
            "D1.05"
          ]
        },
        {
          "name" : "TIMEOUT",
          "value" : 600.0
        },
        {
          "name" : "WORKING_DIRECTORY",
          "value" : "J:/Code/Kernel_v2/build/d1.06-release/tests/contract/native"
        }
      ]
    },
    {
      "command" : 
      [
        "J:/Code/Kernel_v2/build/d1.06-release/tests/contract/native/Release/ock_native_tests.exe",
        "T06.native.session_and_deadline"
      ],
      "config" : "Release",
      "name" : "T06.native.session_and_deadline",
      "properties" : 
      [
        {
          "name" : "ENVIRONMENT",
          "value" : 
          [
            "MSBUILDDISABLENODEREUSE=1"
          ]
        },
        {
          "name" : "ENVIRONMENT_MODIFICATION",
          "value" : 
          [
            "PATH=path_list_prepend:J:/Code/Kernel_v2/build/msvc-validation/e8697b7e3597a578/bin"
          ]
        },
        {
          "name" : "LABELS",
          "value" : 
          [
            "D1.05"
          ]
        },
        {
          "name" : "TIMEOUT",
          "value" : 600.0
        },
        {
          "name" : "WORKING_DIRECTORY",
          "value" : "J:/Code/Kernel_v2/build/d1.06-release/tests/contract/native"
        }
      ]
    },
    {
      "command" : 
      [
        "J:/Code/Kernel_v2/build/d1.06-release/tests/contract/native/Release/ock_native_tests.exe",
        "T06.native.target_binding"
      ],
      "config" : "Release",
      "name" : "T06.native.target_binding",
      "properties" : 
      [
        {
          "name" : "ENVIRONMENT",
          "value" : 
          [
            "MSBUILDDISABLENODEREUSE=1"
          ]
        },
        {
          "name" : "ENVIRONMENT_MODIFICATION",
          "value" : 
          [
            "PATH=path_list_prepend:J:/Code/Kernel_v2/build/msvc-validation/e8697b7e3597a578/bin"
          ]
        },
        {
          "name" : "LABELS",
          "value" : 
          [
            "D1.05"
          ]
        },
        {
          "name" : "TIMEOUT",
          "value" : 600.0
        },
        {
          "name" : "WORKING_DIRECTORY",
          "value" : "J:/Code/Kernel_v2/build/d1.06-release/tests/contract/native"
        }
      ]
    },
    {
      "command" : 
      [
        "J:/Code/Kernel_v2/build/runtime/python311/python.exe",
        "-X",
        "utf8",
        "J:\\Code\\Kernel_v2\\tests\\contract\\native\\verify_children.py",
        "--case",
        "T23.native.allocation_governance",
        "--binary",
        "J:/Code/Kernel_v2/build/d1.06-release/tests/contract/native/Release/ock_native_tests.exe",
        "--runtime-dir",
        "J:/Code/Kernel_v2/build/msvc-validation/e8697b7e3597a578/bin",
        "--includes",
        "J:/Code/Kernel_v2|J:/Code/Kernel_v2/tests/compile/contracts|J:/Code/Kernel_v2/packages/runtime/include|J:/Code/Kernel_v2/packages/contracts/include|J:/Code/Kernel_v2/packages/foundation/include|J:/Code/Kernel_v2/build/d0.06-a/cache/sources/expected-fe3b18aecb84/include",
        "--generator",
        "Visual Studio 17 2022",
        "--platform",
        "x64",
        "--toolset",
        "v143,version=14.44.35207",
        "--sdk",
        "10.0.26100.0",
        "--config",
        "Release",
        "--work",
        "J:/Code/Kernel_v2/build/d1.06-release/tests/contract/native/child-runs",
        "--root-build",
        "J:/Code/Kernel_v2/build/d1.06-release",
        "--target-metadata",
        "J:/Code/Kernel_v2/build/d1.06-release/tests/contract/native/native-target-Release.json",
        "--example",
        "J:/Code/Kernel_v2/build/d1.06-release/examples/native_service/Release/ock_native_service.exe"
      ],
      "config" : "Release",
      "name" : "T23.native.allocation_governance",
      "properties" : 
      [
        {
          "name" : "ENVIRONMENT",
          "value" : 
          [
            "MSBUILDDISABLENODEREUSE=1"
          ]
        },
        {
          "name" : "ENVIRONMENT_MODIFICATION",
          "value" : 
          [
            "PATH=path_list_prepend:J:/Code/Kernel_v2/build/msvc-validation/e8697b7e3597a578/bin"
          ]
        },
        {
          "name" : "LABELS",
          "value" : 
          [
            "D1.05"
          ]
        },
        {
          "name" : "TIMEOUT",
          "value" : 600.0
        },
        {
          "name" : "WORKING_DIRECTORY",
          "value" : "J:/Code/Kernel_v2/build/d1.06-release/tests/contract/native"
        }
      ]
    },
    {
      "command" : 
      [
        "J:/Code/Kernel_v2/build/runtime/python311/python.exe",
        "-X",
        "utf8",
        "J:\\Code\\Kernel_v2\\tests\\contract\\native\\verify_children.py",
        "--case",
        "T23.native.allocation_other_costs",
        "--binary",
        "J:/Code/Kernel_v2/build/d1.06-release/tests/contract/native/Release/ock_native_tests.exe",
        "--runtime-dir",
        "J:/Code/Kernel_v2/build/msvc-validation/e8697b7e3597a578/bin",
        "--includes",
        "J:/Code/Kernel_v2|J:/Code/Kernel_v2/tests/compile/contracts|J:/Code/Kernel_v2/packages/runtime/include|J:/Code/Kernel_v2/packages/contracts/include|J:/Code/Kernel_v2/packages/foundation/include|J:/Code/Kernel_v2/build/d0.06-a/cache/sources/expected-fe3b18aecb84/include",
        "--generator",
        "Visual Studio 17 2022",
        "--platform",
        "x64",
        "--toolset",
        "v143,version=14.44.35207",
        "--sdk",
        "10.0.26100.0",
        "--config",
        "Release",
        "--work",
        "J:/Code/Kernel_v2/build/d1.06-release/tests/contract/native/child-runs",
        "--root-build",
        "J:/Code/Kernel_v2/build/d1.06-release",
        "--target-metadata",
        "J:/Code/Kernel_v2/build/d1.06-release/tests/contract/native/native-target-Release.json",
        "--example",
        "J:/Code/Kernel_v2/build/d1.06-release/examples/native_service/Release/ock_native_service.exe"
      ],
      "config" : "Release",
      "name" : "T23.native.allocation_other_costs",
      "properties" : 
      [
        {
          "name" : "ENVIRONMENT",
          "value" : 
          [
            "MSBUILDDISABLENODEREUSE=1"
          ]
        },
        {
          "name" : "ENVIRONMENT_MODIFICATION",
          "value" : 
          [
            "PATH=path_list_prepend:J:/Code/Kernel_v2/build/msvc-validation/e8697b7e3597a578/bin"
          ]
        },
        {
          "name" : "LABELS",
          "value" : 
          [
            "D1.05"
          ]
        },
        {
          "name" : "TIMEOUT",
          "value" : 600.0
        },
        {
          "name" : "WORKING_DIRECTORY",
          "value" : "J:/Code/Kernel_v2/build/d1.06-release/tests/contract/native"
        }
      ]
    },
    {
      "command" : 
      [
        "J:/Code/Kernel_v2/build/runtime/python311/python.exe",
        "-X",
        "utf8",
        "J:\\Code\\Kernel_v2\\tests\\contract\\native\\verify_children.py",
        "--case",
        "T23.native.allocation_probe",
        "--binary",
        "J:/Code/Kernel_v2/build/d1.06-release/tests/contract/native/Release/ock_native_tests.exe",
        "--runtime-dir",
        "J:/Code/Kernel_v2/build/msvc-validation/e8697b7e3597a578/bin",
        "--includes",
        "J:/Code/Kernel_v2|J:/Code/Kernel_v2/tests/compile/contracts|J:/Code/Kernel_v2/packages/runtime/include|J:/Code/Kernel_v2/packages/contracts/include|J:/Code/Kernel_v2/packages/foundation/include|J:/Code/Kernel_v2/build/d0.06-a/cache/sources/expected-fe3b18aecb84/include",
        "--generator",
        "Visual Studio 17 2022",
        "--platform",
        "x64",
        "--toolset",
        "v143,version=14.44.35207",
        "--sdk",
        "10.0.26100.0",
        "--config",
        "Release",
        "--work",
        "J:/Code/Kernel_v2/build/d1.06-release/tests/contract/native/child-runs",
        "--root-build",
        "J:/Code/Kernel_v2/build/d1.06-release",
        "--target-metadata",
        "J:/Code/Kernel_v2/build/d1.06-release/tests/contract/native/native-target-Release.json",
        "--example",
        "J:/Code/Kernel_v2/build/d1.06-release/examples/native_service/Release/ock_native_service.exe"
      ],
      "config" : "Release",
      "name" : "T23.native.allocation_probe",
      "properties" : 
      [
        {
          "name" : "ENVIRONMENT",
          "value" : 
          [
            "MSBUILDDISABLENODEREUSE=1"
          ]
        },
        {
          "name" : "ENVIRONMENT_MODIFICATION",
          "value" : 
          [
            "PATH=path_list_prepend:J:/Code/Kernel_v2/build/msvc-validation/e8697b7e3597a578/bin"
          ]
        },
        {
          "name" : "LABELS",
          "value" : 
          [
            "D1.05"
          ]
        },
        {
          "name" : "TIMEOUT",
          "value" : 600.0
        },
        {
          "name" : "WORKING_DIRECTORY",
          "value" : "J:/Code/Kernel_v2/build/d1.06-release/tests/contract/native"
        }
      ]
    },
    {
      "command" : 
      [
        "J:/Code/Kernel_v2/build/runtime/python311/python.exe",
        "-X",
        "utf8",
        "J:\\Code\\Kernel_v2\\tests\\contract\\native\\verify_children.py",
        "--case",
        "T23.native.allocation_steady",
        "--binary",
        "J:/Code/Kernel_v2/build/d1.06-release/tests/contract/native/Release/ock_native_tests.exe",
        "--runtime-dir",
        "J:/Code/Kernel_v2/build/msvc-validation/e8697b7e3597a578/bin",
        "--includes",
        "J:/Code/Kernel_v2|J:/Code/Kernel_v2/tests/compile/contracts|J:/Code/Kernel_v2/packages/runtime/include|J:/Code/Kernel_v2/packages/contracts/include|J:/Code/Kernel_v2/packages/foundation/include|J:/Code/Kernel_v2/build/d0.06-a/cache/sources/expected-fe3b18aecb84/include",
        "--generator",
        "Visual Studio 17 2022",
        "--platform",
        "x64",
        "--toolset",
        "v143,version=14.44.35207",
        "--sdk",
        "10.0.26100.0",
        "--config",
        "Release",
        "--work",
        "J:/Code/Kernel_v2/build/d1.06-release/tests/contract/native/child-runs",
        "--root-build",
        "J:/Code/Kernel_v2/build/d1.06-release",
        "--target-metadata",
        "J:/Code/Kernel_v2/build/d1.06-release/tests/contract/native/native-target-Release.json",
        "--example",
        "J:/Code/Kernel_v2/build/d1.06-release/examples/native_service/Release/ock_native_service.exe"
      ],
      "config" : "Release",
      "name" : "T23.native.allocation_steady",
      "properties" : 
      [
        {
          "name" : "ENVIRONMENT",
          "value" : 
          [
            "MSBUILDDISABLENODEREUSE=1"
          ]
        },
        {
          "name" : "ENVIRONMENT_MODIFICATION",
          "value" : 
          [
            "PATH=path_list_prepend:J:/Code/Kernel_v2/build/msvc-validation/e8697b7e3597a578/bin"
          ]
        },
        {
          "name" : "LABELS",
          "value" : 
          [
            "D1.05"
          ]
        },
        {
          "name" : "TIMEOUT",
          "value" : 600.0
        },
        {
          "name" : "WORKING_DIRECTORY",
          "value" : "J:/Code/Kernel_v2/build/d1.06-release/tests/contract/native"
        }
      ]
    },
    {
      "backtrace" : 22,
      "command" : 
      [
        "J:/Code/Kernel_v2/build/d1.06-release/tests/contract/host/Release/ock_host_tests.exe",
        "T03.host.ready_gate"
      ],
      "config" : "Release",
      "name" : "T03.host.ready_gate",
      "properties" : 
      [
        {
          "name" : "ENVIRONMENT_MODIFICATION",
          "value" : 
          [
            "PATH=path_list_prepend:J:/Code/Kernel_v2/build/msvc-validation/e8697b7e3597a578/bin"
          ]
        },
        {
          "name" : "LABELS",
          "value" : 
          [
            "D1.06"
          ]
        },
        {
          "name" : "TIMEOUT",
          "value" : 90.0
        },
        {
          "name" : "WORKING_DIRECTORY",
          "value" : "J:/Code/Kernel_v2/build/d1.06-release/tests/contract/host"
        }
      ]
    },
    {
      "backtrace" : 24,
      "command" : 
      [
        "J:/Code/Kernel_v2/build/d1.06-release/tests/contract/host/Release/ock_host_tests.exe",
        "T03.host.start_order"
      ],
      "config" : "Release",
      "name" : "T03.host.start_order",
      "properties" : 
      [
        {
          "name" : "ENVIRONMENT_MODIFICATION",
          "value" : 
          [
            "PATH=path_list_prepend:J:/Code/Kernel_v2/build/msvc-validation/e8697b7e3597a578/bin"
          ]
        },
        {
          "name" : "LABELS",
          "value" : 
          [
            "D1.06"
          ]
        },
        {
          "name" : "TIMEOUT",
          "value" : 90.0
        },
        {
          "name" : "WORKING_DIRECTORY",
          "value" : "J:/Code/Kernel_v2/build/d1.06-release/tests/contract/host"
        }
      ]
    },
    {
      "backtrace" : 26,
      "command" : 
      [
        "J:/Code/Kernel_v2/build/d1.06-release/tests/contract/host/Release/ock_host_tests.exe",
        "T22.host.pending_report"
      ],
      "config" : "Release",
      "name" : "T22.host.pending_report",
      "properties" : 
      [
        {
          "name" : "ENVIRONMENT_MODIFICATION",
          "value" : 
          [
            "PATH=path_list_prepend:J:/Code/Kernel_v2/build/msvc-validation/e8697b7e3597a578/bin"
          ]
        },
        {
          "name" : "LABELS",
          "value" : 
          [
            "D1.06"
          ]
        },
        {
          "name" : "TIMEOUT",
          "value" : 90.0
        },
        {
          "name" : "WORKING_DIRECTORY",
          "value" : "J:/Code/Kernel_v2/build/d1.06-release/tests/contract/host"
        }
      ]
    },
    {
      "backtrace" : 28,
      "command" : 
      [
        "J:/Code/Kernel_v2/build/d1.06-release/tests/contract/host/Release/ock_host_tests.exe",
        "T22.host.lifecycle_reentrancy"
      ],
      "config" : "Release",
      "name" : "T22.host.lifecycle_reentrancy",
      "properties" : 
      [
        {
          "name" : "ENVIRONMENT_MODIFICATION",
          "value" : 
          [
            "PATH=path_list_prepend:J:/Code/Kernel_v2/build/msvc-validation/e8697b7e3597a578/bin"
          ]
        },
        {
          "name" : "LABELS",
          "value" : 
          [
            "D1.06"
          ]
        },
        {
          "name" : "TIMEOUT",
          "value" : 90.0
        },
        {
          "name" : "WORKING_DIRECTORY",
          "value" : "J:/Code/Kernel_v2/build/d1.06-release/tests/contract/host"
        }
      ]
    },
    {
      "backtrace" : 30,
      "command" : 
      [
        "J:/Code/Kernel_v2/build/d1.06-release/tests/contract/host/Release/ock_host_tests.exe",
        "T03.host.catalog_registration"
      ],
      "config" : "Release",
      "name" : "T03.host.catalog_registration",
      "properties" : 
      [
        {
          "name" : "ENVIRONMENT_MODIFICATION",
          "value" : 
          [
            "PATH=path_list_prepend:J:/Code/Kernel_v2/build/msvc-validation/e8697b7e3597a578/bin"
          ]
        },
        {
          "name" : "LABELS",
          "value" : 
          [
            "D1.06"
          ]
        },
        {
          "name" : "TIMEOUT",
          "value" : 90.0
        },
        {
          "name" : "WORKING_DIRECTORY",
          "value" : "J:/Code/Kernel_v2/build/d1.06-release/tests/contract/host"
        }
      ]
    },
    {
      "backtrace" : 32,
      "command" : 
      [
        "J:/Code/Kernel_v2/build/d1.06-release/tests/contract/host/Release/ock_host_tests.exe",
        "T03.host.native_results"
      ],
      "config" : "Release",
      "name" : "T03.host.native_results",
      "properties" : 
      [
        {
          "name" : "ENVIRONMENT_MODIFICATION",
          "value" : 
          [
            "PATH=path_list_prepend:J:/Code/Kernel_v2/build/msvc-validation/e8697b7e3597a578/bin"
          ]
        },
        {
          "name" : "LABELS",
          "value" : 
          [
            "D1.06"
          ]
        },
        {
          "name" : "TIMEOUT",
          "value" : 90.0
        },
        {
          "name" : "WORKING_DIRECTORY",
          "value" : "J:/Code/Kernel_v2/build/d1.06-release/tests/contract/host"
        }
      ]
    },
    {
      "backtrace" : 34,
      "command" : 
      [
        "J:/Code/Kernel_v2/build/d1.06-release/tests/contract/host/Release/ock_host_tests.exe",
        "T03.host.session_ownership"
      ],
      "config" : "Release",
      "name" : "T03.host.session_ownership",
      "properties" : 
      [
        {
          "name" : "ENVIRONMENT_MODIFICATION",
          "value" : 
          [
            "PATH=path_list_prepend:J:/Code/Kernel_v2/build/msvc-validation/e8697b7e3597a578/bin"
          ]
        },
        {
          "name" : "LABELS",
          "value" : 
          [
            "D1.06"
          ]
        },
        {
          "name" : "TIMEOUT",
          "value" : 90.0
        },
        {
          "name" : "WORKING_DIRECTORY",
          "value" : "J:/Code/Kernel_v2/build/d1.06-release/tests/contract/host"
        }
      ]
    },
    {
      "backtrace" : 36,
      "command" : 
      [
        "J:/Code/Kernel_v2/build/d1.06-release/tests/contract/host/Release/ock_host_tests.exe",
        "T03.host.delegation_revoke"
      ],
      "config" : "Release",
      "name" : "T03.host.delegation_revoke",
      "properties" : 
      [
        {
          "name" : "ENVIRONMENT_MODIFICATION",
          "value" : 
          [
            "PATH=path_list_prepend:J:/Code/Kernel_v2/build/msvc-validation/e8697b7e3597a578/bin"
          ]
        },
        {
          "name" : "LABELS",
          "value" : 
          [
            "D1.06"
          ]
        },
        {
          "name" : "TIMEOUT",
          "value" : 90.0
        },
        {
          "name" : "WORKING_DIRECTORY",
          "value" : "J:/Code/Kernel_v2/build/d1.06-release/tests/contract/host"
        }
      ]
    },
    {
      "backtrace" : 38,
      "command" : 
      [
        "J:/Code/Kernel_v2/build/d1.06-release/tests/contract/host/Release/ock_host_tests.exe",
        "T22.host.shutdown_deadline"
      ],
      "config" : "Release",
      "name" : "T22.host.shutdown_deadline",
      "properties" : 
      [
        {
          "name" : "ENVIRONMENT_MODIFICATION",
          "value" : 
          [
            "PATH=path_list_prepend:J:/Code/Kernel_v2/build/msvc-validation/e8697b7e3597a578/bin"
          ]
        },
        {
          "name" : "LABELS",
          "value" : 
          [
            "D1.06"
          ]
        },
        {
          "name" : "TIMEOUT",
          "value" : 90.0
        },
        {
          "name" : "WORKING_DIRECTORY",
          "value" : "J:/Code/Kernel_v2/build/d1.06-release/tests/contract/host"
        }
      ]
    },
    {
      "backtrace" : 40,
      "command" : 
      [
        "J:/Code/Kernel_v2/build/d1.06-release/tests/contract/host/Release/ock_host_tests.exe",
        "T19.host.logging_ownership"
      ],
      "config" : "Release",
      "name" : "T19.host.logging_ownership",
      "properties" : 
      [
        {
          "name" : "ENVIRONMENT_MODIFICATION",
          "value" : 
          [
            "PATH=path_list_prepend:J:/Code/Kernel_v2/build/msvc-validation/e8697b7e3597a578/bin"
          ]
        },
        {
          "name" : "LABELS",
          "value" : 
          [
            "D1.06"
          ]
        },
        {
          "name" : "TIMEOUT",
          "value" : 90.0
        },
        {
          "name" : "WORKING_DIRECTORY",
          "value" : "J:/Code/Kernel_v2/build/d1.06-release/tests/contract/host"
        }
      ]
    },
    {
      "backtrace" : 42,
      "command" : 
      [
        "J:/Code/Kernel_v2/build/d1.06-release/tests/contract/host/Release/ock_host_tests.exe",
        "T22.host.admission_race"
      ],
      "config" : "Release",
      "name" : "T22.host.admission_race",
      "properties" : 
      [
        {
          "name" : "ENVIRONMENT_MODIFICATION",
          "value" : 
          [
            "PATH=path_list_prepend:J:/Code/Kernel_v2/build/msvc-validation/e8697b7e3597a578/bin"
          ]
        },
        {
          "name" : "LABELS",
          "value" : 
          [
            "D1.06"
          ]
        },
        {
          "name" : "TIMEOUT",
          "value" : 90.0
        },
        {
          "name" : "WORKING_DIRECTORY",
          "value" : "J:/Code/Kernel_v2/build/d1.06-release/tests/contract/host"
        }
      ]
    },
    {
      "backtrace" : 44,
      "command" : 
      [
        "J:/Code/Kernel_v2/build/d1.06-release/tests/contract/host/Release/ock_host_tests.exe",
        "T22.host.return_lifetime"
      ],
      "config" : "Release",
      "name" : "T22.host.return_lifetime",
      "properties" : 
      [
        {
          "name" : "ENVIRONMENT_MODIFICATION",
          "value" : 
          [
            "PATH=path_list_prepend:J:/Code/Kernel_v2/build/msvc-validation/e8697b7e3597a578/bin"
          ]
        },
        {
          "name" : "LABELS",
          "value" : 
          [
            "D1.06"
          ]
        },
        {
          "name" : "TIMEOUT",
          "value" : 90.0
        },
        {
          "name" : "WORKING_DIRECTORY",
          "value" : "J:/Code/Kernel_v2/build/d1.06-release/tests/contract/host"
        }
      ]
    },
    {
      "backtrace" : 46,
      "command" : 
      [
        "J:/Code/Kernel_v2/build/d1.06-release/tests/contract/host/Release/ock_host_tests.exe",
        "T22.host.shutdown_order"
      ],
      "config" : "Release",
      "name" : "T22.host.shutdown_order",
      "properties" : 
      [
        {
          "name" : "ENVIRONMENT_MODIFICATION",
          "value" : 
          [
            "PATH=path_list_prepend:J:/Code/Kernel_v2/build/msvc-validation/e8697b7e3597a578/bin"
          ]
        },
        {
          "name" : "LABELS",
          "value" : 
          [
            "D1.06"
          ]
        },
        {
          "name" : "TIMEOUT",
          "value" : 90.0
        },
        {
          "name" : "WORKING_DIRECTORY",
          "value" : "J:/Code/Kernel_v2/build/d1.06-release/tests/contract/host"
        }
      ]
    },
    {
      "backtrace" : 48,
      "command" : 
      [
        "J:/Code/Kernel_v2/build/d1.06-release/tests/contract/host/Release/ock_host_tests.exe",
        "T23.host.steady_allocation"
      ],
      "config" : "Release",
      "name" : "T23.host.steady_allocation",
      "properties" : 
      [
        {
          "name" : "ENVIRONMENT_MODIFICATION",
          "value" : 
          [
            "PATH=path_list_prepend:J:/Code/Kernel_v2/build/msvc-validation/e8697b7e3597a578/bin"
          ]
        },
        {
          "name" : "LABELS",
          "value" : 
          [
            "D1.06"
          ]
        },
        {
          "name" : "TIMEOUT",
          "value" : 90.0
        },
        {
          "name" : "WORKING_DIRECTORY",
          "value" : "J:/Code/Kernel_v2/build/d1.06-release/tests/contract/host"
        }
      ]
    },
    {
      "backtrace" : 50,
      "command" : 
      [
        "J:/Code/Kernel_v2/build/d1.06-release/tests/contract/host/Release/ock_host_tests.exe",
        "T23.host.owner_reclamation"
      ],
      "config" : "Release",
      "name" : "T23.host.owner_reclamation",
      "properties" : 
      [
        {
          "name" : "ENVIRONMENT_MODIFICATION",
          "value" : 
          [
            "PATH=path_list_prepend:J:/Code/Kernel_v2/build/msvc-validation/e8697b7e3597a578/bin"
          ]
        },
        {
          "name" : "LABELS",
          "value" : 
          [
            "D1.06"
          ]
        },
        {
          "name" : "TIMEOUT",
          "value" : 90.0
        },
        {
          "name" : "WORKING_DIRECTORY",
          "value" : "J:/Code/Kernel_v2/build/d1.06-release/tests/contract/host"
        }
      ]
    },
    {
      "backtrace" : 52,
      "command" : 
      [
        "J:/Code/Kernel_v2/build/runtime/python311/python.exe",
        "-X",
        "utf8",
        "J:/Code/Kernel_v2/tests/contract/host/verify_runtime.py",
        "--binary",
        "J:/Code/Kernel_v2/build/d1.06-release/tests/contract/host/Release/ock_host_tests.exe",
        "--case",
        "T22.host.destructor_guard",
        "--work",
        "J:/Code/Kernel_v2/build/d1.06-release/tests/contract/host/child-runs",
        "--runtime-dir",
        "J:/Code/Kernel_v2/build/msvc-validation/e8697b7e3597a578/bin",
        "--fault-binary",
        "J:/Code/Kernel_v2/build/d1.06-release/tests/contract/host/Release/ock_host_fault_tests.exe",
        "--configuration",
        "Release"
      ],
      "config" : "Release",
      "name" : "T22.host.destructor_guard",
      "properties" : 
      [
        {
          "name" : "LABELS",
          "value" : 
          [
            "D1.06"
          ]
        },
        {
          "name" : "TIMEOUT",
          "value" : 120.0
        },
        {
          "name" : "WORKING_DIRECTORY",
          "value" : "J:/Code/Kernel_v2/build/d1.06-release/tests/contract/host"
        }
      ]
    },
    {
      "backtrace" : 54,
      "command" : 
      [
        "J:/Code/Kernel_v2/build/runtime/python311/python.exe",
        "-X",
        "utf8",
        "J:/Code/Kernel_v2/tests/contract/host/verify_runtime.py",
        "--binary",
        "J:/Code/Kernel_v2/build/d1.06-release/tests/contract/host/Release/ock_host_tests.exe",
        "--case",
        "T23.host.allocation_controls",
        "--work",
        "J:/Code/Kernel_v2/build/d1.06-release/tests/contract/host/child-runs",
        "--runtime-dir",
        "J:/Code/Kernel_v2/build/msvc-validation/e8697b7e3597a578/bin",
        "--fault-binary",
        "J:/Code/Kernel_v2/build/d1.06-release/tests/contract/host/Release/ock_host_fault_tests.exe",
        "--configuration",
        "Release"
      ],
      "config" : "Release",
      "name" : "T23.host.allocation_controls",
      "properties" : 
      [
        {
          "name" : "LABELS",
          "value" : 
          [
            "D1.06"
          ]
        },
        {
          "name" : "TIMEOUT",
          "value" : 120.0
        },
        {
          "name" : "WORKING_DIRECTORY",
          "value" : "J:/Code/Kernel_v2/build/d1.06-release/tests/contract/host"
        }
      ]
    },
    {
      "backtrace" : 56,
      "command" : 
      [
        "J:/Code/Kernel_v2/build/runtime/python311/python.exe",
        "-X",
        "utf8",
        "J:/Code/Kernel_v2/tests/contract/host/verify_runtime.py",
        "--binary",
        "J:/Code/Kernel_v2/build/d1.06-release/tests/contract/host/Release/ock_host_tests.exe",
        "--case",
        "T03.host.configuration",
        "--work",
        "J:/Code/Kernel_v2/build/d1.06-release/tests/contract/host/child-runs",
        "--runtime-dir",
        "J:/Code/Kernel_v2/build/msvc-validation/e8697b7e3597a578/bin",
        "--fault-binary",
        "J:/Code/Kernel_v2/build/d1.06-release/tests/contract/host/Release/ock_host_fault_tests.exe",
        "--configuration",
        "Release"
      ],
      "config" : "Release",
      "name" : "T03.host.configuration",
      "properties" : 
      [
        {
          "name" : "LABELS",
          "value" : 
          [
            "D1.06"
          ]
        },
        {
          "name" : "TIMEOUT",
          "value" : 120.0
        },
        {
          "name" : "WORKING_DIRECTORY",
          "value" : "J:/Code/Kernel_v2/build/d1.06-release/tests/contract/host"
        }
      ]
    },
    {
      "backtrace" : 58,
      "command" : 
      [
        "J:/Code/Kernel_v2/build/runtime/python311/python.exe",
        "-X",
        "utf8",
        "J:/Code/Kernel_v2/tests/contract/host/verify_runtime.py",
        "--binary",
        "J:/Code/Kernel_v2/build/d1.06-release/tests/contract/host/Release/ock_host_tests.exe",
        "--case",
        "T03.host.start_failures",
        "--work",
        "J:/Code/Kernel_v2/build/d1.06-release/tests/contract/host/child-runs",
        "--runtime-dir",
        "J:/Code/Kernel_v2/build/msvc-validation/e8697b7e3597a578/bin",
        "--fault-binary",
        "J:/Code/Kernel_v2/build/d1.06-release/tests/contract/host/Release/ock_host_fault_tests.exe",
        "--configuration",
        "Release"
      ],
      "config" : "Release",
      "name" : "T03.host.start_failures",
      "properties" : 
      [
        {
          "name" : "LABELS",
          "value" : 
          [
            "D1.06"
          ]
        },
        {
          "name" : "TIMEOUT",
          "value" : 120.0
        },
        {
          "name" : "WORKING_DIRECTORY",
          "value" : "J:/Code/Kernel_v2/build/d1.06-release/tests/contract/host"
        }
      ]
    },
    {
      "backtrace" : 60,
      "command" : 
      [
        "J:/Code/Kernel_v2/build/runtime/python311/python.exe",
        "-X",
        "utf8",
        "J:/Code/Kernel_v2/tests/contract/host/verify_runtime.py",
        "--binary",
        "J:/Code/Kernel_v2/build/d1.06-release/tests/contract/host/Release/ock_host_tests.exe",
        "--case",
        "T22.host.shutdown_errors",
        "--work",
        "J:/Code/Kernel_v2/build/d1.06-release/tests/contract/host/child-runs",
        "--runtime-dir",
        "J:/Code/Kernel_v2/build/msvc-validation/e8697b7e3597a578/bin",
        "--fault-binary",
        "J:/Code/Kernel_v2/build/d1.06-release/tests/contract/host/Release/ock_host_fault_tests.exe",
        "--configuration",
        "Release"
      ],
      "config" : "Release",
      "name" : "T22.host.shutdown_errors",
      "properties" : 
      [
        {
          "name" : "LABELS",
          "value" : 
          [
            "D1.06"
          ]
        },
        {
          "name" : "TIMEOUT",
          "value" : 120.0
        },
        {
          "name" : "WORKING_DIRECTORY",
          "value" : "J:/Code/Kernel_v2/build/d1.06-release/tests/contract/host"
        }
      ]
    },
    {
      "command" : 
      [
        "J:/Code/Kernel_v2/build/runtime/python311/python.exe",
        "-X",
        "utf8",
        "J:/Code/Kernel_v2/tests/conformance/logging/verify_contract.py",
        "--binary",
        "J:/Code/Kernel_v2/build/d1.06-release/tests/conformance/logging/Release/ock_logging_tests.exe",
        "--case",
        "T22.logging.memory.accept_reject_drop_accounting",
        "--run-id",
        "d2949b084f184f6fbe914107",
        "--binding",
        "J:/Code/Kernel_v2/build/d1.06-release/tests/conformance/logging/logging-binding.json",
        "--work",
        "J:/Code/Kernel_v2/build/d1.06-release/tests/conformance/logging/child-runs"
      ],
      "config" : "Release",
      "name" : "T22.logging.memory.accept_reject_drop_accounting",
      "properties" : 
      [
        {
          "name" : "ENVIRONMENT_MODIFICATION",
          "value" : 
          [
            "PATH=path_list_prepend:J:/Code/Kernel_v2/build/msvc-validation/e8697b7e3597a578/bin"
          ]
        },
        {
          "name" : "TIMEOUT",
          "value" : 90.0
        },
        {
          "name" : "WORKING_DIRECTORY",
          "value" : "J:/Code/Kernel_v2/build/d1.06-release/tests/conformance/logging"
        }
      ]
    },
    {
      "command" : 
      [
        "J:/Code/Kernel_v2/build/runtime/python311/python.exe",
        "-X",
        "utf8",
        "J:/Code/Kernel_v2/tests/conformance/logging/verify_contract.py",
        "--binary",
        "J:/Code/Kernel_v2/build/d1.06-release/tests/conformance/logging/Release/ock_logging_tests.exe",
        "--case",
        "T22.logging.memory.format_redaction",
        "--run-id",
        "d2949b084f184f6fbe914107",
        "--binding",
        "J:/Code/Kernel_v2/build/d1.06-release/tests/conformance/logging/logging-binding.json",
        "--work",
        "J:/Code/Kernel_v2/build/d1.06-release/tests/conformance/logging/child-runs"
      ],
      "config" : "Release",
      "name" : "T22.logging.memory.format_redaction",
      "properties" : 
      [
        {
          "name" : "ENVIRONMENT_MODIFICATION",
          "value" : 
          [
            "PATH=path_list_prepend:J:/Code/Kernel_v2/build/msvc-validation/e8697b7e3597a578/bin"
          ]
        },
        {
          "name" : "TIMEOUT",
          "value" : 90.0
        },
        {
          "name" : "WORKING_DIRECTORY",
          "value" : "J:/Code/Kernel_v2/build/d1.06-release/tests/conformance/logging"
        }
      ]
    },
    {
      "command" : 
      [
        "J:/Code/Kernel_v2/build/runtime/python311/python.exe",
        "-X",
        "utf8",
        "J:/Code/Kernel_v2/tests/conformance/logging/verify_contract.py",
        "--binary",
        "J:/Code/Kernel_v2/build/d1.06-release/tests/conformance/logging/Release/ock_logging_tests.exe",
        "--case",
        "T22.logging.memory.error_isolation",
        "--run-id",
        "d2949b084f184f6fbe914107",
        "--binding",
        "J:/Code/Kernel_v2/build/d1.06-release/tests/conformance/logging/logging-binding.json",
        "--work",
        "J:/Code/Kernel_v2/build/d1.06-release/tests/conformance/logging/child-runs"
      ],
      "config" : "Release",
      "name" : "T22.logging.memory.error_isolation",
      "properties" : 
      [
        {
          "name" : "ENVIRONMENT_MODIFICATION",
          "value" : 
          [
            "PATH=path_list_prepend:J:/Code/Kernel_v2/build/msvc-validation/e8697b7e3597a578/bin"
          ]
        },
        {
          "name" : "TIMEOUT",
          "value" : 90.0
        },
        {
          "name" : "WORKING_DIRECTORY",
          "value" : "J:/Code/Kernel_v2/build/d1.06-release/tests/conformance/logging"
        }
      ]
    },
    {
      "command" : 
      [
        "J:/Code/Kernel_v2/build/runtime/python311/python.exe",
        "-X",
        "utf8",
        "J:/Code/Kernel_v2/tests/conformance/logging/verify_contract.py",
        "--binary",
        "J:/Code/Kernel_v2/build/d1.06-release/tests/conformance/logging/Release/ock_logging_tests.exe",
        "--case",
        "T22.logging.memory.flush_accepted_range",
        "--run-id",
        "d2949b084f184f6fbe914107",
        "--binding",
        "J:/Code/Kernel_v2/build/d1.06-release/tests/conformance/logging/logging-binding.json",
        "--work",
        "J:/Code/Kernel_v2/build/d1.06-release/tests/conformance/logging/child-runs"
      ],
      "config" : "Release",
      "name" : "T22.logging.memory.flush_accepted_range",
      "properties" : 
      [
        {
          "name" : "ENVIRONMENT_MODIFICATION",
          "value" : 
          [
            "PATH=path_list_prepend:J:/Code/Kernel_v2/build/msvc-validation/e8697b7e3597a578/bin"
          ]
        },
        {
          "name" : "TIMEOUT",
          "value" : 90.0
        },
        {
          "name" : "WORKING_DIRECTORY",
          "value" : "J:/Code/Kernel_v2/build/d1.06-release/tests/conformance/logging"
        }
      ]
    },
    {
      "command" : 
      [
        "J:/Code/Kernel_v2/build/runtime/python311/python.exe",
        "-X",
        "utf8",
        "J:/Code/Kernel_v2/tests/conformance/logging/verify_contract.py",
        "--binary",
        "J:/Code/Kernel_v2/build/d1.06-release/tests/conformance/logging/Release/ock_logging_tests.exe",
        "--case",
        "T22.logging.memory.shutdown_callback_lifetime",
        "--run-id",
        "d2949b084f184f6fbe914107",
        "--binding",
        "J:/Code/Kernel_v2/build/d1.06-release/tests/conformance/logging/logging-binding.json",
        "--work",
        "J:/Code/Kernel_v2/build/d1.06-release/tests/conformance/logging/child-runs"
      ],
      "config" : "Release",
      "name" : "T22.logging.memory.shutdown_callback_lifetime",
      "properties" : 
      [
        {
          "name" : "ENVIRONMENT_MODIFICATION",
          "value" : 
          [
            "PATH=path_list_prepend:J:/Code/Kernel_v2/build/msvc-validation/e8697b7e3597a578/bin"
          ]
        },
        {
          "name" : "TIMEOUT",
          "value" : 90.0
        },
        {
          "name" : "WORKING_DIRECTORY",
          "value" : "J:/Code/Kernel_v2/build/d1.06-release/tests/conformance/logging"
        }
      ]
    },
    {
      "command" : 
      [
        "J:/Code/Kernel_v2/build/runtime/python311/python.exe",
        "-X",
        "utf8",
        "J:/Code/Kernel_v2/tests/conformance/logging/verify_contract.py",
        "--binary",
        "J:/Code/Kernel_v2/build/d1.06-release/tests/conformance/logging/Release/ock_logging_tests.exe",
        "--case",
        "T22.logging.test.accept_reject_drop_accounting",
        "--run-id",
        "d2949b084f184f6fbe914107",
        "--binding",
        "J:/Code/Kernel_v2/build/d1.06-release/tests/conformance/logging/logging-binding.json",
        "--work",
        "J:/Code/Kernel_v2/build/d1.06-release/tests/conformance/logging/child-runs"
      ],
      "config" : "Release",
      "name" : "T22.logging.test.accept_reject_drop_accounting",
      "properties" : 
      [
        {
          "name" : "ENVIRONMENT_MODIFICATION",
          "value" : 
          [
            "PATH=path_list_prepend:J:/Code/Kernel_v2/build/msvc-validation/e8697b7e3597a578/bin"
          ]
        },
        {
          "name" : "TIMEOUT",
          "value" : 90.0
        },
        {
          "name" : "WORKING_DIRECTORY",
          "value" : "J:/Code/Kernel_v2/build/d1.06-release/tests/conformance/logging"
        }
      ]
    },
    {
      "command" : 
      [
        "J:/Code/Kernel_v2/build/runtime/python311/python.exe",
        "-X",
        "utf8",
        "J:/Code/Kernel_v2/tests/conformance/logging/verify_contract.py",
        "--binary",
        "J:/Code/Kernel_v2/build/d1.06-release/tests/conformance/logging/Release/ock_logging_tests.exe",
        "--case",
        "T22.logging.test.format_redaction",
        "--run-id",
        "d2949b084f184f6fbe914107",
        "--binding",
        "J:/Code/Kernel_v2/build/d1.06-release/tests/conformance/logging/logging-binding.json",
        "--work",
        "J:/Code/Kernel_v2/build/d1.06-release/tests/conformance/logging/child-runs"
      ],
      "config" : "Release",
      "name" : "T22.logging.test.format_redaction",
      "properties" : 
      [
        {
          "name" : "ENVIRONMENT_MODIFICATION",
          "value" : 
          [
            "PATH=path_list_prepend:J:/Code/Kernel_v2/build/msvc-validation/e8697b7e3597a578/bin"
          ]
        },
        {
          "name" : "TIMEOUT",
          "value" : 90.0
        },
        {
          "name" : "WORKING_DIRECTORY",
          "value" : "J:/Code/Kernel_v2/build/d1.06-release/tests/conformance/logging"
        }
      ]
    },
    {
      "command" : 
      [
        "J:/Code/Kernel_v2/build/runtime/python311/python.exe",
        "-X",
        "utf8",
        "J:/Code/Kernel_v2/tests/conformance/logging/verify_contract.py",
        "--binary",
        "J:/Code/Kernel_v2/build/d1.06-release/tests/conformance/logging/Release/ock_logging_tests.exe",
        "--case",
        "T22.logging.test.error_isolation",
        "--run-id",
        "d2949b084f184f6fbe914107",
        "--binding",
        "J:/Code/Kernel_v2/build/d1.06-release/tests/conformance/logging/logging-binding.json",
        "--work",
        "J:/Code/Kernel_v2/build/d1.06-release/tests/conformance/logging/child-runs"
      ],
      "config" : "Release",
      "name" : "T22.logging.test.error_isolation",
      "properties" : 
      [
        {
          "name" : "ENVIRONMENT_MODIFICATION",
          "value" : 
          [
            "PATH=path_list_prepend:J:/Code/Kernel_v2/build/msvc-validation/e8697b7e3597a578/bin"
          ]
        },
        {
          "name" : "TIMEOUT",
          "value" : 90.0
        },
        {
          "name" : "WORKING_DIRECTORY",
          "value" : "J:/Code/Kernel_v2/build/d1.06-release/tests/conformance/logging"
        }
      ]
    },
    {
      "command" : 
      [
        "J:/Code/Kernel_v2/build/runtime/python311/python.exe",
        "-X",
        "utf8",
        "J:/Code/Kernel_v2/tests/conformance/logging/verify_contract.py",
        "--binary",
        "J:/Code/Kernel_v2/build/d1.06-release/tests/conformance/logging/Release/ock_logging_tests.exe",
        "--case",
        "T22.logging.test.flush_accepted_range",
        "--run-id",
        "d2949b084f184f6fbe914107",
        "--binding",
        "J:/Code/Kernel_v2/build/d1.06-release/tests/conformance/logging/logging-binding.json",
        "--work",
        "J:/Code/Kernel_v2/build/d1.06-release/tests/conformance/logging/child-runs"
      ],
      "config" : "Release",
      "name" : "T22.logging.test.flush_accepted_range",
      "properties" : 
      [
        {
          "name" : "ENVIRONMENT_MODIFICATION",
          "value" : 
          [
            "PATH=path_list_prepend:J:/Code/Kernel_v2/build/msvc-validation/e8697b7e3597a578/bin"
          ]
        },
        {
          "name" : "TIMEOUT",
          "value" : 90.0
        },
        {
          "name" : "WORKING_DIRECTORY",
          "value" : "J:/Code/Kernel_v2/build/d1.06-release/tests/conformance/logging"
        }
      ]
    },
    {
      "command" : 
      [
        "J:/Code/Kernel_v2/build/runtime/python311/python.exe",
        "-X",
        "utf8",
        "J:/Code/Kernel_v2/tests/conformance/logging/verify_contract.py",
        "--binary",
        "J:/Code/Kernel_v2/build/d1.06-release/tests/conformance/logging/Release/ock_logging_tests.exe",
        "--case",
        "T22.logging.test.shutdown_callback_lifetime",
        "--run-id",
        "d2949b084f184f6fbe914107",
        "--binding",
        "J:/Code/Kernel_v2/build/d1.06-release/tests/conformance/logging/logging-binding.json",
        "--work",
        "J:/Code/Kernel_v2/build/d1.06-release/tests/conformance/logging/child-runs"
      ],
      "config" : "Release",
      "name" : "T22.logging.test.shutdown_callback_lifetime",
      "properties" : 
      [
        {
          "name" : "ENVIRONMENT_MODIFICATION",
          "value" : 
          [
            "PATH=path_list_prepend:J:/Code/Kernel_v2/build/msvc-validation/e8697b7e3597a578/bin"
          ]
        },
        {
          "name" : "TIMEOUT",
          "value" : 90.0
        },
        {
          "name" : "WORKING_DIRECTORY",
          "value" : "J:/Code/Kernel_v2/build/d1.06-release/tests/conformance/logging"
        }
      ]
    },
    {
      "command" : 
      [
        "J:/Code/Kernel_v2/build/runtime/python311/python.exe",
        "-X",
        "utf8",
        "J:/Code/Kernel_v2/tests/conformance/logging/verify_contract.py",
        "--binary",
        "J:/Code/Kernel_v2/build/d1.06-release/tests/conformance/logging/Release/ock_logging_tests.exe",
        "--case",
        "T19.logging.memory_pages",
        "--run-id",
        "d2949b084f184f6fbe914107",
        "--binding",
        "J:/Code/Kernel_v2/build/d1.06-release/tests/conformance/logging/logging-binding.json",
        "--work",
        "J:/Code/Kernel_v2/build/d1.06-release/tests/conformance/logging/child-runs"
      ],
      "config" : "Release",
      "name" : "T19.logging.memory_pages",
      "properties" : 
      [
        {
          "name" : "ENVIRONMENT_MODIFICATION",
          "value" : 
          [
            "PATH=path_list_prepend:J:/Code/Kernel_v2/build/msvc-validation/e8697b7e3597a578/bin"
          ]
        },
        {
          "name" : "TIMEOUT",
          "value" : 90.0
        },
        {
          "name" : "WORKING_DIRECTORY",
          "value" : "J:/Code/Kernel_v2/build/d1.06-release/tests/conformance/logging"
        }
      ]
    },
    {
      "command" : 
      [
        "J:/Code/Kernel_v2/build/runtime/python311/python.exe",
        "-X",
        "utf8",
        "J:/Code/Kernel_v2/tests/conformance/logging/verify_contract.py",
        "--binary",
        "J:/Code/Kernel_v2/build/d1.06-release/tests/conformance/logging/Release/ock_logging_tests.exe",
        "--case",
        "T23.logging.fixed_write_allocation",
        "--run-id",
        "d2949b084f184f6fbe914107",
        "--binding",
        "J:/Code/Kernel_v2/build/d1.06-release/tests/conformance/logging/logging-binding.json",
        "--work",
        "J:/Code/Kernel_v2/build/d1.06-release/tests/conformance/logging/child-runs"
      ],
      "config" : "Release",
      "name" : "T23.logging.fixed_write_allocation",
      "properties" : 
      [
        {
          "name" : "DEPENDS",
          "value" : 
          [
            "T22.logging.memory.accept_reject_drop_accounting",
            "T22.logging.memory.format_redaction",
            "T22.logging.memory.error_isolation",
            "T22.logging.memory.flush_accepted_range",
            "T22.logging.memory.shutdown_callback_lifetime",
            "T22.logging.test.accept_reject_drop_accounting",
            "T22.logging.test.format_redaction",
            "T22.logging.test.error_isolation",
            "T22.logging.test.flush_accepted_range",
            "T22.logging.test.shutdown_callback_lifetime",
            "T19.logging.memory_pages"
          ]
        },
        {
          "name" : "ENVIRONMENT_MODIFICATION",
          "value" : 
          [
            "PATH=path_list_prepend:J:/Code/Kernel_v2/build/msvc-validation/e8697b7e3597a578/bin"
          ]
        },
        {
          "name" : "TIMEOUT",
          "value" : 90.0
        },
        {
          "name" : "WORKING_DIRECTORY",
          "value" : "J:/Code/Kernel_v2/build/d1.06-release/tests/conformance/logging"
        }
      ]
    }
  ],
  "version" : 
  {
    "major" : 1,
    "minor" : 0
  }
}